# This file is brought to you by Roblox Corporation
# Generated by Roblox Studio

mtllib avatar.mtl

g Handle1

v -0.80946 8.82133 0.284623 
v -0.829935 9.18254 0.35242 
v -0.747745 9.14938 0.110965 
v -0.72341 8.78598 0.0998871 
v -0.807915 9.40671 0.355336 
v -0.74676 9.3892 0.110112 
v -0.64966 9.62209 0.0986266 
v -0.690385 9.62439 0.341707 
v -0.449439 9.74053 0.296279 
v -0.433604 9.73401 0.0528612 
v 0.10575 9.79144 0.172002 
v 0.101782 9.74782 -0.0568086 
v -0.217154 9.77939 0.00957176 
v -0.214004 9.78914 0.253246 
v 0.226518 9.70417 0.12019 
v 0.218162 9.64751 -0.08488 
v -0.660985 8.82073 0.289442 
v -0.574935 8.78539 0.130656 
v -0.59893 9.14045 0.128452 
v -0.681125 9.17361 0.358988 
v -0.599025 9.31091 0.125916 
v -0.66018 9.32842 0.370625 
v -0.53936 9.47645 0.112795 
v -0.367834 9.56642 0.0677082 
v -0.403424 9.57295 0.315274 
v -0.58009 9.47875 0.365464 
v 0.0387428 9.59047 0.179615 
v -0.206279 9.60482 0.268611 
v -0.174604 9.59507 0.0249368 
v 0.0732901 9.57593 -0.0491946 
v 0.234135 9.57881 0.101044 
v 0.233552 9.55252 -0.100109 
v -0.660985 8.82073 0.289442 
v -0.681125 9.17361 0.358988 
v -0.59893 9.14045 0.128452 
v -0.574935 8.78539 0.130656 
v -0.574935 8.78539 0.130656 
v -0.660985 8.82073 0.289442 
v -0.66018 9.32842 0.370625 
v -0.599025 9.31091 0.125916 
v -0.58009 9.47875 0.365464 
v -0.403424 9.57295 0.315274 
v -0.367834 9.56642 0.0677082 
v -0.53936 9.47645 0.112795 
v 0.0732901 9.57593 -0.0491946 
v -0.174604 9.59507 0.0249368 
v -0.206279 9.60482 0.268611 
v 0.0387428 9.59047 0.179615 
v 0.233552 9.55252 -0.100109 
v 0.234135 9.57881 0.101044 
v 0.234135 9.57881 0.101044 
v 0.233552 9.55252 -0.100109 
v -0.53936 9.47645 0.112795 
v -0.58009 9.47875 0.365464 
v 0.199714 9.64996 -0.120469 
v 0.233552 9.55252 -0.100109 
v 0.242066 9.50622 -0.205126 
v 0.209275 9.59869 -0.250966 
v -0.198529 9.73457 -0.184556 
v -0.025344 9.76196 -0.156681 
v 0.00333458 9.70294 -0.357986 
v -0.145734 9.67284 -0.408096 
v -0.55191 9.47115 -0.254466 
v -0.354259 9.66638 -0.213991 
v -0.264504 9.60823 -0.434756 
v -0.437944 9.42347 -0.457636 
v -0.701685 9.08286 -0.247773 
v -0.658655 9.26228 -0.259271 
v -0.53162 9.2316 -0.464291 
v -0.56549 9.06382 -0.450856 
v -0.69408 8.94328 -0.217414 
v -0.565645 8.86225 -0.391381 
v 0.0818236 9.56713 -0.103772 
v 0.0925852 9.58492 -0.276926 
v 0.242066 9.50622 -0.205126 
v 0.233552 9.55252 -0.100109 
v -0.156164 9.55948 -0.127536 
v -0.103369 9.54725 -0.351076 
v 0.00907604 9.58875 -0.314751 
v -0.0195991 9.57298 -0.113449 
v -0.432859 9.37623 -0.194581 
v -0.359724 9.35009 -0.389856 
v -0.209949 9.50313 -0.374646 
v -0.299704 9.51179 -0.153886 
v -0.566625 9.07947 -0.183643 
v -0.471624 9.06043 -0.373486 
v -0.443854 9.19349 -0.398336 
v -0.529635 9.20253 -0.193316 
v -0.55614 8.96208 -0.160797 
v -0.468906 8.88106 -0.314534 
v 0.0818236 9.56713 -0.103772 
v 0.233552 9.55252 -0.100109 
v 0.103282 9.74765 -0.136771 
v 0.242066 9.50622 -0.205126 
v 0.0925852 9.58492 -0.276926 
v 0.114044 9.69065 -0.309921 
v -0.156164 9.55948 -0.127536 
v -0.0195991 9.57298 -0.113449 
v 0.00907604 9.58875 -0.314751 
v -0.103369 9.54725 -0.351076 
v -0.432859 9.37623 -0.194581 
v -0.299704 9.51179 -0.153886 
v -0.209949 9.50313 -0.374646 
v -0.359724 9.35009 -0.389856 
v -0.566625 9.07947 -0.183643 
v -0.529635 9.20253 -0.193316 
v -0.443854 9.19349 -0.398336 
v -0.471624 9.06043 -0.373486 
v -0.55614 8.96208 -0.160797 
v -0.468906 8.88106 -0.314534 
v -0.468906 8.88106 -0.314534 
v -0.55614 8.96208 -0.160797 
v -0.103369 9.54725 -0.351076 
v -0.156164 9.55948 -0.127536 
v 0.246073 9.59681 0.365034 
v 0.23417 9.55694 0.0443975 
v 0.206629 9.67568 0.0370035 
v 0.204826 9.72788 0.358051 
v 0.0357952 9.80234 0.359225 
v 0.0561531 9.75366 0.0422454 
v -0.256499 9.76301 0.118214 
v -0.259674 9.79914 0.442627 
v -0.497199 9.69416 0.221248 
v -0.471254 9.71101 0.529439 
v -0.805485 9.40577 0.384997 
v -0.742845 9.4038 0.666329 
v -0.65523 9.57048 0.604927 
v -0.706505 9.57042 0.310842 
v -0.826785 8.76713 0.770189 
v -0.81945 8.87524 0.738884 
v -0.89094 8.86843 0.487908 
v -0.899535 8.76528 0.525783 
v 0.246073 9.59681 0.365034 
v 0.0286742 9.67115 0.385062 
v 0.0490319 9.62249 0.0680824 
v 0.23417 9.55694 0.0443975 
v -0.229334 9.66769 0.45746 
v -0.226154 9.63156 0.133047 
v -0.443074 9.58687 0.22497 
v -0.417129 9.60372 0.533161 
v -0.69159 9.35252 0.360086 
v -0.6317 9.48414 0.304902 
v -0.580425 9.4842 0.598987 
v -0.628945 9.35055 0.641418 
v -0.71296 8.7181 0.726684 
v -0.785705 8.71625 0.482279 
v -0.773035 8.83628 0.44546 
v -0.701545 8.84309 0.696439 
v 0.23417 9.55694 0.0443975 
v 0.0490319 9.62249 0.0680824 
v 0.0286742 9.67115 0.385062 
v 0.246073 9.59681 0.365034 
v -0.226154 9.63156 0.133047 
v -0.229334 9.66769 0.45746 
v -0.417129 9.60372 0.533161 
v -0.443074 9.58687 0.22497 
v -0.628945 9.35055 0.641418 
v -0.580425 9.4842 0.598987 
v -0.6317 9.48414 0.304902 
v -0.69159 9.35252 0.360086 
v -0.71296 8.7181 0.726684 
v -0.701545 8.84309 0.696439 
v -0.773035 8.83628 0.44546 
v -0.785705 8.71625 0.482279 
v -0.785705 8.71625 0.482279 
v -0.71296 8.7181 0.726684 
v -0.735485 9.20245 0.409744 
v -0.75591 8.96547 0.42998 
v -0.877785 8.98119 0.4714 
v -0.85637 9.22716 0.449085 
v -0.68564 8.9771 0.687354 
v -0.75591 8.96547 0.42998 
v -0.735485 9.20245 0.409744 
v -0.663015 9.19872 0.680054 
v -0.807515 8.99282 0.728774 
v -0.68564 8.9771 0.687354 
v -0.663015 9.19872 0.680054 
v -0.7839 9.22344 0.719394 
v -0.228239 9.77948 0.663834 
v 0.0863663 9.77111 0.570698 
v 0.051096 9.78587 0.34006 
v -0.276539 9.77875 0.434959 
v -0.5375 9.4524 0.888604 
v -0.478349 9.60304 0.818104 
v -0.61798 9.61683 0.646856 
v -0.69106 9.44921 0.727119 
v 0.186173 9.71931 0.321041 
v 0.17738 9.71424 0.562439 
v 0.230929 9.5891 0.553692 
v 0.246073 9.59681 0.304494 
v -0.529065 9.09769 1.02803 
v -0.554855 9.30216 0.958919 
v -0.722315 9.28202 0.807174 
v -0.69498 9.06383 0.869054 
v -0.467399 9.72716 0.531314 
v -0.370864 9.72022 0.729754 
v -0.212259 9.67656 0.650974 
v -0.260559 9.67583 0.422099 
v 0.0300527 9.68238 0.336648 
v 0.0653233 9.66762 0.567286 
v -0.478869 9.39914 0.833094 
v -0.632435 9.39594 0.671609 
v -0.567915 9.54242 0.60448 
v -0.428284 9.52863 0.775729 
v 0.246073 9.59681 0.304494 
v 0.230929 9.5891 0.553692 
v -0.459584 9.08376 0.953924 
v -0.625495 9.0499 0.794949 
v -0.65515 9.24985 0.738559 
v -0.487689 9.26999 0.890304 
v -0.433419 9.6393 0.502864 
v -0.336879 9.63236 0.701304 
v -0.212259 9.67656 0.650974 
v 0.0653233 9.66762 0.567286 
v 0.0300527 9.68238 0.336648 
v -0.260559 9.67583 0.422099 
v -0.478869 9.39914 0.833094 
v -0.428284 9.52863 0.775729 
v -0.567915 9.54242 0.60448 
v -0.632435 9.39594 0.671609 
v 0.230929 9.5891 0.553692 
v 0.246073 9.59681 0.304494 
v -0.459584 9.08376 0.953924 
v -0.487689 9.26999 0.890304 
v -0.65515 9.24985 0.738559 
v -0.625495 9.0499 0.794949 
v -0.625495 9.0499 0.794949 
v -0.459584 9.08376 0.953924 
v -0.336879 9.63236 0.701304 
v -0.433419 9.6393 0.502864 
v -0.27633 9.24312 1.12376 
v -0.449359 9.24418 1.00312 
v -0.418 8.94164 1.07066 
v -0.226205 8.93216 1.18626 
v -0.279534 9.51243 1.036 
v -0.423869 9.51962 0.899009 
v -0.225419 9.62228 0.967079 
v -0.351394 9.63583 0.807624 
v 0.017971 9.73398 0.863549 
v -0.0566342 9.76439 0.663079 
v -0.239094 9.71209 0.736644 
v -0.133734 9.69138 0.921309 
v 0.188888 9.68537 0.57119 
v 0.111191 9.75941 0.595414 
v 0.157511 9.72007 0.810419 
v 0.211834 9.65452 0.794924 
v -0.218349 9.22774 1.04405 
v -0.1714 8.93006 1.10192 
v -0.363199 8.93954 0.986319 
v -0.391379 9.22881 0.923414 
v -0.225319 9.45719 0.977174 
v -0.369659 9.46438 0.840179 
v -0.310384 9.56281 0.762724 
v -0.184409 9.54925 0.922179 
v 0.0193825 9.63817 0.843644 
v -0.107544 9.59838 0.892044 
v -0.212904 9.61909 0.707379 
v -0.0552242 9.66858 0.643173 
v 0.230929 9.5891 0.553692 
v 0.227854 9.56621 0.787534 
v 0.13613 9.62167 0.799124 
v 0.0898098 9.661 0.584116 
v -0.391379 9.22881 0.923414 
v -0.363199 8.93954 0.986319 
v -0.363199 8.93954 0.986319 
v -0.1714 8.93006 1.10192 
v -0.1714 8.93006 1.10192 
v -0.218349 9.22774 1.04405 
v -0.369659 9.46438 0.840179 
v -0.225319 9.45719 0.977174 
v -0.310384 9.56281 0.762724 
v -0.184409 9.54925 0.922179 
v -0.0552242 9.66858 0.643173 
v -0.212904 9.61909 0.707379 
v -0.107544 9.59838 0.892044 
v 0.0193825 9.63817 0.843644 
v 0.230929 9.5891 0.553692 
v 0.0898098 9.661 0.584116 
v 0.13613 9.62167 0.799124 
v 0.227854 9.56621 0.787534 
v 0.230929 9.5891 0.553692 
v 0.227854 9.56621 0.787534 
v -0.212904 9.61909 0.707379 
v -0.107544 9.59838 0.892044 
v -0.13501 9.22502 1.16978 
v -0.295514 9.226 1.05788 
v -0.266425 8.94536 1.12053 
v -0.0885096 8.93657 1.22777 
v -0.156419 9.41959 1.17743 
v -0.290309 9.42626 1.05035 
v -0.160904 9.60711 0.914069 
v -0.0631744 9.5879 1.08536 
v 0.0623476 9.65923 1.01728 
v -0.00739449 9.68728 0.831599 
v 0.21153 9.62787 0.786529 
v 0.139456 9.69654 0.779364 
v 0.182424 9.66004 0.978809 
v 0.232814 9.59925 0.960429 
v -0.0812245 9.21075 1.09585 
v -0.0376747 8.93462 1.14953 
v -0.215589 8.94341 1.04229 
v -0.241729 9.21174 0.983944 
v -0.106134 9.36835 1.12286 
v -0.240024 9.37502 0.995779 
v -0.136609 9.52084 0.886924 
v -0.0388796 9.50163 1.05822 
v 0.0640896 9.5704 0.998654 
v -0.00565449 9.59845 0.812969 
v 0.227854 9.56621 0.787534 
v 0.247674 9.51733 0.957574 
v 0.162591 9.56877 0.968329 
v 0.119624 9.60526 0.768884 
v -0.241729 9.21174 0.983944 
v -0.215589 8.94341 1.04229 
v -0.215589 8.94341 1.04229 
v -0.0376747 8.93462 1.14953 
v -0.0376747 8.93462 1.14953 
v -0.0812245 9.21075 1.09585 
v -0.240024 9.37502 0.995779 
v -0.106134 9.36835 1.12286 
v -0.136609 9.52084 0.886924 
v -0.240024 9.37502 0.995779 
v -0.106134 9.36835 1.12286 
v -0.0388796 9.50163 1.05822 
v -0.00565449 9.59845 0.812969 
v 0.0640896 9.5704 0.998654 
v 0.227854 9.56621 0.787534 
v 0.119624 9.60526 0.768884 
v 0.162591 9.56877 0.968329 
v 0.247674 9.51733 0.957574 
v 0.227854 9.56621 0.787534 
v 0.247674 9.51733 0.957574 
v 0.0131803 9.34288 1.27023 
v -0.132929 9.40248 1.18599 
v -0.15826 9.23725 1.22143 
v -0.0146398 9.19831 1.30144 
v 0.122402 9.53703 1.17846 
v 0.0355374 9.61399 1.05855 
v -0.0409046 9.57655 1.10807 
v 0.0898215 9.50671 1.19805 
v -0.14666 9.02856 1.24873 
v 0.00602319 8.97086 1.3296 
v -0.0987095 9.50527 1.16038 
v 0.0389628 9.44005 1.24777 
v 0.051142 9.30059 1.17952 
v 0.0317083 9.17895 1.20724 
v -0.111909 9.21789 1.12723 
v -0.0949694 9.3602 1.09528 
v 0.15092 9.47093 1.1073 
v 0.105369 9.42943 1.12955 
v -0.0253596 9.49927 1.03957 
v 0.0699541 9.52686 1.01439 
v 0.0549589 8.96209 1.2347 
v -0.0977245 9.0198 1.15383 
v -0.0730444 9.44378 1.08185 
v 0.0646315 9.37857 1.16924 
v -0.0949694 9.3602 1.09528 
v -0.111909 9.21789 1.12723 
v 0.0317083 9.17895 1.20724 
v 0.051142 9.30059 1.17952 
v 0.0699541 9.52686 1.01439 
v -0.0253596 9.49927 1.03957 
v 0.105369 9.42943 1.12955 
v 0.15092 9.47093 1.1073 
v -0.0977245 9.0198 1.15383 
v -0.0977245 9.0198 1.15383 
v 0.0549589 8.96209 1.2347 
v 0.0549589 8.96209 1.2347 
v 0.0646315 9.37857 1.16924 
v -0.0730444 9.44378 1.08185 
v 0.235853 9.48734 1.05591 
v 0.247674 9.51733 0.957574 
v 0.178076 9.62282 0.956334 
v 0.183151 9.53259 1.13204 
v 0.247674 9.51733 0.957574 
v 0.235853 9.48734 1.05591 
v 0.247674 9.51733 0.957574 
v 0.235853 9.48734 1.05591 
v 0.0646315 9.37857 1.16924 
v -0.0730444 9.44378 1.08185 
v 0.237769 8.93056 1.25513 
v 0.231 9.18046 1.25622 
v 0.0417268 9.16936 1.24203 
v 0.0528909 8.93741 1.23644 
v 0.234443 9.35742 1.23713 
v 0.0486958 9.36198 1.22955 
v 0.234346 9.51605 1.15431 
v 0.235853 9.48734 1.05591 
v 0.0548061 9.46635 1.06796 
v 0.059435 9.51563 1.15958 
v 0.245354 8.93228 1.16863 
v 0.060475 8.93914 1.14994 
v 0.0480843 9.16666 1.15556 
v 0.237357 9.17777 1.16975 
v 0.051324 9.34002 1.1466 
v 0.237072 9.33547 1.15418 
v 0.234443 9.45531 1.09847 
v 0.0595321 9.45488 1.10374 
v 0.0548061 9.46635 1.06796 
v 0.235853 9.48734 1.05591 
v 0.245354 8.93228 1.16863 
v 0.237357 9.17777 1.16975 
v 0.0480843 9.16666 1.15556 
v 0.060475 8.93914 1.14994 
v 0.060475 8.93914 1.14994 
v 0.245354 8.93228 1.16863 
v 0.237072 9.33547 1.15418 
v 0.051324 9.34002 1.1466 
v 0.234443 9.45531 1.09847 
v 0.235853 9.48734 1.05591 
v 0.0548061 9.46635 1.06796 
v 0.0595321 9.45488 1.10374 
v 0.237072 9.33547 1.15418 
v 0.051324 9.34002 1.1466 
v 0.760075 8.96369 0.363145 
v 0.72078 8.92834 0.145606 
v 0.77616 9.15571 0.143493 
v 0.812055 9.16219 0.358374 
v 0.79098 9.41602 0.117285 
v 0.744835 9.58459 0.0683212 
v 0.75927 9.57617 0.288988 
v 0.82298 9.38946 0.329122 
v 0.513705 9.77538 0.196434 
v 0.6309 9.72021 0.235293 
v 0.63405 9.71047 0.0171922 
v 0.51623 9.74991 -0.0232664 
v 0.247711 9.70417 0.12019 
v 0.378383 9.79144 0.151563 
v 0.380175 9.74782 -0.0568085 
v 0.251817 9.64751 -0.08488 
v 0.65421 8.96309 0.360554 
v 0.68566 9.13925 0.357588 
v 0.64977 9.13277 0.129616 
v 0.614915 8.92774 0.126864 
v 0.641095 9.3675 0.108978 
v 0.67309 9.34094 0.330403 
v 0.631695 9.48625 0.297304 
v 0.60975 9.49467 0.0718387 
v 0.471812 9.61168 0.234903 
v 0.464143 9.59971 0.0080426 
v 0.513795 9.57905 0.0325571 
v 0.525675 9.58879 0.250658 
v 0.227275 9.57881 0.158235 
v 0.227858 9.55252 -0.0514055 
v 0.406804 9.57593 -0.00708741 
v 0.409615 9.59047 0.21671 
v 0.68566 9.13925 0.357588 
v 0.65421 8.96309 0.360554 
v 0.614915 8.92774 0.126864 
v 0.65421 8.96309 0.360554 
v 0.614915 8.92774 0.126864 
v 0.64977 9.13277 0.129616 
v 0.67309 9.34094 0.330403 
v 0.631695 9.48625 0.297304 
v 0.60975 9.49467 0.0718387 
v 0.641095 9.3675 0.108978 
v 0.464143 9.59971 0.0080426 
v 0.513795 9.57905 0.0325571 
v 0.525675 9.58879 0.250658 
v 0.471812 9.61168 0.234903 
v 0.227858 9.55252 -0.0514055 
v 0.406804 9.57593 -0.00708741 
v 0.409615 9.59047 0.21671 
v 0.227275 9.57881 0.158235 
v 0.227275 9.57881 0.158235 
v 0.227858 9.55252 -0.0514055 
v 0.464143 9.59971 0.0080426 
v 0.471812 9.61168 0.234903 
v 0.242724 9.64996 -0.120469 
v 0.244696 9.59869 -0.250966 
v 0.242066 9.50622 -0.205126 
v 0.233552 9.55252 -0.100109 
v 0.51316 9.69093 -0.182401 
v 0.460365 9.62919 -0.387721 
v 0.324677 9.62699 -0.300826 
v 0.335438 9.68399 -0.133111 
v 0.65861 9.51869 -0.247121 
v 0.611655 9.46592 -0.446446 
v 0.557995 9.56454 -0.435246 
v 0.608025 9.62203 -0.224446 
v 0.663915 9.15682 -0.202801 
v 0.60057 9.07579 -0.348236 
v 0.356897 9.52096 -0.100113 
v 0.233552 9.55252 -0.100109 
v 0.242066 9.50622 -0.205126 
v 0.346135 9.52126 -0.278241 
v 0.470797 9.50804 -0.125386 
v 0.417999 9.5036 -0.322601 
v 0.55198 9.3731 -0.158171 
v 0.535205 9.4494 -0.152301 
v 0.484502 9.46359 -0.356746 
v 0.503595 9.39232 -0.353086 
v 0.50383 9.0946 -0.303801 
v 0.567175 9.17563 -0.151886 
v 0.356897 9.52096 -0.100113 
v 0.233552 9.55252 -0.100109 
v 0.242066 9.50622 -0.205126 
v 0.346135 9.52126 -0.278241 
v 0.470797 9.50804 -0.125386 
v 0.417999 9.5036 -0.322601 
v 0.55198 9.3731 -0.158171 
v 0.535205 9.4494 -0.152301 
v 0.484502 9.46359 -0.356746 
v 0.503595 9.39232 -0.353086 
v 0.50383 9.0946 -0.303801 
v 0.503595 9.39232 -0.353086 
v 0.55198 9.3731 -0.158171 
v 0.567175 9.17563 -0.151886 
v 0.50383 9.0946 -0.303801 
v 0.567175 9.17563 -0.151886 
v 0.417999 9.5036 -0.322601 
v 0.470797 9.50804 -0.125386 
v 0.237018 9.60512 0.423133 
v 0.279306 9.72788 0.412506 
v 0.277504 9.67568 0.151997 
v 0.230804 9.55694 0.159392 
v 0.394352 9.791 0.448259 
v 0.587255 9.75437 0.50464 
v 0.584075 9.71824 0.241568 
v 0.373995 9.74233 0.174779 
v 0.69515 9.6415 0.278675 
v 0.738745 9.69942 0.543109 
v 0.81181 9.57092 0.576978 
v 0.832365 9.38051 0.613442 
v 0.783515 9.34305 0.344149 
v 0.771595 9.5123 0.310744 
v 0.85199 8.91827 0.681314 
v 0.860295 8.91766 0.41967 
v 0.762765 9.13384 0.385444 
v 0.75967 9.14513 0.658519 
v 0.237018 9.60512 0.423133 
v 0.230804 9.55694 0.159392 
v 0.381116 9.61114 0.200616 
v 0.401473 9.65982 0.474096 
v 0.53394 9.58111 0.256401 
v 0.537115 9.61725 0.519473 
v 0.61582 9.52735 0.288311 
v 0.64677 9.56588 0.552745 
v 0.73814 8.85141 0.677724 
v 0.63443 9.11019 0.659544 
v 0.63753 9.0989 0.386471 
v 0.746445 8.8508 0.416079 
v 0.230804 9.55694 0.159392 
v 0.381116 9.61114 0.200616 
v 0.401473 9.65982 0.474096 
v 0.237018 9.60512 0.423133 
v 0.53394 9.58111 0.256401 
v 0.537115 9.61725 0.519473 
v 0.64677 9.56588 0.552745 
v 0.61582 9.52735 0.288311 
v 0.66232 9.28111 0.346138 
v 0.6404 9.42851 0.313511 
v 0.73814 8.85141 0.677724 
v 0.63443 9.11019 0.659544 
v 0.63753 9.0989 0.386471 
v 0.746445 8.8508 0.416079 
v 0.746445 8.8508 0.416079 
v 0.73814 8.85141 0.677724 
v 0.698345 9.30921 0.615431 
v 0.70807 9.4702 0.579744 
v 0.6404 9.42851 0.313511 
v 0.66232 9.28111 0.346138 
v 0.70807 9.4702 0.579744 
v 0.698345 9.30921 0.615431 
v 0.70807 9.4702 0.579744 
v 0.6404 9.42851 0.313511 
v 0.397765 9.77111 0.592999 
v 0.566215 9.7489 0.654039 
v 0.593225 9.71892 0.422976 
v 0.433036 9.75444 0.340061 
v 0.768665 9.44736 0.800259 
v 0.82547 9.41623 0.603121 
v 0.76028 9.60491 0.541683 
v 0.7157 9.64783 0.741799 
v 0.297959 9.71931 0.321041 
v 0.246073 9.59681 0.304494 
v 0.230929 9.5891 0.553692 
v 0.306752 9.71424 0.56244 
v 0.685505 9.09769 0.884944 
v 0.776035 9.06383 0.692384 
v 0.832385 9.28202 0.654704 
v 0.740305 9.30216 0.840034 
v 0.63437 9.3948 0.744304 
v 0.61585 9.57342 0.709104 
v 0.710215 9.5305 0.499307 
v 0.766555 9.36367 0.564546 
v 0.454079 9.65096 0.336648 
v 0.418809 9.66762 0.589587 
v 0.230929 9.5891 0.553692 
v 0.246073 9.59681 0.304494 
v 0.61602 9.08376 0.810839 
v 0.597765 9.26999 0.771419 
v 0.76522 9.24985 0.619673 
v 0.70655 9.0499 0.651864 
v 0.512975 9.66016 0.630867 
v 0.57821 9.63018 0.399806 
v 0.57821 9.63018 0.399806 
v 0.454079 9.65096 0.336648 
v 0.63437 9.3948 0.744304 
v 0.61585 9.57342 0.709104 
v 0.710215 9.5305 0.499307 
v 0.766555 9.36367 0.564546 
v 0.418809 9.66762 0.589587 
v 0.230929 9.5891 0.553692 
v 0.246073 9.59681 0.304494 
v 0.61602 9.08376 0.810839 
v 0.597765 9.26999 0.771419 
v 0.76522 9.24985 0.619673 
v 0.70655 9.0499 0.651864 
v 0.70655 9.0499 0.651864 
v 0.61602 9.08376 0.810839 
v 0.512975 9.66016 0.630867 
v 0.512975 9.66016 0.630867 
v 0.57821 9.63018 0.399806 
v 0.610005 9.24312 0.970299 
v 0.579015 8.93216 0.985919 
v 0.770815 8.94164 0.870319 
v 0.783035 9.24418 0.849664 
v 0.59052 9.51243 0.936664 
v 0.73486 9.51962 0.764569 
v 0.68307 9.63412 0.715059 
v 0.536545 9.60886 0.896849 
v 0.270411 9.63251 0.797394 
v 0.443408 9.6705 0.843964 
v 0.59191 9.71209 0.653419 
v 0.362133 9.74502 0.583661 
v 0.272337 9.64766 0.566368 
v 0.233813 9.57806 0.788524 
v 0.534845 9.22774 0.890594 
v 0.72505 9.22881 0.769959 
v 0.71601 8.93954 0.785974 
v 0.524215 8.93006 0.901579 
v 0.51593 9.45719 0.877834 
v 0.68065 9.46438 0.705734 
v 0.643585 9.55904 0.671764 
v 0.470377 9.53926 0.854839 
v 0.251965 9.57734 0.789859 
v 0.365607 9.64466 0.591322 
v 0.56572 9.61909 0.624154 
v 0.384843 9.58793 0.817144 
v 0.230929 9.5891 0.55037 
v 0.227854 9.56621 0.787534 
v 0.72505 9.22881 0.769959 
v 0.71601 8.93954 0.785974 
v 0.71601 8.93954 0.785974 
v 0.524215 8.93006 0.901579 
v 0.524215 8.93006 0.901579 
v 0.534845 9.22774 0.890594 
v 0.68065 9.46438 0.705734 
v 0.51593 9.45719 0.877834 
v 0.643585 9.55904 0.671764 
v 0.470377 9.53926 0.854839 
v 0.365607 9.64466 0.591322 
v 0.56572 9.61909 0.624154 
v 0.384843 9.58793 0.817144 
v 0.251965 9.57734 0.789859 
v 0.230929 9.5891 0.55037 
v 0.227854 9.56621 0.787534 
v 0.230929 9.5891 0.55037 
v 0.227854 9.56621 0.787534 
v 0.56572 9.61909 0.624154 
v 0.384843 9.58793 0.817144 
v 0.447374 9.36378 1.13798 
v 0.475194 9.21921 1.16919 
v 0.628844 9.25816 1.08918 
v 0.603515 9.42339 1.05374 
v 0.335311 9.56134 1.0385 
v 0.370733 9.52762 1.06581 
v 0.50146 9.59746 0.975819 
v 0.398046 9.6422 0.922469 
v 0.45453 8.99176 1.19736 
v 0.60721 9.04947 1.11649 
v 0.409412 9.32149 1.04727 
v 0.565555 9.3811 0.963039 
v 0.582495 9.2388 0.994984 
v 0.428846 9.19985 1.07499 
v 0.299658 9.50138 0.965874 
v 0.361354 9.5648 0.850919 
v 0.485913 9.52017 0.907319 
v 0.355185 9.45033 0.997304 
v 0.558275 9.0407 1.02158 
v 0.405594 8.983 1.10246 
v 0.565555 9.3811 0.963039 
v 0.582495 9.2388 0.994984 
v 0.428846 9.19985 1.07499 
v 0.409412 9.32149 1.04727 
v 0.361354 9.5648 0.850919 
v 0.485913 9.52017 0.907319 
v 0.355185 9.45033 0.997304 
v 0.299658 9.50138 0.965874 
v 0.558275 9.0407 1.02158 
v 0.558275 9.0407 1.02158 
v 0.405594 8.983 1.10246 
v 0.405594 8.983 1.10246 
v 0.355185 9.45033 0.997304 
v 0.485913 9.52017 0.907319 
v 0.224701 9.50824 0.923669 
v 0.277403 9.5535 0.999794 
v 0.282479 9.64373 0.861674 
v 0.227854 9.56621 0.787534 
v 0.227854 9.56621 0.787534 
v 0.224701 9.50824 0.923669 
v 0.227854 9.56621 0.787534 
v 0.224701 9.50824 0.923669 
v 0.197912 8.90582 1.17439 
v 0.390572 8.91268 1.08961 
v 0.402938 9.14462 1.09133 
v 0.204675 9.15573 1.17326 
v 0.392343 9.33724 1.08174 
v 0.195305 9.33268 1.15628 
v 0.168901 9.49131 1.07778 
v 0.323134 9.49089 1.03126 
v 0.247674 9.51733 0.957574 
v 0.135995 9.4626 0.985039 
v 0.163052 8.90754 1.09487 
v 0.17099 9.15303 1.09338 
v 0.369251 9.14193 1.01145 
v 0.355713 8.9144 1.01008 
v 0.166278 9.31073 1.07853 
v 0.363315 9.31529 1.00399 
v 0.150945 9.43058 1.0249 
v 0.135995 9.4626 0.985039 
v 0.247674 9.51733 0.957574 
v 0.305177 9.43015 0.978389 
v 0.163052 8.90754 1.09487 
v 0.17099 9.15303 1.09338 
v 0.369251 9.14193 1.01145 
v 0.355713 8.9144 1.01008 
v 0.355713 8.9144 1.01008 
v 0.163052 8.90754 1.09487 
v 0.166278 9.31073 1.07853 
v 0.363315 9.31529 1.00399 
v 0.150945 9.43058 1.0249 
v 0.135995 9.4626 0.985039 
v 0.247674 9.51733 0.957574 
v 0.305177 9.43015 0.978389 
v 0.166278 9.31073 1.07853 
v 0.363315 9.31529 1.00399 
v 0.242724 9.64996 0.036599 
v 0.244696 9.59868 -0.11195 
v 0.233552 9.55252 -0.100109 
v 0.23417 9.55694 0.0443975 
v 0.51316 9.69093 0.00316162 
v 0.493584 9.62919 -0.163131 
v 0.324677 9.62699 -0.143756 
v 0.335438 9.68399 0.023957 
v 0.570625 9.58415 -0.172816 
v 0.60399 9.62444 0.00361718 
v 0.611655 9.49954 -0.182371 
v 0.65861 9.51869 0.00406621 
v 0.640765 9.32384 0.0318522 
v 0.584985 9.27137 -0.149286 
v 0.356897 9.57826 0.0569546 
v 0.23417 9.55694 0.0443975 
v 0.233552 9.55252 -0.100109 
v 0.346135 9.52126 -0.121172 
v 0.470797 9.56533 0.0601801 
v 0.451218 9.5036 -0.122372 
v 0.546235 9.52472 0.0485527 
v 0.512155 9.48473 -0.130016 
v 0.537295 9.42594 -0.137551 
v 0.498576 9.24753 -0.117793 
v 0.555015 9.29971 0.0577287 
v 0.58568 9.44448 0.0370847 
v 0.356897 9.57826 0.0569546 
v 0.23417 9.55694 0.0443975 
v 0.233552 9.55252 -0.100109 
v 0.346135 9.52126 -0.121172 
v 0.470797 9.56533 0.0601801 
v 0.451218 9.5036 -0.122372 
v 0.546235 9.52472 0.0485527 
v 0.512155 9.48473 -0.130016 
v 0.498576 9.24753 -0.117793 
v 0.537295 9.42594 -0.137551 
v 0.58568 9.44448 0.0370847 
v 0.555015 9.29971 0.0577287 
v 0.50383 9.0946 -0.100858 
v 0.60057 9.07579 -0.12093 
v 0.663915 9.15682 0.0556698 
v 0.567175 9.17563 0.0754237 
v 0.546235 9.52472 0.0485527 
v 0.512155 9.48473 -0.130016 
v 0.567175 9.17563 0.0754237 
v 0.50383 9.0946 -0.100858 
v 0.567175 9.17563 0.0754237 
v 0.50383 9.0946 -0.100858 
v -0.66292 9.13722 -0.233871 
v -0.706875 9.1467 -0.0142844 
v -0.644365 9.32278 -0.0268104 
v -0.604895 9.3059 -0.249166 
v 0.20549 9.63251 -0.156186 
v -0.120549 9.71145 -0.214071 
v -0.143529 9.7555 0.0184573 
v 0.140754 9.74502 0.0672074 
v 0.231995 9.64766 0.0733235 
v 0.242901 9.57806 -0.151881 
v -0.563685 9.13511 -0.217471 
v -0.5123 9.26997 -0.239731 
v -0.556555 9.27122 -0.0142659 
v -0.607635 9.1446 0.00211416 
v 0.275056 9.5891 0.084108 
v 0.136364 9.60572 0.060031 
v 0.224724 9.53841 -0.150976 
v 0.248937 9.56621 -0.151631 
v -0.607635 9.1446 0.00211416 
v -0.563685 9.13511 -0.217471 
v -0.5123 9.26997 -0.239731 
v -0.563685 9.13511 -0.217471 
v -0.607635 9.1446 0.00211416 
v -0.556555 9.27122 -0.0142659 
v -0.0977339 9.52212 0.0168318 
v 0.136364 9.60572 0.060031 
v 0.275056 9.5891 0.084108 
v 0.136364 9.60572 0.060031 
v 0.224724 9.53841 -0.150976 
v 0.248937 9.56621 -0.151631 
v 0.275056 9.5891 0.084108 
v 0.248937 9.56621 -0.151631 
v -0.0977339 9.52212 0.0168318 
v -0.0523688 9.55113 -0.230256 
v -0.0523688 9.55113 -0.230256 
v -0.530455 9.54853 -0.0180959 
v -0.455459 9.4415 -0.00987482 
v -0.265219 9.52444 0.00270428 
v -0.325349 9.69578 -0.000505283 
v -0.410869 9.44948 -0.241936 
v -0.220234 9.54312 -0.237006 
v -0.265219 9.52444 0.00270428 
v -0.455459 9.4415 -0.00987482 
v -0.496019 9.52336 -0.243556 
v -0.296749 9.661 -0.229561 
v -0.220234 9.54312 -0.237006 
v -0.410869 9.44948 -0.241936 
v -0.0977339 9.52212 0.0168318 
v -0.0523688 9.55113 -0.230256 
v 0.32789 9.58407 0.440321 
v 0.225812 9.58407 0.426252 
v 0.317497 9.75148 0.438889 
v 0.391254 9.67669 0.449054 
v 0.73801 9.68937 0.496846 
v 0.741455 9.79751 0.497321 
v 0.71755 9.79751 0.670749 
v 0.71411 9.68937 0.670274 
v 0.367351 9.67669 0.622484 
v 0.293594 9.75148 0.612319 
v 0.201909 9.58407 0.599682 
v 0.303987 9.58407 0.613751 
v 0.303987 9.58407 0.613751 
v 0.201909 9.58407 0.599682 
v 0.225812 9.58407 0.426252 
v 0.32789 9.58407 0.440321 
v 0.391254 9.67669 0.449054 
v 0.367351 9.67669 0.622484 
v 0.412314 9.80257 0.451957 
v 0.444279 9.71326 0.456363 
v 0.444279 9.71326 0.456363 
v 0.420376 9.71326 0.629793 
v 0.420376 9.71326 0.629793 
v 0.388411 9.80257 0.625387 
v 0.51995 9.71917 0.466792 
v 0.52695 9.82199 0.467757 
v 0.63202 9.81822 0.482238 
v 0.62676 9.7128 0.481513 
v 0.496049 9.71917 0.640222 
v 0.51995 9.71917 0.466792 
v 0.62676 9.7128 0.481513 
v 0.60286 9.7128 0.654944 
v 0.60286 9.7128 0.654944 
v 0.608115 9.81822 0.655669 
v 0.50305 9.82199 0.641187 
v 0.496049 9.71917 0.640222 
v 0.444279 9.71326 0.456363 
v 0.420376 9.71326 0.629793 
v 0.73801 9.68937 0.496846 
v 0.73801 9.68937 0.496846 
v 0.71411 9.68937 0.670274 
v 0.71411 9.68937 0.670274 
v -0.0186618 9.04782 -0.515566 
v -0.137073 9.04982 -0.382431 
v -0.222618 9.09348 -0.466531 
v -0.104208 9.09148 -0.599661 
v 0.157289 9.7277 -0.397011 
v -0.0232339 9.7277 -0.324046 
v 0.00925954 9.72681 -0.273356 
v 0.176836 9.69375 -0.306926 
v 0.209275 9.59869 -0.250966 
v 0.040983 9.64987 -0.205901 
v 0.040983 9.51604 -0.205901 
v 0.242066 9.50622 -0.205126 
v 0.208477 9.51092 -0.283576 
v 0.00925952 9.51592 -0.273356 
v -0.023234 9.5158 -0.324046 
v 0.150062 9.5158 -0.378266 
v -0.023234 9.5158 -0.324046 
v 0.00925952 9.51592 -0.273356 
v 0.208477 9.51092 -0.283576 
v 0.150062 9.5158 -0.378266 
v -0.0630187 9.5034 -0.358396 
v 0.115878 9.5024 -0.443696 
v -0.023234 9.5158 -0.324046 
v -0.0966837 9.67502 -0.428981 
v -0.0630187 9.5034 -0.358396 
v 0.0822134 9.67402 -0.514276 
v 0.150062 9.5158 -0.378266 
v 0.115878 9.5024 -0.443696 
v 0.0516128 9.45385 -0.496316 
v -0.113524 9.45585 -0.386256 
v -0.140274 9.32683 -0.398521 
v 0.00330612 9.32482 -0.528056 
v -0.113524 9.45585 -0.386256 
v -0.180014 9.5412 -0.486741 
v -0.219594 9.3932 -0.489036 
v -0.140274 9.32683 -0.398521 
v -0.0148738 9.5392 -0.596796 
v -0.0760136 9.3912 -0.618571 
v 0.0516128 9.45385 -0.496316 
v 0.00330612 9.32482 -0.528056 
v -0.231174 9.21597 -0.478101 
v -0.105049 9.21397 -0.616581 
v -0.144629 9.17231 -0.394696 
v -0.137073 9.04982 -0.382431 
v -0.0185039 9.17031 -0.533176 
v -0.144629 9.17231 -0.394696 
v -0.137073 9.04982 -0.382431 
v -0.0186618 9.04782 -0.515566 
v -0.0185039 9.17031 -0.533176 
v -0.0186618 9.04782 -0.515566 
v 0.242066 9.50622 -0.205126 
v 0.242066 9.50622 -0.205126 
v 0.040983 9.51604 -0.205901 
v 0.040983 9.51604 -0.205901 
v 0.53001 9.80561 0.278072 
v 0.49062 9.90493 0.267174 
v 0.439629 9.90289 0.434641 
v 0.479022 9.80357 0.44554 
v 0.332283 9.64616 0.216108 
v 0.265761 9.71918 0.196659 
v 0.365448 9.83637 0.228305 
v 0.421849 9.75065 0.244532 
v 0.281292 9.64412 0.383575 
v 0.332283 9.64616 0.216108 
v 0.421849 9.75065 0.244532 
v 0.370858 9.74862 0.412 
v 0.370858 9.74862 0.412 
v 0.314457 9.83433 0.395773 
v 0.21477 9.71714 0.364126 
v 0.281292 9.64412 0.383575 
v 0.295691 9.57501 0.204181 
v 0.213922 9.60799 0.179648 
v 0.244701 9.57298 0.371649 
v 0.295691 9.57501 0.204181 
v 0.162931 9.60595 0.347115 
v 0.244701 9.57298 0.371649 
v 0.53001 9.80561 0.278072 
v 0.53001 9.80561 0.278072 
v 0.479022 9.80357 0.44554 
v 0.479022 9.80357 0.44554 
v 0.120834 9.5783 0.593129 
v 0.0864963 9.68054 0.627902 
v 0.168093 9.7385 0.59777 
v 0.210164 9.5582 0.545563 
v -0.214069 9.76112 0.790204 
v -0.137654 9.73131 0.945134 
v -0.116014 9.83678 0.952869 
v -0.192429 9.86658 0.797934 
v 0.162911 9.65073 0.782834 
v 0.197248 9.5485 0.748064 
v 0.286579 9.5284 0.700499 
v 0.244508 9.7087 0.752704 
v 0.197248 9.5485 0.748064 
v 0.162911 9.65073 0.782834 
v 0.0864963 9.68054 0.627902 
v 0.120834 9.5783 0.593129 
v 0.0484306 9.72643 0.654684 
v 0.0967623 9.80667 0.644846 
v 0.124845 9.69662 0.809614 
v 0.0484306 9.72643 0.654684 
v 0.124845 9.69662 0.809614 
v 0.173177 9.77687 0.799779 
v -0.0164444 9.74705 0.690279 
v -0.111369 9.76191 0.739689 
v -0.0919392 9.86511 0.748114 
v 0.00086909 9.84807 0.699364 
v 0.0599687 9.71725 0.845214 
v -0.0349545 9.73211 0.894624 
v -0.111369 9.76191 0.739689 
v -0.0164444 9.74705 0.690279 
v -0.0349545 9.73211 0.894624 
v 0.0599687 9.71725 0.845214 
v 0.0772842 9.81827 0.854299 
v -0.0155245 9.83531 0.903044 
v 0.0484306 9.72643 0.654684 
v 0.124845 9.69662 0.809614 
v -0.214069 9.76112 0.790204 
v -0.137654 9.73131 0.945134 
v -0.214069 9.76112 0.790204 
v -0.137654 9.73131 0.945134 
v -0.00249428 9.64197 0.383052 
v 0.417657 9.59328 0.556034 
v 0.434969 9.59328 0.469 
v 0.319025 9.59328 0.703529 
v 0.171487 9.59328 0.802204 
v -0.0024945 9.59328 0.836784 
v 0.171487 9.59328 -0.038272 
v -0.00249407 9.59328 -0.0728521 
v 0.253112 9.59328 0.016346 
v 0.417657 9.59328 0.207899 
v 0.319026 9.59328 0.060404 
v 0.452281 9.59328 0.381967 
v 0.60398 9.52248 0.503679 
v 0.62796 9.52248 0.383053 
v 0.443296 9.52248 0.828894 
v 0.580005 9.52248 0.624305 
v 0.23881 9.52248 0.965604 
v -0.0024946 9.52248 1.01356 
v 0.242066 9.50622 -0.205126 
v -0.00249399 9.52248 -0.247456 
v 0.351827 9.52248 -0.123926 
v 0.580005 9.52248 0.141696 
v 0.443297 9.52248 -0.0627899 
v 0.65388 9.42282 0.51364 
v 0.679835 9.42282 0.383053 
v 0.480034 9.42282 0.865529 
v 0.627925 9.42282 0.644228 
v 0.258627 9.42282 1.01342 
v -0.00249463 9.42282 1.06544 
v 0.380992 9.42282 -0.165631 
v 0.627925 9.42282 0.121878 
v 0.480034 9.42282 -0.0994214 
v 0.65427 9.08882 0.53278 
v 0.680175 9.0529 0.421332 
v 0.680005 9.24312 0.401648 
v 0.65407 9.26058 0.522938 
v 0.479723 9.17933 0.865514 
v 0.479394 8.92158 0.865504 
v 0.628365 9.02734 0.644228 
v 0.62814 9.23071 0.644228 
v 0.274311 9.1598 1.03685 
v 0.495398 9.17219 0.888964 
v -0.00249466 9.15803 1.06543 
v -0.00249469 8.8968 1.06541 
v 0.258627 8.87005 1.01339 
v 0.258627 9.15803 1.01341 
v 0.624325 9.04738 0.121878 
v 0.626175 9.24045 0.121878 
v 0.620885 8.68815 0.121878 
v 0.6224 8.84612 0.143315 
v 0.680355 8.86127 0.395302 
v 0.680495 8.70745 0.343243 
v 0.483733 9.31575 -0.0994214 
v 0.481831 9.37081 -0.0994214 
v 0.384216 9.37703 -0.165631 
v 0.382558 9.40058 -0.165631 
v 0.47925 8.83579 0.865509 
v 0.619895 8.93384 0.656949 
v 0.258627 8.77243 1.01339 
v -0.0024947 8.77243 1.06541 
v 0.62337 8.94757 0.132509 
v 0.680265 8.95786 0.410614 
v 0.479076 8.71906 0.865509 
v 0.592445 8.84178 0.697789 
v 0.258628 8.64293 1.01339 
v -0.00370972 8.63065 1.06795 
v -0.00249428 9.64197 0.383052 
v -0.457269 9.59328 0.381966 
v -0.439957 9.59328 0.469 
v -0.422646 9.59328 0.556034 
v -0.324014 9.59328 0.703529 
v -0.176475 9.59328 0.802204 
v -0.0024945 9.59328 0.836784 
v -0.00249407 9.59328 -0.0728521 
v -0.176475 9.59328 -0.0382722 
v -0.258099 9.59328 0.0163458 
v -0.324013 9.59328 0.0604037 
v -0.422646 9.59328 0.207898 
v -0.63295 9.52248 0.383052 
v -0.60897 9.52248 0.503678 
v -0.584995 9.52248 0.624304 
v -0.448285 9.52248 0.828894 
v -0.243798 9.52248 0.965604 
v -0.0024946 9.52248 1.01356 
v -0.00249399 9.52248 -0.247456 
v -0.243798 9.52248 -0.199496 
v -0.356814 9.52248 -0.123926 
v -0.448284 9.52248 -0.0627903 
v -0.584995 9.52248 0.141696 
v -0.684825 9.42282 0.383052 
v -0.65887 9.42282 0.51364 
v -0.632915 9.42282 0.644227 
v -0.485022 9.42282 0.865529 
v -0.263615 9.42282 1.01342 
v -0.266732 9.42802 1.02907 
v -0.00561164 9.42802 1.08109 
v -0.38598 9.42282 -0.165631 
v -0.485022 9.42282 -0.0994218 
v -0.632915 9.42282 0.121878 
v -0.65926 9.08882 0.532779 
v -0.659065 9.25469 0.523274 
v -0.685 9.23661 0.402322 
v -0.685165 9.0529 0.421332 
v -0.4847 9.1705 0.865514 
v -0.633135 9.22374 0.644227 
v -0.633355 9.02734 0.644227 
v -0.484382 8.92158 0.865504 
v -0.263615 9.15803 1.01341 
v -0.263615 8.8968 1.01339 
v -0.00945118 9.16061 1.10035 
v -0.270572 9.16061 1.04833 
v -0.274359 8.8968 1.05527 
v -0.0132392 8.8968 1.10729 
v -0.629315 9.04738 0.121878 
v -0.631105 9.23383 0.121878 
v -0.625875 8.68815 0.121878 
v -0.685485 8.70745 0.343242 
v -0.685345 8.86127 0.395302 
v -0.62739 8.84612 0.143314 
v -0.486884 9.36892 -0.0994218 
v -0.488721 9.31575 -0.0994218 
v -0.389203 9.37703 -0.165631 
v -0.387602 9.39977 -0.165631 
v -0.593715 8.94824 0.682104 
v -0.484239 8.83579 0.865509 
v -0.263616 8.74535 1.01339 
v -0.27436 8.74534 1.06732 
v -0.0132392 8.77242 1.11934 
v -0.62836 8.94757 0.132509 
v -0.685255 8.95786 0.410613 
v -0.597435 8.84178 0.697789 
v -0.484064 8.71906 0.865509 
v -0.263617 8.64293 1.01339 
v -0.0024947 8.77243 1.06541 
v -0.00370972 8.63065 1.06795 
v 0.577925 8.85534 0.393462 
v 0.578045 8.72459 0.349212 
v 0.503205 8.83877 0.650574 
v 0.526535 8.91702 0.615862 
v 0.40684 8.73446 0.793134 
v 0.503205 8.83877 0.650574 
v 0.21946 8.66975 0.918834 
v 0.258628 8.57998 1.01339 
v -0.00370967 8.65769 0.965599 
v 0.21946 8.6068 0.918834 
v 0.528665 8.84247 0.179273 
v 0.52949 8.92869 0.170088 
v 0.52738 8.70819 0.161052 
v 0.578045 8.72459 0.349212 
v 0.52738 8.70819 0.161052 
v 0.530305 9.01353 0.161052 
v 0.410799 9.24164 -0.0270529 
v 0.326209 9.29373 -0.0833294 
v 0.219459 9.42994 -0.152851 
v 0.577775 9.01822 0.415588 
v 0.57785 8.93744 0.406477 
v 0.555755 9.05606 0.510318 
v 0.533735 8.9965 0.605049 
v -0.583035 8.72459 0.349211 
v -0.582915 8.85534 0.393462 
v -0.500355 8.93142 0.641015 
v -0.508195 8.83877 0.650574 
v -0.597435 8.80138 0.697789 
v -0.508195 8.79837 0.650574 
v -0.411829 8.73446 0.793134 
v -0.224448 8.66975 0.918834 
v -0.00370967 8.65769 0.965599 
v -0.53448 8.92869 0.170088 
v -0.533655 8.84247 0.179272 
v -0.53237 8.70819 0.161051 
v -0.53237 8.70819 0.161051 
v -0.583035 8.72459 0.349211 
v -0.415787 9.24164 -0.0270533 
v -0.535295 9.01353 0.161051 
v -0.331197 9.29373 -0.0833297 
v -0.224446 9.45452 -0.180661 
v -0.58284 8.93744 0.406477 
v -0.582765 9.01822 0.415587 
v -0.560745 9.05606 0.510318 
v -0.538725 8.9965 0.605048 
v -0.00468902 9.44108 -0.203806 
v -0.00468902 9.44108 -0.203806 
v -0.00249463 9.42282 1.06544 
v -0.00249469 8.8968 1.06541 
v -0.00249466 9.15803 1.06543 
v 0.51076 8.92156 0.912394 
v 0.289995 8.87003 1.06029 
v -0.00370967 8.65769 0.965599 
v 0.21946 8.66975 0.918834 
v 0.21946 8.6068 0.918834 
v 0.21946 8.6068 0.918834 
v -0.508195 8.79837 0.650574 
v -0.411829 8.73446 0.793134 
v 0.578045 8.72459 0.349212 
v 0.577925 8.85534 0.393462 
v 0.409133 9.13904 0.44477 
v 0.409218 9.04631 0.413387 
v 0.526535 8.91702 0.615862 
v 0.503205 8.83877 0.650574 
v 0.35614 9.12729 0.627117 
v 0.372688 9.18278 0.602499 
v 0.40684 8.73446 0.793134 
v 0.2878 9.05331 0.728224 
v 0.154912 9.00742 0.817369 
v -0.00335608 8.99887 0.850534 
v 0.52949 8.92869 0.170088 
v 0.528665 8.84247 0.179273 
v 0.374197 9.12991 0.292865 
v 0.374783 9.19106 0.286351 
v 0.52738 8.70819 0.161052 
v 0.373285 9.03468 0.279942 
v 0.410799 9.24164 -0.0270529 
v 0.530305 9.01353 0.161052 
v 0.37536 9.25123 0.279942 
v 0.290608 9.41301 0.146536 
v 0.326209 9.29373 -0.0833294 
v 0.230618 9.44995 0.106624 
v 0.219459 9.42994 -0.152851 
v 0.154912 9.54654 0.0573175 
v 0.57785 8.93744 0.406477 
v 0.577775 9.01822 0.415588 
v 0.409026 9.25455 0.460462 
v 0.409079 9.19726 0.454001 
v 0.555755 9.05606 0.510318 
v 0.39341 9.28139 0.527646 
v 0.533735 8.9965 0.605049 
v 0.377793 9.23915 0.59483 
v -0.582915 8.85534 0.393462 
v -0.583035 8.72459 0.349211 
v -0.414206 9.04631 0.413387 
v -0.414121 9.13904 0.44477 
v -0.508195 8.83877 0.650574 
v -0.500355 8.93142 0.641015 
v -0.355571 9.19299 0.620337 
v -0.361129 9.12729 0.627117 
v -0.411829 8.73446 0.793134 
v -0.292789 9.05331 0.728224 
v -0.224448 8.66975 0.918834 
v -0.159901 9.00742 0.817369 
v -0.00370967 8.65769 0.965599 
v -0.00335608 8.99887 0.850534 
v -0.533655 8.84247 0.179272 
v -0.53448 8.92869 0.170088 
v -0.379772 9.19106 0.286351 
v -0.379186 9.12991 0.292864 
v -0.53237 8.70819 0.161051 
v -0.378273 9.03468 0.279942 
v -0.535295 9.01353 0.161051 
v -0.415787 9.24164 -0.0270533 
v -0.295596 9.41301 0.146536 
v -0.380348 9.25123 0.279942 
v -0.331197 9.29373 -0.0833297 
v -0.235605 9.44995 0.106624 
v -0.224446 9.45452 -0.180661 
v -0.1599 9.56398 0.0375968 
v -0.582765 9.01822 0.415587 
v -0.58284 8.93744 0.406477 
v -0.414067 9.19726 0.454 
v -0.414015 9.25455 0.460462 
v -0.560745 9.05606 0.510318 
v -0.398398 9.28139 0.527646 
v -0.538725 8.9965 0.605048 
v -0.382782 9.23915 0.59483 
v -0.00468902 9.44108 -0.203806 
v -0.00405062 9.55445 0.0211819 
v -0.00468902 9.44108 -0.203806 
v -0.00405062 9.55445 0.0211819 
v -0.00253888 9.5192 0.569905 
v -0.00252888 9.5192 0.569905 
v -0.00252188 9.51919 0.569904 
v -0.00251288 9.51919 0.569904 
v -0.00249438 9.51919 0.569904 
v -0.00249438 9.51919 0.569904 
v -0.00247588 9.51919 0.569904 
v -0.00246688 9.51919 0.569904 
v -0.00245988 9.5192 0.569905 
v -0.00244988 9.5192 0.569905 
v -0.00245038 9.51921 0.569905 
v -0.00245038 9.51921 0.569905 
v -0.00245038 9.51922 0.569905 
v -0.00244588 9.51922 0.569906 
v -0.00244588 9.51921 0.569906 
v -0.00244588 9.51921 0.569906 
v -0.00244588 9.5192 0.569906 
v -0.00244788 9.5192 0.569907 
v -0.00244988 9.51921 0.569907 
v -0.00245288 9.51921 0.569907 
v -0.00245238 9.51921 0.569907 
v -0.00246038 9.51921 0.569908 
v -0.00247588 9.51922 0.569909 
v -0.00249438 9.51922 0.569909 
v -0.00249438 9.51922 0.569909 
v -0.00251288 9.51922 0.569909 
v -0.00252838 9.51921 0.569908 
v -0.00253638 9.51921 0.569907 
v -0.00253838 9.51921 0.569907 
v -0.00253888 9.51921 0.569907 
v -0.00254088 9.5192 0.569907 
v -0.00254288 9.5192 0.569906 
v -0.00254288 9.51921 0.569906 
v -0.00254288 9.51921 0.569906 
v -0.00254288 9.51922 0.569906 
v -0.00253838 9.51922 0.569905 
v -0.00253838 9.51921 0.569905 
v -0.00253838 9.51921 0.569905 
v -0.664525 8.76531 0.353992 
v -0.673735 8.81447 0.448762 
v -0.67355 8.96863 0.430682 
v -0.66769 8.91933 0.321776 
v -0.67487 9.06304 0.412719 
v -0.65966 9.01455 0.289174 
v -0.61603 8.7664 0.357104 
v -0.619165 8.92079 0.323927 
v -0.625025 8.9701 0.432833 
v -0.62524 8.81555 0.451874 
v -0.611095 9.0163 0.289865 
v -0.626305 9.06479 0.41341 
v -0.61603 8.7664 0.357104 
v -0.62524 8.81555 0.451874 
v -0.62524 8.81555 0.451874 
v -0.625025 8.9701 0.432833 
v -0.619165 8.92079 0.323927 
v -0.61603 8.7664 0.357104 
v -0.626305 9.06479 0.41341 
v -0.611095 9.0163 0.289865 
v 0.659535 8.76531 0.353993 
v 0.6627 8.91933 0.321777 
v 0.66856 8.96863 0.430683 
v 0.668745 8.81447 0.448763 
v 0.65467 9.01455 0.289175 
v 0.66988 9.06304 0.41272 
v 0.61104 8.7664 0.357105 
v 0.62025 8.81555 0.451875 
v 0.620035 8.9701 0.432833 
v 0.614175 8.92079 0.323927 
v 0.621315 9.06479 0.413411 
v 0.606105 9.0163 0.289865 
v 0.61104 8.7664 0.357105 
v 0.62025 8.81555 0.451875 
v 0.62025 8.81555 0.451875 
v 0.620035 8.9701 0.432833 
v 0.614175 8.92079 0.323927 
v 0.61104 8.7664 0.357105 
v 0.621315 9.06479 0.413411 
v 0.606105 9.0163 0.289865 

vn -0.944882 0.00787402 -0.322835 
vn -0.944882 0.00787402 -0.322835 
vn -0.944882 0.00787402 -0.322835 
vn -0.905512 -0.0472441 -0.417323 
vn -0.937008 0.0944882 -0.330709 
vn -0.968504 0 -0.244094 
vn -0.448819 0.889764 -0.0866142 
vn -0.448819 0.889764 -0.0866142 
vn -0.448819 0.889764 -0.0866142 
vn -0.464567 0.88189 -0.0551181 
vn 0.0551181 0.984252 -0.188976 
vn 0.0551181 0.984252 -0.188976 
vn 0.0551181 0.984252 -0.188976 
vn -0.015748 1 -0.0393701 
vn 0.598425 0.76378 -0.23622 
vn 0.598425 0.76378 -0.23622 
vn 0.88189 0.0629921 0.464567 
vn 0.88189 0.0629921 0.464567 
vn 0.88189 0.0629921 0.464567 
vn 0.944882 -0.015748 0.338583 
vn 0.968504 0.00787402 0.244094 
vn 0.968504 0.00787402 0.244094 
vn 0.480315 -0.874016 0.0944882 
vn 0.480315 -0.874016 0.0944882 
vn 0.480315 -0.874016 0.0944882 
vn 0.488189 -0.866142 0.0866142 
vn -0.0472441 -1 0.0314961 
vn -0.0472441 -1 0.0314961 
vn -0.0472441 -1 0.0314961 
vn -0.0629921 -1 0.0551181 
vn -0.0393701 -1 0.0551181 
vn -0.102362 -0.984252 0.125984 
vn 0.88189 0.0629921 0.464567 
vn 0.944882 -0.015748 0.338583 
vn 0.88189 0.0629921 0.464567 
vn 0.88189 0.0629921 0.464567 
vn 0.88189 0.0629921 0.464567 
vn 0.88189 0.0629921 0.464567 
vn 0.968504 0.00787402 0.244094 
vn 0.968504 0.00787402 0.244094 
vn 0.488189 -0.866142 0.0866142 
vn 0.480315 -0.874016 0.0944882 
vn 0.480315 -0.874016 0.0944882 
vn 0.480315 -0.874016 0.0944882 
vn -0.0629921 -1 0.0551181 
vn -0.0472441 -1 0.0314961 
vn -0.0472441 -1 0.0314961 
vn -0.0472441 -1 0.0314961 
vn -0.102362 -0.984252 0.125984 
vn -0.0393701 -1 0.0551181 
vn -0.0393701 -1 0.0551181 
vn -0.102362 -0.984252 0.125984 
vn 0.480315 -0.874016 0.0944882 
vn 0.488189 -0.866142 0.0866142 
vn 0.944882 0.314961 -0.0629921 
vn 0.944882 0.314961 -0.0629921 
vn 0.944882 0.314961 -0.0629921 
vn 0.952756 0.307087 -0.0551181 
vn -0.102362 0.952756 -0.291339 
vn -0.102362 0.952756 -0.291339 
vn -0.102362 0.952756 -0.291339 
vn -0.0944882 0.952756 -0.283465 
vn -0.590551 0.685039 -0.425197 
vn -0.590551 0.685039 -0.425197 
vn -0.590551 0.685039 -0.425197 
vn -0.606299 0.629921 -0.488189 
vn -0.826772 0.165354 -0.535433 
vn -0.826772 0.165354 -0.535433 
vn -0.826772 0.165354 -0.535433 
vn -0.818898 0.11811 -0.559055 
vn -0.826772 -0.165354 -0.535433 
vn -0.826772 -0.15748 -0.535433 
vn -0.417323 -0.897638 -0.11811 
vn -0.417323 -0.897638 -0.11811 
vn 0.944882 0.314961 -0.0629921 
vn 0.944882 0.314961 -0.0629921 
vn 0.307087 -0.944882 0.125984 
vn 0.307087 -0.944882 0.125984 
vn 0.307087 -0.944882 0.125984 
vn 0.102362 -0.992126 -0.0629921 
vn 0.653543 -0.677165 0.338583 
vn 0.653543 -0.677165 0.338583 
vn 0.653543 -0.677165 0.338583 
vn 0.637795 -0.716535 0.291339 
vn 0.88189 -0.102362 0.456693 
vn 0.88189 -0.102362 0.456693 
vn 0.88189 -0.102362 0.456693 
vn 0.889764 -0.23622 0.385827 
vn 0.889764 0.149606 0.425197 
vn 0.889764 0.149606 0.425197 
vn -0.417323 -0.897638 -0.11811 
vn 0.944882 0.314961 -0.0629921 
vn 0.015748 0.181102 0.984252 
vn 0.944882 0.314961 -0.0629921 
vn -0.417323 -0.897638 -0.11811 
vn 0.259843 -0.338583 -0.905512 
vn 0.307087 -0.944882 0.125984 
vn 0.102362 -0.992126 -0.0629921 
vn 0.307087 -0.944882 0.125984 
vn 0.307087 -0.944882 0.125984 
vn 0.653543 -0.677165 0.338583 
vn 0.637795 -0.716535 0.291339 
vn 0.653543 -0.677165 0.338583 
vn 0.653543 -0.677165 0.338583 
vn 0.88189 -0.102362 0.456693 
vn 0.889764 -0.23622 0.385827 
vn 0.88189 -0.102362 0.456693 
vn 0.88189 -0.102362 0.456693 
vn 0.889764 0.149606 0.425197 
vn 0.889764 0.149606 0.425197 
vn 0.889764 0.149606 0.425197 
vn 0.889764 0.149606 0.425197 
vn 0.307087 -0.944882 0.125984 
vn 0.307087 -0.944882 0.125984 
vn 0.976378 0.220472 -0.0629921 
vn 0.976378 0.220472 -0.0629921 
vn 0.976378 0.220472 -0.0629921 
vn 0.952756 0.299213 -0.0393701 
vn -0.00787402 0.992126 -0.149606 
vn -0.00787402 0.992126 -0.149606 
vn -0.00787402 0.992126 -0.149606 
vn -0.0393701 0.992126 -0.110236 
vn -0.393701 0.92126 -0.015748 
vn -0.393701 0.92126 -0.015748 
vn -0.84252 0.511811 0.188976 
vn -0.84252 0.511811 0.188976 
vn -0.84252 0.511811 0.188976 
vn -0.818898 0.559055 0.141732 
vn -0.952756 0.141732 0.267717 
vn -0.952756 0.141732 0.267717 
vn -0.952756 0.141732 0.267717 
vn -0.944882 0.181102 0.275591 
vn 0.976378 0.220472 -0.0629921 
vn -0.307087 -0.944882 0.125984 
vn -0.307087 -0.944882 0.125984 
vn 0.976378 0.220472 -0.0629921 
vn 0.0472441 -0.992126 0.110236 
vn 0.0472441 -0.992126 0.110236 
vn 0.244094 -0.96063 0.110236 
vn 0.330709 -0.944882 0.023622 
vn 0.874016 -0.464567 -0.149606 
vn 0.874016 -0.464567 -0.149606 
vn 0.874016 -0.464567 -0.149606 
vn 0.897638 -0.393701 -0.204724 
vn 0.944882 -0.181102 -0.275591 
vn 0.944882 -0.181102 -0.275591 
vn 0.944882 -0.181102 -0.275591 
vn 0.952756 -0.149606 -0.267717 
vn 0.976378 0.220472 -0.0629921 
vn -0.307087 -0.944882 0.125984 
vn -0.307087 -0.944882 0.125984 
vn 0.976378 0.220472 -0.0629921 
vn 0.0472441 -0.992126 0.110236 
vn 0.0472441 -0.992126 0.110236 
vn 0.330709 -0.944882 0.023622 
vn 0.244094 -0.96063 0.110236 
vn 0.897638 -0.393701 -0.204724 
vn 0.874016 -0.464567 -0.149606 
vn 0.874016 -0.464567 -0.149606 
vn 0.874016 -0.464567 -0.149606 
vn 0.944882 -0.181102 -0.275591 
vn 0.952756 -0.149606 -0.267717 
vn 0.944882 -0.181102 -0.275591 
vn 0.944882 -0.181102 -0.275591 
vn 0.944882 -0.181102 -0.275591 
vn 0.944882 -0.181102 -0.275591 
vn -0.330709 -0.0551181 -0.944882 
vn -0.330709 -0.0551181 -0.944882 
vn -0.330709 -0.0551181 -0.944882 
vn -0.322835 -0.0551181 -0.944882 
vn 0.96063 -0.102362 -0.259843 
vn -0.330709 -0.0551181 -0.944882 
vn -0.330709 -0.0551181 -0.944882 
vn 0.96063 -0.110236 -0.259843 
vn 0.322835 0 0.944882 
vn 0.96063 -0.102362 -0.259843 
vn 0.96063 -0.110236 -0.259843 
vn 0.307087 0.00787402 0.952756 
vn 0.0472441 1 0.0551181 
vn 0.0472441 1 0.0551181 
vn 0.0472441 1 0.0551181 
vn -0.023622 1 0 
vn -0.645669 0.519685 0.566929 
vn -0.645669 0.519685 0.566929 
vn -0.645669 0.519685 0.566929 
vn -0.614173 0.543307 0.574803 
vn 0.92126 0.393701 0.0393701 
vn 0.92126 0.393701 0.0393701 
vn 0.92126 0.393701 0.0393701 
vn 0.897638 0.433071 0.0708661 
vn -0.677165 0.15748 0.724409 
vn -0.677165 0.15748 0.724409 
vn -0.677165 0.15748 0.724409 
vn -0.700787 0.110236 0.708661 
vn -0.307087 0.937008 0.181102 
vn -0.307087 0.937008 0.181102 
vn 0.023622 -1 0 
vn 0.023622 -1 0 
vn 0.023622 -1 0 
vn -0.0472441 -1 -0.0551181 
vn 0.614173 -0.535433 -0.574803 
vn 0.614173 -0.535433 -0.574803 
vn 0.614173 -0.535433 -0.574803 
vn 0.645669 -0.503937 -0.566929 
vn 0.897638 0.433071 0.0708661 
vn 0.92126 0.393701 0.0393701 
vn 0.700787 -0.0944882 -0.708661 
vn 0.700787 -0.0944882 -0.708661 
vn 0.700787 -0.0944882 -0.708661 
vn 0.677165 -0.149606 -0.724409 
vn 0.188976 -0.984252 -0.0393701 
vn 0.267717 -0.944882 -0.165354 
vn 0.023622 -1 0 
vn -0.0472441 -1 -0.0551181 
vn 0.023622 -1 0 
vn 0.023622 -1 0 
vn 0.614173 -0.535433 -0.574803 
vn 0.645669 -0.503937 -0.566929 
vn 0.614173 -0.535433 -0.574803 
vn 0.614173 -0.535433 -0.574803 
vn 0.92126 0.393701 0.0393701 
vn 0.897638 0.433071 0.0708661 
vn 0.700787 -0.0944882 -0.708661 
vn 0.677165 -0.149606 -0.724409 
vn 0.700787 -0.0944882 -0.708661 
vn 0.700787 -0.0944882 -0.708661 
vn 0.700787 -0.0944882 -0.708661 
vn 0.700787 -0.0944882 -0.708661 
vn 0.267717 -0.944882 -0.165354 
vn 0.188976 -0.984252 -0.0393701 
vn -0.566929 0.125984 0.811024 
vn -0.566929 0.125984 0.811024 
vn -0.566929 0.125984 0.811024 
vn -0.511811 0.0866142 0.858268 
vn -0.645669 0.322835 0.692913 
vn -0.645669 0.322835 0.692913 
vn -0.527559 0.700787 0.480315 
vn -0.527559 0.700787 0.480315 
vn -0.188976 0.96063 0.212598 
vn -0.188976 0.96063 0.212598 
vn -0.188976 0.96063 0.212598 
vn -0.188976 0.96063 0.212598 
vn 0.685039 0.724409 -0.015748 
vn 0.685039 0.724409 -0.015748 
vn 0.685039 0.724409 -0.015748 
vn 0.771654 0.637795 0.00787402 
vn 0.511811 -0.0866142 -0.858268 
vn 0.511811 -0.0866142 -0.858268 
vn 0.511811 -0.0866142 -0.858268 
vn 0.566929 -0.11811 -0.811024 
vn 0.559055 -0.220472 -0.80315 
vn 0.645669 -0.307087 -0.700787 
vn 0.606299 -0.590551 -0.535433 
vn 0.606299 -0.590551 -0.535433 
vn 0.212598 -0.952756 -0.228346 
vn 0.212598 -0.952756 -0.228346 
vn 0.212598 -0.952756 -0.228346 
vn 0.212598 -0.952756 -0.220472 
vn -0.527559 -0.850394 -0.0866142 
vn -0.527559 -0.850394 -0.0866142 
vn -0.527559 -0.850394 -0.0866142 
vn -0.464567 -0.88189 -0.0629921 
vn 0.566929 -0.11811 -0.811024 
vn 0.511811 -0.0866142 -0.858268 
vn 0.511811 -0.0866142 -0.858268 
vn 0.511811 -0.0866142 -0.858268 
vn 0.511811 -0.0866142 -0.858268 
vn 0.511811 -0.0866142 -0.858268 
vn 0.645669 -0.307087 -0.700787 
vn 0.559055 -0.220472 -0.80315 
vn 0.606299 -0.590551 -0.535433 
vn 0.606299 -0.590551 -0.535433 
vn 0.212598 -0.952756 -0.220472 
vn 0.212598 -0.952756 -0.228346 
vn 0.212598 -0.952756 -0.228346 
vn 0.212598 -0.952756 -0.228346 
vn -0.527559 -0.850394 -0.0866142 
vn -0.464567 -0.88189 -0.0629921 
vn -0.527559 -0.850394 -0.0866142 
vn -0.527559 -0.850394 -0.0866142 
vn -0.527559 -0.850394 -0.0866142 
vn -0.527559 -0.850394 -0.0866142 
vn 0.212598 -0.952756 -0.228346 
vn 0.212598 -0.952756 -0.228346 
vn -0.566929 0.125984 0.811024 
vn -0.566929 0.125984 0.811024 
vn -0.566929 0.125984 0.811024 
vn -0.511811 0.0866142 0.858268 
vn -0.685039 0.0472441 0.724409 
vn -0.685039 0.0472441 0.724409 
vn -0.456693 0.716535 0.519685 
vn -0.661417 0.606299 0.440945 
vn -0.330709 0.905512 0.259843 
vn -0.330709 0.905512 0.259843 
vn 0.692913 0.724409 -0.015748 
vn 0.692913 0.724409 -0.015748 
vn 0.692913 0.724409 -0.015748 
vn 0.771654 0.637795 0.00787402 
vn 0.511811 -0.0866142 -0.858268 
vn 0.511811 -0.0866142 -0.858268 
vn 0.511811 -0.0866142 -0.858268 
vn 0.566929 -0.11811 -0.811024 
vn 0.559055 0.228346 -0.795276 
vn 0.692913 0.0472441 -0.724409 
vn 0.685039 -0.566929 -0.456693 
vn 0.685039 -0.566929 -0.456693 
vn 0.393701 -0.866142 -0.322835 
vn 0.370079 -0.889764 -0.275591 
vn -0.527559 -0.834646 -0.181102 
vn -0.527559 -0.834646 -0.181102 
vn -0.527559 -0.834646 -0.181102 
vn -0.322835 -0.944882 -0.102362 
vn 0.566929 -0.11811 -0.811024 
vn 0.511811 -0.0866142 -0.858268 
vn 0.511811 -0.0866142 -0.858268 
vn 0.511811 -0.0866142 -0.858268 
vn 0.511811 -0.0866142 -0.858268 
vn 0.511811 -0.0866142 -0.858268 
vn 0.692913 0.0472441 -0.724409 
vn 0.559055 0.228346 -0.795276 
vn 0.685039 -0.566929 -0.456693 
vn 0.692913 0.0472441 -0.724409 
vn 0.559055 0.228346 -0.795276 
vn 0.685039 -0.566929 -0.456693 
vn 0.370079 -0.889764 -0.275591 
vn 0.393701 -0.866142 -0.322835 
vn -0.527559 -0.834646 -0.181102 
vn -0.322835 -0.944882 -0.102362 
vn -0.527559 -0.834646 -0.181102 
vn -0.527559 -0.834646 -0.181102 
vn -0.527559 -0.834646 -0.181102 
vn -0.527559 -0.834646 -0.181102 
vn -0.401575 0.251969 0.88189 
vn -0.401575 0.251969 0.88189 
vn -0.401575 0.251969 0.88189 
vn -0.409449 0.267717 0.874016 
vn -0.0393701 0.826772 0.559055 
vn -0.0393701 0.826772 0.559055 
vn -0.0393701 0.826772 0.559055 
vn -0.15748 0.653543 0.740157 
vn -0.464567 0.0866142 0.88189 
vn -0.448819 0.0708661 0.889764 
vn -0.149606 0.661417 0.732283 
vn -0.149606 0.661417 0.732283 
vn 0.409449 -0.267717 -0.874016 
vn 0.409449 -0.267717 -0.874016 
vn 0.409449 -0.267717 -0.874016 
vn 0.409449 -0.244094 -0.88189 
vn 0.188976 -0.622047 -0.76378 
vn 0.188976 -0.622047 -0.76378 
vn 0.188976 -0.622047 -0.76378 
vn 0.0866142 -0.818898 -0.566929 
vn 0.448819 -0.0629921 -0.889764 
vn 0.448819 -0.0629921 -0.889764 
vn 0.141732 -0.669291 -0.724409 
vn 0.141732 -0.677165 -0.724409 
vn 0.409449 -0.244094 -0.88189 
vn 0.409449 -0.267717 -0.874016 
vn 0.409449 -0.267717 -0.874016 
vn 0.409449 -0.267717 -0.874016 
vn 0.0866142 -0.818898 -0.566929 
vn 0.188976 -0.622047 -0.76378 
vn 0.188976 -0.622047 -0.76378 
vn 0.188976 -0.622047 -0.76378 
vn 0.448819 -0.0629921 -0.889764 
vn 0.448819 -0.0629921 -0.889764 
vn 0.448819 -0.0629921 -0.889764 
vn 0.448819 -0.0629921 -0.889764 
vn 0.141732 -0.677165 -0.724409 
vn 0.141732 -0.669291 -0.724409 
vn 0.80315 0.535433 0.259843 
vn 0.80315 0.535433 0.259843 
vn 0.80315 0.535433 0.259843 
vn 0.811024 0.527559 0.244094 
vn 0.80315 0.535433 0.259843 
vn 0.80315 0.535433 0.259843 
vn 0.80315 0.535433 0.259843 
vn 0.80315 0.535433 0.259843 
vn 0.141732 -0.677165 -0.724409 
vn 0.141732 -0.669291 -0.724409 
vn -0.0708661 -0.00787402 1 
vn -0.0708661 -0.00787402 1 
vn -0.0708661 -0.00787402 1 
vn -0.102362 -0.0314961 0.992126 
vn -0.0393701 0.110236 0.992126 
vn -0.0393701 0.110236 0.992126 
vn -0.125984 0.952756 -0.275591 
vn -0.125984 0.952756 -0.275591 
vn -0.125984 0.952756 -0.275591 
vn -0.015748 0.88189 -0.472441 
vn 0.102362 0.0314961 -0.992126 
vn 0.102362 0.0314961 -0.992126 
vn 0.102362 0.0314961 -0.992126 
vn 0.0787402 0.00787402 -1 
vn 0.0787402 -0.0551181 -0.992126 
vn 0.0393701 -0.0944882 -0.992126 
vn -0.00787402 -0.952756 -0.307087 
vn -0.00787402 -0.952756 -0.307087 
vn -0.125984 0.952756 -0.275591 
vn -0.125984 0.952756 -0.275591 
vn 0.102362 0.0314961 -0.992126 
vn 0.0787402 0.00787402 -1 
vn 0.102362 0.0314961 -0.992126 
vn 0.102362 0.0314961 -0.992126 
vn 0.102362 0.0314961 -0.992126 
vn 0.102362 0.0314961 -0.992126 
vn 0.0393701 -0.0944882 -0.992126 
vn 0.0787402 -0.0551181 -0.992126 
vn -0.00787402 -0.952756 -0.307087 
vn -0.125984 0.952756 -0.275591 
vn -0.125984 0.952756 -0.275591 
vn -0.00787402 -0.952756 -0.307087 
vn 0.0393701 -0.0944882 -0.992126 
vn 0.0787402 -0.0551181 -0.992126 
vn 0.708661 -0.165354 0.692913 
vn 0.96063 -0.23622 -0.133858 
vn 0.96063 -0.244094 -0.141732 
vn 0.755906 -0.0551181 0.653543 
vn 0.96063 0.275591 -0.0787402 
vn 0.968504 0.251969 -0.0551181 
vn 0.80315 0.488189 0.346457 
vn 0.76378 0.188976 0.622047 
vn 0.307087 0.952756 -0.0787402 
vn 0.629921 0.771654 -0.023622 
vn 0.551181 0.834646 -0.0551181 
vn 0.188976 0.968504 -0.141732 
vn -0.818898 0.551181 -0.149606 
vn -0.15748 0.976378 -0.165354 
vn -0.322835 0.92126 -0.220472 
vn -0.850394 0.503937 -0.133858 
vn -0.716535 0.133858 0.685039 
vn -0.614173 0.0944882 0.779528 
vn -0.976378 0.165354 0.141732 
vn -0.976378 0.165354 0.141732 
vn -0.968504 -0.228346 0.0944882 
vn -0.645669 0.0314961 0.76378 
vn -0.771654 -0.244094 0.590551 
vn -0.976378 -0.212598 0.0866142 
vn -0.125984 -0.992126 0.0551181 
vn 0.0787402 -0.992126 0.0629921 
vn -0.519685 -0.850394 0.0551181 
vn -0.598425 -0.795276 0.0708661 
vn -0.622047 -0.779528 0.0472441 
vn -0.889764 -0.448819 0.0551181 
vn 0.19685 -0.976378 0.0787402 
vn 0.212598 -0.976378 0.0551181 
vn -0.614173 0.0944882 0.779528 
vn -0.716535 0.133858 0.685039 
vn -0.976378 0.165354 0.141732 
vn -0.716535 0.133858 0.685039 
vn -0.976378 0.165354 0.141732 
vn -0.976378 0.165354 0.141732 
vn -0.645669 0.0314961 0.76378 
vn -0.771654 -0.244094 0.590551 
vn -0.976378 -0.212598 0.0866142 
vn -0.968504 -0.228346 0.0944882 
vn 0.0787402 -0.992126 0.0629921 
vn -0.519685 -0.850394 0.0551181 
vn -0.598425 -0.795276 0.0708661 
vn -0.125984 -0.992126 0.0551181 
vn -0.889764 -0.448819 0.0551181 
vn 0.19685 -0.976378 0.0787402 
vn 0.212598 -0.976378 0.0551181 
vn -0.622047 -0.779528 0.0472441 
vn -0.622047 -0.779528 0.0472441 
vn -0.889764 -0.448819 0.0551181 
vn 0.0787402 -0.992126 0.0629921 
vn -0.125984 -0.992126 0.0551181 
vn -0.795276 0.551181 -0.251969 
vn -0.795276 0.574803 -0.204724 
vn -0.637795 -0.76378 0.0866142 
vn -0.874016 -0.464567 0.133858 
vn 0.338583 0.937008 0.110236 
vn -0.110236 0.724409 -0.677165 
vn -0.267717 0.92126 -0.267717 
vn -0.275591 0.905512 -0.314961 
vn 0.937008 0.23622 0.259843 
vn 0.393701 0.0393701 -0.913386 
vn 0.149606 0.385827 -0.913386 
vn 0.76378 0.574803 0.291339 
vn 0.968504 0 0.259843 
vn 0.299213 -0.244094 -0.92126 
vn -0.0787402 -0.992126 0.102362 
vn -0.874016 -0.464567 0.133858 
vn -0.637795 -0.76378 0.0866142 
vn -0.0708661 -1 0.0314961 
vn -0.0472441 -0.755906 0.653543 
vn -0.527559 -0.80315 -0.267717 
vn -0.314961 -0.0551181 0.944882 
vn -0.0866142 -0.322835 0.944882 
vn -0.748031 -0.417323 -0.511811 
vn -0.913386 -0.181102 -0.362205 
vn -0.897638 -0.110236 -0.433071 
vn -0.401575 0.0866142 0.913386 
vn -0.0787402 -0.992126 0.102362 
vn -0.874016 -0.464567 0.133858 
vn -0.637795 -0.76378 0.0866142 
vn -0.0708661 -1 0.0314961 
vn -0.0472441 -0.755906 0.653543 
vn -0.527559 -0.80315 -0.267717 
vn -0.314961 -0.0551181 0.944882 
vn -0.0866142 -0.322835 0.944882 
vn -0.748031 -0.417323 -0.511811 
vn -0.913386 -0.181102 -0.362205 
vn -0.897638 -0.110236 -0.433071 
vn -0.913386 -0.181102 -0.362205 
vn -0.314961 -0.0551181 0.944882 
vn -0.401575 0.0866142 0.913386 
vn -0.897638 -0.110236 -0.433071 
vn -0.401575 0.0866142 0.913386 
vn -0.527559 -0.80315 -0.267717 
vn -0.0472441 -0.755906 0.653543 
vn -0.645669 -0.748031 0.125984 
vn -0.732283 0.677165 -0.110236 
vn -0.80315 0.582677 -0.102362 
vn -0.858268 -0.503937 0.110236 
vn -0.0472441 0.984252 -0.149606 
vn 0.354331 0.913386 -0.188976 
vn 0.370079 0.92126 -0.149606 
vn -0.267717 0.944882 -0.173228 
vn 0.527559 0.834646 -0.165354 
vn 0.385827 0.88189 -0.259843 
vn 0.984252 0.0629921 -0.181102 
vn 0.976378 0.0708661 -0.188976 
vn 0.984252 0.0472441 -0.165354 
vn 0.984252 0.0393701 -0.15748 
vn 0.92126 0.393701 0.00787402 
vn 0.913386 0.417323 0.0314961 
vn 0.92126 0.393701 0.015748 
vn 0.929134 0.377953 -0.00787402 
vn -0.645669 -0.748031 0.125984 
vn -0.858268 -0.503937 0.110236 
vn 0.0866142 -0.984252 0.173228 
vn -0.0944882 -0.984252 0.15748 
vn -0.409449 -0.897638 0.149606 
vn -0.425197 -0.889764 0.15748 
vn -0.787402 -0.598425 0.149606 
vn -0.464567 -0.866142 0.181102 
vn -0.92126 -0.385827 -0.00787402 
vn -0.929134 -0.370079 0.00787402 
vn -0.92126 -0.385827 -0.00787402 
vn -0.913386 -0.401575 -0.0314961 
vn -0.858268 -0.503937 0.110236 
vn 0.0866142 -0.984252 0.173228 
vn -0.0944882 -0.984252 0.15748 
vn -0.645669 -0.748031 0.125984 
vn -0.409449 -0.897638 0.149606 
vn -0.425197 -0.889764 0.15748 
vn -0.464567 -0.866142 0.181102 
vn -0.787402 -0.598425 0.149606 
vn 0.0944882 -0.19685 -0.976378 
vn 0.110236 -0.19685 -0.976378 
vn -0.92126 -0.385827 -0.00787402 
vn -0.929134 -0.370079 0.00787402 
vn -0.92126 -0.385827 -0.00787402 
vn -0.913386 -0.401575 -0.0314961 
vn -0.913386 -0.401575 -0.0314961 
vn -0.92126 -0.385827 -0.00787402 
vn -0.976378 0.0393701 0.204724 
vn -0.968504 0.110236 0.228346 
vn 0.110236 -0.19685 -0.976378 
vn 0.0944882 -0.19685 -0.976378 
vn -0.968504 0.110236 0.228346 
vn -0.976378 0.0393701 0.204724 
vn -0.968504 0.110236 0.228346 
vn 0.110236 -0.19685 -0.976378 
vn -0.11811 0.984252 -0.102362 
vn 0.141732 0.913386 0.377953 
vn 0.527559 0.779528 -0.338583 
vn -0.0787402 1 -0.023622 
vn 0.488189 0.244094 0.834646 
vn 0.96063 0.0472441 -0.283465 
vn 0.834646 0.409449 -0.370079 
vn 0.385827 0.582677 0.716535 
vn -0.677165 0.740157 0.00787402 
vn -0.779528 -0.622047 -0.0629921 
vn -0.740157 -0.669291 0.0944882 
vn -0.653543 0.755906 -0.023622 
vn 0.00787402 0.204724 0.976378 
vn 0.913386 -0.291339 -0.275591 
vn 0.976378 -0.133858 -0.181102 
vn 0.322835 0.149606 0.937008 
vn -0.952756 0.125984 0.267717 
vn -0.80315 -0.173228 0.574803 
vn 0.0393701 -0.440945 -0.897638 
vn 0.015748 -0.385827 -0.92126 
vn 0.0944882 -0.992126 0.0551181 
vn 0.110236 -0.992126 0.0787402 
vn -0.740157 -0.669291 0.0944882 
vn -0.779528 -0.622047 -0.0629921 
vn -0.984252 0.15748 0.0944882 
vn -0.992126 0.0629921 0.133858 
vn -0.0472441 -0.322835 -0.944882 
vn -0.377953 -0.0393701 -0.92126 
vn -0.590551 -0.724409 0.354331 
vn 0.0314961 -0.88189 -0.472441 
vn 0.0314961 -0.88189 -0.472441 
vn 0.0944882 -0.992126 0.0551181 
vn -0.952756 0.125984 0.267717 
vn -0.80315 -0.173228 0.574803 
vn 0.0393701 -0.440945 -0.897638 
vn 0.015748 -0.385827 -0.92126 
vn 0.110236 -0.992126 0.0787402 
vn -0.740157 -0.669291 0.0944882 
vn -0.779528 -0.622047 -0.0629921 
vn -0.984252 0.15748 0.0944882 
vn -0.992126 0.0629921 0.133858 
vn -0.0472441 -0.322835 -0.944882 
vn -0.377953 -0.0393701 -0.92126 
vn -0.377953 -0.0393701 -0.92126 
vn -0.984252 0.15748 0.0944882 
vn -0.590551 -0.724409 0.354331 
vn -0.590551 -0.724409 0.354331 
vn 0.0314961 -0.88189 -0.472441 
vn -0.0866142 0.0866142 0.992126 
vn -0.283465 0.0787402 0.96063 
vn 0.968504 -0.0314961 0.251969 
vn 0.984252 0.0629921 0.173228 
vn 0.0866142 0.291339 0.952756 
vn 0.96063 0.283465 -0.0393701 
vn 0.755906 0.629921 0.181102 
vn 0.181102 0.606299 0.771654 
vn -0.582677 0.80315 0.133858 
vn 0.015748 0.976378 0.220472 
vn 0.173228 0.905512 0.393701 
vn -0.346457 0.88189 0.314961 
vn -0.787402 0.614173 0.0393701 
vn -0.866142 0.503937 0.0314961 
vn -0.992126 -0.015748 -0.11811 
vn 0.228346 -0.110236 -0.968504 
vn 0.19685 -0.0551181 -0.976378 
vn -0.984252 0.0629921 -0.181102 
vn -0.944882 -0.283465 0.149606 
vn 0.11811 -0.283465 -0.952756 
vn -0.00787402 -0.527559 -0.850394 
vn -0.700787 -0.708661 -0.0629921 
vn 0.275591 -0.952756 -0.125984 
vn 0.125984 -0.96063 -0.251969 
vn -0.228346 -0.897638 -0.377953 
vn -0.0629921 -0.976378 -0.212598 
vn -0.858268 -0.511811 -0.0708661 
vn -0.716535 -0.692913 -0.0787402 
vn 0.228346 -0.110236 -0.968504 
vn 0.19685 -0.0551181 -0.976378 
vn 0.19685 -0.0551181 -0.976378 
vn -0.984252 0.0629921 -0.181102 
vn -0.984252 0.0629921 -0.181102 
vn -0.992126 -0.015748 -0.11811 
vn 0.11811 -0.283465 -0.952756 
vn -0.944882 -0.283465 0.149606 
vn -0.00787402 -0.527559 -0.850394 
vn -0.700787 -0.708661 -0.0629921 
vn 0.125984 -0.96063 -0.251969 
vn -0.228346 -0.897638 -0.377953 
vn -0.0629921 -0.976378 -0.212598 
vn 0.275591 -0.952756 -0.125984 
vn -0.858268 -0.511811 -0.0708661 
vn -0.716535 -0.692913 -0.0787402 
vn -0.858268 -0.511811 -0.0708661 
vn -0.716535 -0.692913 -0.0787402 
vn -0.228346 -0.897638 -0.377953 
vn -0.0629921 -0.976378 -0.212598 
vn -0.330709 0.181102 0.929134 
vn -0.267717 0.141732 0.952756 
vn 0.937008 0.0866142 0.330709 
vn 0.866142 0.401575 0.299213 
vn -0.464567 0.385827 0.795276 
vn -0.370079 0.259843 0.889764 
vn 0.637795 0.76378 0.0787402 
vn 0.267717 0.952756 -0.141732 
vn -0.464567 0.149606 0.874016 
vn 0.897638 -0.0393701 0.440945 
vn -0.889764 -0.338583 -0.307087 
vn 0.456693 -0.110236 -0.88189 
vn 0.393701 -0.173228 -0.905512 
vn -0.944882 -0.0787402 -0.330709 
vn -0.401575 -0.905512 0.125984 
vn 0.370079 -0.204724 -0.905512 
vn 0.417323 -0.0551181 -0.905512 
vn -0.76378 -0.606299 -0.212598 
vn 0.173228 -0.149606 -0.976378 
vn -0.984252 0.0787402 -0.15748 
vn 0.456693 -0.110236 -0.88189 
vn 0.393701 -0.173228 -0.905512 
vn -0.944882 -0.0787402 -0.330709 
vn -0.889764 -0.338583 -0.307087 
vn 0.370079 -0.204724 -0.905512 
vn 0.417323 -0.0551181 -0.905512 
vn -0.76378 -0.606299 -0.212598 
vn -0.401575 -0.905512 0.125984 
vn 0.173228 -0.149606 -0.976378 
vn 0.173228 -0.149606 -0.976378 
vn -0.984252 0.0787402 -0.15748 
vn -0.984252 0.0787402 -0.15748 
vn -0.76378 -0.606299 -0.212598 
vn 0.417323 -0.0551181 -0.905512 
vn -0.818898 -0.566929 0.0787402 
vn -0.653543 0.0944882 0.755906 
vn -0.275591 0.92126 -0.275591 
vn -0.535433 -0.0787402 -0.84252 
vn -0.535433 -0.0787402 -0.84252 
vn -0.818898 -0.566929 0.0787402 
vn -0.535433 -0.0787402 -0.84252 
vn -0.818898 -0.566929 0.0787402 
vn -0.307087 -0.566929 0.76378 
vn 0.76378 -0.574803 0.299213 
vn 0.92126 0.00787402 0.385827 
vn -0.362205 0.0393701 0.929134 
vn 0.716535 0.23622 0.653543 
vn -0.0944882 0.259843 0.96063 
vn 0.023622 0.84252 0.535433 
vn 0.220472 0.661417 0.716535 
vn -0.307087 0.637795 -0.700787 
vn -0.220472 -0.0472441 -0.976378 
vn -0.771654 -0.551181 -0.307087 
vn -0.929134 -0.015748 -0.370079 
vn 0.401575 -0.023622 -0.913386 
vn 0.283465 -0.551181 -0.787402 
vn -0.755906 -0.220472 -0.622047 
vn 0.212598 -0.15748 -0.96063 
vn -0.141732 -0.519685 -0.84252 
vn -0.220472 -0.0472441 -0.976378 
vn -0.307087 0.637795 -0.700787 
vn -0.267717 -0.354331 -0.897638 
vn -0.771654 -0.551181 -0.307087 
vn -0.929134 -0.015748 -0.370079 
vn 0.401575 -0.023622 -0.913386 
vn 0.283465 -0.551181 -0.787402 
vn 0.283465 -0.551181 -0.787402 
vn -0.771654 -0.551181 -0.307087 
vn -0.755906 -0.220472 -0.622047 
vn 0.212598 -0.15748 -0.96063 
vn -0.141732 -0.519685 -0.84252 
vn -0.220472 -0.0472441 -0.976378 
vn -0.307087 0.637795 -0.700787 
vn -0.267717 -0.354331 -0.897638 
vn -0.755906 -0.220472 -0.622047 
vn 0.212598 -0.15748 -0.96063 
vn -0.771654 0.598425 -0.19685 
vn -0.755906 0.622047 -0.212598 
vn -0.811024 -0.574803 0.110236 
vn -0.653543 -0.755906 0.023622 
vn 0.23622 0.913386 -0.330709 
vn 0.212598 0.905512 -0.362205 
vn -0.228346 0.92126 -0.307087 
vn -0.228346 0.92126 -0.307087 
vn 0.708661 0.629921 -0.307087 
vn 0.732283 0.622047 -0.283465 
vn 0.952756 0.15748 -0.259843 
vn 0.952756 0.15748 -0.259843 
vn 0.952756 -0.0472441 -0.291339 
vn 0.96063 -0.0551181 -0.283465 
vn -0.0629921 -0.968504 0.244094 
vn -0.653543 -0.755906 0.023622 
vn -0.811024 -0.574803 0.110236 
vn -0.165354 -0.937008 0.314961 
vn -0.267717 -0.905512 0.330709 
vn -0.228346 -0.92126 0.307087 
vn -0.622047 -0.716535 0.307087 
vn -0.637795 -0.708661 0.291339 
vn -0.96063 -0.0787402 0.275591 
vn -0.952756 0.0944882 0.291339 
vn -0.952756 0.102362 0.275591 
vn -0.952756 -0.125984 0.267717 
vn -0.0629921 -0.968504 0.244094 
vn -0.653543 -0.755906 0.023622 
vn -0.811024 -0.574803 0.110236 
vn -0.165354 -0.937008 0.314961 
vn -0.267717 -0.905512 0.330709 
vn -0.228346 -0.92126 0.307087 
vn -0.622047 -0.716535 0.307087 
vn -0.637795 -0.708661 0.291339 
vn -0.952756 0.0944882 0.291339 
vn -0.96063 -0.0787402 0.275591 
vn -0.952756 -0.125984 0.267717 
vn -0.952756 0.102362 0.275591 
vn -0.0866142 -0.897638 0.440945 
vn -0.0866142 -0.897638 0.440945 
vn -0.0866142 -0.897638 0.440945 
vn -0.0866142 -0.889764 0.440945 
vn -0.622047 -0.716535 0.307087 
vn -0.637795 -0.708661 0.291339 
vn -0.0866142 -0.889764 0.440945 
vn -0.0866142 -0.897638 0.440945 
vn -0.0866142 -0.889764 0.440945 
vn -0.0866142 -0.897638 0.440945 
vn -0.929134 0.307087 -0.19685 
vn -0.929134 0.314961 -0.19685 
vn -0.905512 0.377953 -0.188976 
vn -0.905512 0.377953 -0.188976 
vn 0.590551 0.779528 -0.212598 
vn -0.00787402 0.984252 -0.181102 
vn -0.0314961 0.968504 -0.244094 
vn 0.377953 0.866142 -0.322835 
vn 0.771654 0.614173 -0.133858 
vn 0.850394 0.503937 -0.133858 
vn 0.92126 -0.330709 0.188976 
vn 0.889764 -0.417323 0.173228 
vn 0.889764 -0.417323 0.181102 
vn 0.92126 -0.346457 0.19685 
vn 0.929134 -0.362205 0.0708661 
vn 0.0708661 -0.944882 0.330709 
vn 0.354331 -0.929134 0.102362 
vn 0.984252 -0.149606 -0.0944882 
vn 0.92126 -0.346457 0.19685 
vn 0.92126 -0.330709 0.188976 
vn 0.889764 -0.417323 0.173228 
vn 0.92126 -0.330709 0.188976 
vn 0.92126 -0.346457 0.19685 
vn 0.889764 -0.417323 0.181102 
vn -0.173228 -0.0393701 0.984252 
vn 0.0708661 -0.944882 0.330709 
vn 0.929134 -0.362205 0.0708661 
vn 0.0708661 -0.944882 0.330709 
vn 0.354331 -0.929134 0.102362 
vn 0.984252 -0.149606 -0.0944882 
vn 0.929134 -0.362205 0.0708661 
vn 0.984252 -0.149606 -0.0944882 
vn -0.173228 -0.0393701 0.984252 
vn 0.015748 -0.992126 -0.110236 
vn 0.015748 -0.992126 -0.110236 
vn -0.0787402 0.023622 1 
vn -0.0787402 0.023622 1 
vn -0.0787402 0.023622 1 
vn -0.0787402 -0.00787402 1 
vn 0.653543 -0.748031 0.0866142 
vn 0.220472 -0.976378 -0.0472441 
vn -0.0787402 0.023622 1 
vn -0.0787402 0.023622 1 
vn 0.015748 0.0787402 -1 
vn 0.015748 0.0787402 -1 
vn 0.220472 -0.976378 -0.0472441 
vn 0.653543 -0.748031 0.0866142 
vn -0.173228 -0.0393701 0.984252 
vn 0.015748 -0.992126 -0.110236 
vn 0.133858 0 -0.992126 
vn 0.133858 0 -0.992126 
vn 0.133858 0 -0.992126 
vn 0.133858 0 -0.992126 
vn 0.992126 -0.0314961 0.133858 
vn 0.992126 -0.0314961 0.133858 
vn 0.992126 -0.0314961 0.133858 
vn 0.992126 -0.0314961 0.133858 
vn -0.133858 0 0.992126 
vn -0.133858 0 0.992126 
vn -0.133858 0 0.992126 
vn -0.133858 0 0.992126 
vn -0.133858 0 0.992126 
vn -0.133858 0 0.992126 
vn 0.133858 0 -0.992126 
vn 0.133858 0 -0.992126 
vn 0.133858 0 -0.992126 
vn -0.133858 0 0.992126 
vn 0.133858 0 -0.992126 
vn 0.133858 0 -0.992126 
vn 0.133858 0 -0.992126 
vn 0.559055 -0.826772 0.0787402 
vn 0.559055 -0.826772 0.0787402 
vn -0.133858 0 0.992126 
vn 0.133858 0 -0.992126 
vn 0.133858 0 -0.992126 
vn 0.133858 0 -0.992126 
vn 0.133858 0 -0.992126 
vn -0.0551181 -1 -0.00787402 
vn 0.133858 0 -0.992126 
vn 0.133858 0 -0.992126 
vn -0.0551181 -1 -0.00787402 
vn -0.0551181 -1 -0.00787402 
vn -0.133858 0 0.992126 
vn -0.133858 0 0.992126 
vn -0.0551181 -1 -0.00787402 
vn 0.133858 0 -0.992126 
vn 0.559055 -0.826772 0.0787402 
vn 0.992126 -0.0314961 0.133858 
vn 0.992126 -0.0314961 0.133858 
vn 0.992126 -0.0314961 0.133858 
vn 0.992126 -0.0314961 0.133858 
vn -0.259843 -0.937008 -0.220472 
vn -0.259843 -0.937008 -0.220472 
vn -0.259843 -0.937008 -0.220472 
vn -0.259843 -0.937008 -0.220472 
vn 0.00787402 1 0.015748 
vn 0.00787402 1 0.015748 
vn 0.00787402 1 0.015748 
vn 0.244094 0.92126 0.299213 
vn 0.259843 0 0.968504 
vn 0.259843 0 0.968504 
vn 0.259843 0 0.968504 
vn 0.015748 0.448819 0.889764 
vn -0.023622 -1 0.015748 
vn -0.023622 -1 0.015748 
vn -0.023622 -1 0.015748 
vn -0.015748 -1 -0.0393701 
vn -0.023622 -1 0.015748 
vn -0.023622 -1 0.015748 
vn -0.023622 -1 0.015748 
vn -0.015748 -1 -0.0393701 
vn 0.0787402 -0.96063 0.251969 
vn 0.0708661 -0.984252 0.165354 
vn -0.023622 -1 0.015748 
vn -0.818898 0 0.574803 
vn 0.0787402 -0.96063 0.251969 
vn -0.133858 0.929134 -0.338583 
vn -0.015748 -1 -0.0393701 
vn 0.0708661 -0.984252 0.165354 
vn 0.543307 -0.188976 0.818898 
vn 0.543307 -0.188976 0.818898 
vn 0.543307 -0.188976 0.818898 
vn 0.614173 -0.393701 0.685039 
vn 0.543307 -0.188976 0.818898 
vn -0.740157 0.188976 0.645669 
vn -0.740157 0.188976 0.645669 
vn 0.543307 -0.188976 0.818898 
vn -0.519685 0.330709 -0.787402 
vn -0.519685 0.330709 -0.787402 
vn 0.543307 -0.188976 0.818898 
vn 0.614173 -0.393701 0.685039 
vn -0.740157 -0.0944882 -0.669291 
vn -0.740157 -0.0944882 -0.669291 
vn -0.685039 0.023622 0.724409 
vn -0.259843 -0.937008 -0.220472 
vn 0.732283 0.110236 0.669291 
vn -0.685039 0.023622 0.724409 
vn -0.259843 -0.937008 -0.220472 
vn -0.259843 -0.937008 -0.220472 
vn 0.732283 0.110236 0.669291 
vn -0.259843 -0.937008 -0.220472 
vn 0.015748 0.448819 0.889764 
vn 0.015748 0.448819 0.889764 
vn 0.259843 0 0.968504 
vn 0.259843 0 0.968504 
vn 0.88189 0.377953 0.275591 
vn 0.88189 0.377953 0.275591 
vn 0.88189 0.377953 0.275591 
vn 0.88189 0.377953 0.275591 
vn 0.291339 0.00787402 -0.952756 
vn 0.291339 0.00787402 -0.952756 
vn 0.291339 0.00787402 -0.952756 
vn 0.291339 0.00787402 -0.952756 
vn 0.716535 -0.669291 0.212598 
vn 0.291339 0.00787402 -0.952756 
vn 0.291339 0.00787402 -0.952756 
vn 0.716535 -0.669291 0.212598 
vn 0.716535 -0.669291 0.212598 
vn -0.291339 -0.00787402 0.952756 
vn -0.291339 -0.00787402 0.952756 
vn 0.716535 -0.669291 0.212598 
vn 0.291339 0.00787402 -0.952756 
vn 0.291339 0.00787402 -0.952756 
vn 0.84252 -0.472441 0.251969 
vn 0.291339 0.00787402 -0.952756 
vn -0.291339 -0.00787402 0.952756 
vn 0.84252 -0.472441 0.251969 
vn 0.88189 0.377953 0.275591 
vn 0.88189 0.377953 0.275591 
vn 0.88189 0.377953 0.275591 
vn 0.88189 0.377953 0.275591 
vn -0.433071 0.15748 -0.889764 
vn -0.433071 0.15748 -0.889764 
vn -0.433071 0.15748 -0.889764 
vn -0.433071 0.15748 -0.889764 
vn -0.874016 0.149606 0.456693 
vn -0.874016 0.149606 0.456693 
vn -0.874016 0.149606 0.456693 
vn -0.874016 0.149606 0.456693 
vn 0.433071 -0.15748 0.889764 
vn 0.433071 -0.15748 0.889764 
vn 0.433071 -0.15748 0.889764 
vn 0.433071 -0.15748 0.889764 
vn 0.433071 -0.15748 0.889764 
vn 0.433071 -0.15748 0.889764 
vn -0.433071 0.15748 -0.889764 
vn -0.433071 0.15748 -0.889764 
vn -0.433071 0.15748 -0.889764 
vn -0.433071 0.15748 -0.889764 
vn -0.519685 -0.850394 0.0944882 
vn -0.433071 0.15748 -0.889764 
vn -0.519685 -0.850394 0.0944882 
vn 0.433071 -0.15748 0.889764 
vn -0.433071 0.15748 -0.889764 
vn -0.433071 0.15748 -0.889764 
vn -0.433071 0.15748 -0.889764 
vn -0.433071 0.15748 -0.889764 
vn -0.259843 -0.96063 -0.0551181 
vn -0.133858 -0.984252 -0.125984 
vn -0.433071 0.15748 -0.889764 
vn -0.433071 0.15748 -0.889764 
vn -0.133858 -0.984252 -0.125984 
vn -0.259843 -0.96063 -0.0551181 
vn 0.433071 -0.15748 0.889764 
vn 0.433071 -0.15748 0.889764 
vn -0.433071 0.15748 -0.889764 
vn -0.519685 -0.850394 0.0944882 
vn -0.874016 0.149606 0.456693 
vn -0.874016 0.149606 0.456693 
vn -0.874016 0.149606 0.456693 
vn -0.874016 0.149606 0.456693 
vn 0.102362 0.992126 0.023622 
vn 0.102362 0.992126 0.023622 
vn 0.102362 0.992126 0.023622 
vn 0.0944882 0.992126 0.0629921 
vn 0.0629921 0.992126 0.0866142 
vn 0.023622 0.992126 0.110236 
vn 0.023622 0.992126 -0.110236 
vn 0.023622 0.992126 -0.110236 
vn 0.0629921 0.992126 -0.0866142 
vn 0.0866142 0.992126 -0.0629921 
vn 0.0866142 0.992126 -0.0629921 
vn 0.102362 0.992126 -0.023622 
vn 0.370079 0.92126 0.0708661 
vn 0.370079 0.92126 0.0708661 
vn 0.314961 0.929134 0.212598 
vn 0.314961 0.929134 0.212598 
vn 0.212598 0.929134 0.314961 
vn 0.0708661 0.929134 0.370079 
vn 0.133858 0.897638 -0.417323 
vn 0.133858 0.897638 -0.417323 
vn 0.212598 0.92126 -0.314961 
vn 0.314961 0.92126 -0.212598 
vn 0.314961 0.92126 -0.212598 
vn 0.874016 0.456693 0.173228 
vn 0.874016 0.456693 0.173228 
vn 0.740157 0.456693 0.496063 
vn 0.740157 0.456693 0.496063 
vn 0.496063 0.456693 0.740157 
vn 0.173228 0.456693 0.874016 
vn 0.488189 0.456693 -0.748031 
vn 0.740157 0.456693 -0.496063 
vn 0.740157 0.456693 -0.496063 
vn 0.976378 0.023622 0.220472 
vn 0.976378 0.023622 0.220472 
vn 0.976378 0.023622 0.220472 
vn 0.976378 0.015748 0.204724 
vn 0.826772 0 0.559055 
vn 0.826772 0 0.559055 
vn 0.826772 0 0.559055 
vn 0.826772 0 0.559055 
vn 0.551181 0.110236 0.826772 
vn 0.551181 0.110236 0.826772 
vn 0.19685 0 0.984252 
vn 0.19685 0 0.984252 
vn 0.19685 0 0.984252 
vn 0.19685 0 0.984252 
vn 0.984252 -0.00787402 -0.188976 
vn 0.984252 -0.00787402 -0.188976 
vn 0.976378 0.023622 -0.228346 
vn 0.976378 0.023622 -0.228346 
vn 0.976378 0.023622 -0.228346 
vn 0.96063 0.0944882 -0.267717 
vn 0.858268 0.0314961 -0.511811 
vn 0.858268 0.0314961 -0.511811 
vn 0.559055 0.0393701 -0.826772 
vn 0.559055 0.0393701 -0.826772 
vn 0.826772 0 0.559055 
vn 0.826772 0 0.559055 
vn 0.559055 0 0.834646 
vn 0.19685 0 0.984252 
vn 0.984252 -0.0314961 -0.181102 
vn 0.976378 0.023622 -0.204724 
vn 0.826772 0 0.559055 
vn 0.826772 0 0.559055 
vn 0.559055 0 0.826772 
vn 0.204724 0.015748 0.976378 
vn 0.102362 0.992126 0.023622 
vn -0.102362 0.992126 0.023622 
vn -0.102362 0.992126 0.023622 
vn -0.0944882 0.992126 0.0629921 
vn -0.0944882 0.992126 0.0629921 
vn -0.0629921 0.992126 0.0866142 
vn 0.023622 0.992126 0.110236 
vn 0.023622 0.992126 -0.110236 
vn -0.023622 0.992126 -0.110236 
vn -0.0629921 0.992126 -0.0866142 
vn -0.0866142 0.992126 -0.0629921 
vn -0.0866142 0.992126 -0.0629921 
vn -0.370079 0.92126 0.0708661 
vn -0.370079 0.929134 0.0708661 
vn -0.314961 0.929134 0.212598 
vn -0.314961 0.929134 0.212598 
vn -0.212598 0.929134 0.314961 
vn 0.0708661 0.929134 0.370079 
vn 0.133858 0.897638 -0.417323 
vn -0.0708661 0.92126 -0.377953 
vn -0.212598 0.92126 -0.314961 
vn -0.314961 0.92126 -0.212598 
vn -0.314961 0.92126 -0.212598 
vn -0.874016 0.456693 0.173228 
vn -0.874016 0.456693 0.173228 
vn -0.740157 0.456693 0.496063 
vn -0.740157 0.456693 0.496063 
vn -0.496063 0.456693 0.740157 
vn -0.15748 0.574803 0.80315 
vn -0.15748 0.574803 0.80315 
vn -0.496063 0.456693 -0.740157 
vn -0.740157 0.456693 -0.496063 
vn -0.740157 0.456693 -0.496063 
vn -0.976378 0.015748 0.204724 
vn -0.976378 0.015748 0.204724 
vn -0.976378 0.015748 0.204724 
vn -0.976378 0.023622 0.220472 
vn -0.826772 0 0.559055 
vn -0.826772 0 0.559055 
vn -0.826772 0 0.559055 
vn -0.826772 0 0.559055 
vn -0.559055 0 0.834646 
vn -0.559055 0 0.834646 
vn -0.19685 0.0314961 0.976378 
vn -0.19685 0.0314961 0.976378 
vn -0.19685 0.0314961 0.976378 
vn -0.19685 0.0314961 0.976378 
vn -0.984252 -0.015748 -0.181102 
vn -0.984252 -0.00787402 -0.188976 
vn -0.96063 0.0944882 -0.267717 
vn -0.96063 0.0944882 -0.267717 
vn -0.96063 0.0944882 -0.267717 
vn -0.976378 0.023622 -0.228346 
vn -0.834646 -0.00787402 -0.551181 
vn -0.858268 0.0314961 -0.511811 
vn -0.559055 0.015748 -0.826772 
vn -0.566929 0.0393701 -0.826772 
vn -0.850394 -0.19685 0.480315 
vn -0.858268 0 0.511811 
vn -0.559055 0 0.826772 
vn -0.19685 0.0787402 0.976378 
vn -0.204724 0.0944882 0.976378 
vn -0.976378 0.023622 -0.204724 
vn -0.976378 0.023622 -0.204724 
vn -0.818898 0.110236 0.559055 
vn -0.826772 0 0.559055 
vn -0.559055 0 0.826772 
vn 0.19685 0 0.984252 
vn 0.204724 0.015748 0.976378 
vn 0 -0.322835 0.944882 
vn 0 -0.322835 0.944882 
vn 0.425197 -0.472441 -0.771654 
vn 0.425197 -0.472441 -0.771654 
vn 0.267717 -0.858268 -0.448819 
vn 0.425197 -0.472441 -0.771654 
vn 0.110236 -0.944882 -0.314961 
vn -0.23622 -0.937008 -0.251969 
vn -0.23622 -0.937008 -0.251969 
vn -0.251969 -0.952756 -0.165354 
vn -0.354331 -0.0944882 -0.929134 
vn -0.354331 -0.0944882 -0.929134 
vn -0.362205 0.125984 -0.92126 
vn 0 -0.322835 0.944882 
vn -0.362205 0.125984 -0.92126 
vn -0.0787402 -0.661417 -0.748031 
vn -0.0787402 -0.661417 -0.748031 
vn 0.0314961 -0.708661 -0.700787 
vn -0.133858 -0.535433 -0.834646 
vn -0.015748 -0.110236 0.992126 
vn -0.015748 -0.110236 0.992126 
vn 0.220472 -0.913386 0.346457 
vn 0.417323 -0.15748 -0.889764 
vn 0 -0.322835 0.944882 
vn 0 -0.322835 0.944882 
vn -0.417323 -0.11811 -0.897638 
vn -0.464567 -0.0551181 -0.88189 
vn -0.19685 -0.929134 -0.322835 
vn -0.19685 -0.929134 -0.322835 
vn -0.133858 -0.937008 -0.330709 
vn -0.11811 -0.944882 -0.314961 
vn -0.23622 -0.937008 -0.251969 
vn 0.354331 -0.0944882 -0.929134 
vn 0.354331 -0.0944882 -0.929134 
vn 0.362205 0.125984 -0.92126 
vn 0.362205 0.125984 -0.92126 
vn 0 -0.322835 0.944882 
vn 0.0787402 -0.661417 -0.748031 
vn 0.0787402 -0.661417 -0.748031 
vn -0.023622 -0.708661 -0.700787 
vn 0.0314961 -0.259843 -0.968504 
vn 0.015748 -0.110236 0.992126 
vn 0.015748 -0.110236 0.992126 
vn -0.204724 -0.889764 0.401575 
vn -0.464567 -0.559055 -0.685039 
vn 0.173228 -0.472441 -0.866142 
vn 0.173228 -0.472441 -0.866142 
vn 0.173228 0.456693 0.874016 
vn 0.19685 0 0.984252 
vn 0.19685 0 0.984252 
vn 0.15748 -0.984252 -0.110236 
vn 0.15748 -0.984252 -0.110236 
vn -0.23622 -0.937008 -0.251969 
vn 0.110236 -0.944882 -0.314961 
vn -0.251969 -0.952756 -0.165354 
vn -0.251969 -0.952756 -0.165354 
vn -0.19685 -0.929134 -0.322835 
vn -0.133858 -0.937008 -0.330709 
vn 0 -0.322835 0.944882 
vn 0 -0.322835 0.944882 
vn -0.244094 -0.307087 0.92126 
vn -0.244094 -0.307087 0.92126 
vn 0.425197 -0.472441 -0.771654 
vn 0.425197 -0.472441 -0.771654 
vn -0.393701 -0.275591 -0.88189 
vn -0.393701 -0.275591 -0.88189 
vn 0.267717 -0.858268 -0.448819 
vn -0.622047 -0.370079 -0.692913 
vn -0.440945 -0.330709 -0.834646 
vn -0.181102 -0.314961 -0.929134 
vn -0.354331 -0.0944882 -0.929134 
vn -0.354331 -0.0944882 -0.929134 
vn -0.677165 -0.0708661 -0.732283 
vn -0.677165 -0.0708661 -0.732283 
vn -0.362205 0.125984 -0.92126 
vn -0.425197 0.125984 -0.897638 
vn -0.0787402 -0.661417 -0.748031 
vn -0.0787402 -0.661417 -0.748031 
vn -0.850394 -0.511811 -0.0787402 
vn -0.850394 -0.511811 -0.0787402 
vn 0.0314961 -0.708661 -0.700787 
vn -0.629921 -0.724409 0.275591 
vn -0.133858 -0.535433 -0.834646 
vn -0.80315 -0.590551 0.0787402 
vn -0.015748 -0.110236 0.992126 
vn -0.015748 -0.110236 0.992126 
vn 0.110236 -0.110236 0.984252 
vn 0.110236 -0.110236 0.984252 
vn 0.220472 -0.913386 0.346457 
vn -0.811024 -0.582677 0.0472441 
vn 0.417323 -0.15748 -0.889764 
vn -0.125984 -0.125984 -0.984252 
vn 0 -0.322835 0.944882 
vn 0 -0.322835 0.944882 
vn 0.244094 -0.307087 0.92126 
vn 0.244094 -0.307087 0.92126 
vn -0.464567 -0.0551181 -0.88189 
vn -0.417323 -0.11811 -0.897638 
vn 0.0551181 -0.110236 -0.992126 
vn 0.0551181 -0.110236 -0.992126 
vn -0.133858 -0.937008 -0.330709 
vn 0.622047 -0.370079 -0.692913 
vn -0.11811 -0.944882 -0.314961 
vn 0.440945 -0.330709 -0.834646 
vn -0.23622 -0.937008 -0.251969 
vn -0.181102 -0.314961 -0.929134 
vn 0.354331 -0.0944882 -0.929134 
vn 0.354331 -0.0944882 -0.929134 
vn 0.677165 -0.0708661 -0.732283 
vn 0.677165 -0.0708661 -0.732283 
vn 0.362205 0.125984 -0.92126 
vn 0.425197 0.125984 -0.897638 
vn 0.0787402 -0.661417 -0.748031 
vn 0.0787402 -0.661417 -0.748031 
vn 0.850394 -0.511811 -0.0787402 
vn 0.850394 -0.511811 -0.0787402 
vn -0.023622 -0.708661 -0.700787 
vn 0.629921 -0.724409 0.275591 
vn 0.0314961 -0.259843 -0.968504 
vn 0.84252 -0.543307 0.023622 
vn 0.015748 -0.110236 0.992126 
vn 0.015748 -0.110236 0.992126 
vn -0.110236 -0.110236 0.984252 
vn -0.110236 -0.110236 0.984252 
vn -0.204724 -0.889764 0.401575 
vn 0.811024 -0.582677 0.0472441 
vn -0.464567 -0.559055 -0.685039 
vn 0.370079 -0.275591 -0.889764 
vn 0.173228 -0.472441 -0.866142 
vn -0.141732 -0.88189 0.448819 
vn 0.173228 -0.472441 -0.866142 
vn -0.141732 -0.88189 0.448819 
vn -0.700787 -0.637795 -0.322835 
vn 0.629921 0.732283 0.251969 
vn 0.212598 0.976378 -0.0393701 
vn 0.503937 0.84252 0.19685 
vn 0.0314961 1 0.0629921 
vn 0.0314961 1 0.0629921 
vn 0.0314961 1 0.0787402 
vn -0.574803 0.80315 0.165354 
vn -0.212598 0.976378 -0.0944882 
vn -0.637795 0.755906 0.141732 
vn -0.551181 -0.0866142 0.834646 
vn -0.590551 0 0.80315 
vn -0.614173 0 0.795276 
vn 0.228346 0.11811 -0.968504 
vn 0.291339 0 -0.96063 
vn 0.267717 0 -0.96063 
vn 0.259843 0 -0.968504 
vn 0.503937 -0.755906 -0.417323 
vn 0.133858 -0.0944882 0.984252 
vn 0.0629921 0.0866142 0.992126 
vn 0.181102 -0.023622 0.984252 
vn 0.212598 0.19685 0.96063 
vn 0.0944882 0.409449 0.905512 
vn 0 0.472441 0.88189 
vn 0 0.472441 0.88189 
vn 0 0.433071 0.897638 
vn -0.0787402 0.275591 0.96063 
vn -0.133858 0.023622 0.992126 
vn -0.0551181 0.0314961 1 
vn -0.0551181 0.00787402 1 
vn -0.00787402 -0.181102 0.984252 
vn -0.566929 -0.787402 -0.23622 
vn -0.267717 0 -0.96063 
vn -0.291339 0 -0.96063 
vn -0.354331 0 -0.937008 
vn -0.244094 0.354331 -0.905512 
vn 0.590551 0 0.80315 
vn 0.598425 0 0.80315 
vn -0.992126 -0.00787402 -0.0944882 
vn -0.992126 -0.00787402 -0.0944882 
vn -0.992126 -0.00787402 -0.0944882 
vn -1 -0.0314961 -0.0393701 
vn -1 -0.023622 -0.0472441 
vn -0.992126 0.0393701 -0.133858 
vn 1 0.0314961 0.0393701 
vn 1 0.0314961 0.0393701 
vn 1 0.0314961 0.0393701 
vn 0.992126 0.00787402 0.0944882 
vn 0.992126 -0.0314961 0.133858 
vn 0.992126 -0.0314961 0.133858 
vn 1 0.0314961 0.0393701 
vn 0.992126 0.00787402 0.0944882 
vn 0.992126 0.00787402 0.0944882 
vn 1 0.0314961 0.0393701 
vn 1 0.0314961 0.0393701 
vn 1 0.0314961 0.0393701 
vn 0.992126 -0.0314961 0.133858 
vn 0.992126 -0.0314961 0.133858 
vn 1 -0.0314961 -0.0393701 
vn 1 -0.0314961 -0.0393701 
vn 1 -0.0314961 -0.0393701 
vn 0.992126 -0.00787402 -0.0944882 
vn 0.992126 0.0393701 -0.133858 
vn 0.992126 0.0393701 -0.133858 
vn -0.992126 0.00787402 0.0944882 
vn -0.992126 0.00787402 0.0944882 
vn -0.992126 0.00787402 0.0944882 
vn -1 0.0314961 0.0393701 
vn -1 0.023622 0.0393701 
vn -0.992126 -0.0314961 0.133858 
vn -0.992126 0.00787402 0.0944882 
vn -0.992126 0.00787402 0.0944882 
vn -0.992126 0.00787402 0.0944882 
vn -0.992126 0.00787402 0.0944882 
vn -1 0.0314961 0.0393701 
vn -0.992126 0.00787402 0.0944882 
vn -1 0.023622 0.0393701 
vn -0.992126 -0.0314961 0.133858 

vt 0.408468 0.285749 
vt 0.392687 0.370979 
vt 0.437404 0.371711 
vt 0.44555 0.283545 
vt 0.389621 0.403722 
vt 0.430747 0.407923 
vt 0.431321 0.447088 
vt 0.38453 0.442931 
vt 0.394152 0.484454 
vt 0.436113 0.486042 
vt 0.411224 0.574926 
vt 0.446199 0.576914 
vt 0.441459 0.524862 
vt 0.399333 0.525186 
vt 0.413995 0.601381 
vt 0.453731 0.599246 
vt 0.216857 0.847997 
vt 0.234728 0.849154 
vt 0.221589 0.89577 
vt 0.197716 0.892819 
vt 0.217876 0.911155 
vt 0.193625 0.906793 
vt 0.216705 0.927593 
vt 0.220009 0.946506 
vt 0.195988 0.942297 
vt 0.192235 0.922731 
vt 0.207847 0.986038 
vt 0.199825 0.961891 
vt 0.223493 0.965667 
vt 0.230077 0.990078 
vt 0.214981 1.00532 
vt 0.234728 1.00594 
vt 0.382807 0.281711 
vt 0.366849 0.367834 
vt 0.46293 0.373963 
vt 0.471942 0.286364 
vt 0.448568 0.257136 
vt 0.416308 0.261116 
vt 0.362551 0.395683 
vt 0.458028 0.402185 
vt 0.356099 0.457976 
vt 0.365837 0.491278 
vt 0.465271 0.489956 
vt 0.464257 0.453393 
vt 0.471942 0.572107 
vt 0.470491 0.52738 
vt 0.369979 0.528982 
vt 0.378574 0.576524 
vt 0.468602 0.601808 
vt 0.396866 0.611389 
vt 0.422457 0.618767 
vt 0.459192 0.612142 
vt 0.459069 0.432608 
vt 0.355196 0.425614 
vt 0.176568 0.602019 
vt 0.167605 0.619056 
vt 0.146068 0.610633 
vt 0.147766 0.59131 
vt 0.197207 0.531721 
vt 0.187256 0.560199 
vt 0.153595 0.551363 
vt 0.150701 0.52467 
vt 0.197277 0.464904 
vt 0.19541 0.504692 
vt 0.154074 0.500898 
vt 0.156884 0.463627 
vt 0.201067 0.399021 
vt 0.199552 0.430429 
vt 0.159002 0.431708 
vt 0.159472 0.400304 
vt 0.204118 0.309498 
vt 0.163649 0.299567 
vt 0.185024 0.861027 
vt 0.168285 0.863928 
vt 0.172147 0.846614 
vt 0.183274 0.846273 
vt 0.188186 0.884196 
vt 0.165778 0.884823 
vt 0.166558 0.872707 
vt 0.186348 0.870885 
vt 0.187634 0.917516 
vt 0.167185 0.916614 
vt 0.166041 0.896221 
vt 0.189109 0.899065 
vt 0.188338 0.950657 
vt 0.167666 0.948665 
vt 0.166812 0.933321 
vt 0.188301 0.936185 
vt 0.184066 1.00092 
vt 0.165778 1.00528 
vt 0.20685 0.591217 
vt 0.186045 0.619401 
vt 0.181532 0.578668 
vt 0.137155 0.605926 
vt 0.13535 0.571147 
vt 0.153615 0.56891 
vt 0.226871 0.551866 
vt 0.217455 0.574293 
vt 0.133314 0.555094 
vt 0.126843 0.53411 
vt 0.225495 0.465661 
vt 0.2254 0.500573 
vt 0.131721 0.496205 
vt 0.135102 0.460262 
vt 0.225844 0.401344 
vt 0.225923 0.429203 
vt 0.138687 0.429604 
vt 0.138724 0.400128 
vt 0.22924 0.313521 
vt 0.142231 0.301401 
vt 0.171062 0.279738 
vt 0.20517 0.284514 
vt 0.125688 0.516962 
vt 0.229241 0.527205 
vt 0.562189 0.599573 
vt 0.504058 0.609255 
vt 0.501843 0.589157 
vt 0.561023 0.577125 
vt 0.554684 0.546528 
vt 0.503513 0.561382 
vt 0.502128 0.509615 
vt 0.554286 0.495534 
vt 0.503447 0.466042 
vt 0.555734 0.456712 
vt 0.508258 0.394588 
vt 0.555391 0.387161 
vt 0.554392 0.418248 
vt 0.506885 0.426093 
vt 0.557772 0.280156 
vt 0.558358 0.30227 
vt 0.508702 0.304853 
vt 0.51261 0.284031 
vt 0.123774 1.00103 
vt 0.12707 0.978901 
vt 0.15657 0.989331 
vt 0.154394 1.00839 
vt 0.127246 0.952779 
vt 0.157745 0.961785 
vt 0.155556 0.93855 
vt 0.126043 0.932204 
vt 0.15246 0.902018 
vt 0.154459 0.916449 
vt 0.12574 0.911771 
vt 0.124668 0.897906 
vt 0.127356 0.836168 
vt 0.152057 0.838945 
vt 0.15272 0.852428 
vt 0.127401 0.849901 
vt 0.483718 0.597616 
vt 0.482316 0.561819 
vt 0.5762 0.544577 
vt 0.582217 0.586205 
vt 0.479875 0.510859 
vt 0.576781 0.494815 
vt 0.575237 0.455496 
vt 0.483452 0.466763 
vt 0.576657 0.39049 
vt 0.572929 0.417449 
vt 0.487659 0.424972 
vt 0.486977 0.397013 
vt 0.580647 0.279896 
vt 0.582217 0.304339 
vt 0.485162 0.305197 
vt 0.489641 0.281744 
vt 0.508834 0.26149 
vt 0.554205 0.257905 
vt 0.487673 0.367655 
vt 0.485439 0.327458 
vt 0.50835 0.323864 
vt 0.510437 0.363197 
vt 0.12627 0.862418 
vt 0.152203 0.86462 
vt 0.15079 0.886752 
vt 0.123774 0.88297 
vt 0.55796 0.321862 
vt 0.580637 0.326538 
vt 0.578641 0.363021 
vt 0.557674 0.358322 
vt 0.643787 0.474122 
vt 0.650971 0.528871 
vt 0.612968 0.539341 
vt 0.604416 0.485143 
vt 0.646726 0.389905 
vt 0.643641 0.418274 
vt 0.606905 0.418143 
vt 0.607978 0.388481 
vt 0.615586 0.564028 
vt 0.657393 0.545641 
vt 0.664142 0.567236 
vt 0.621911 0.585814 
vt 0.660469 0.329257 
vt 0.651004 0.363158 
vt 0.613178 0.359927 
vt 0.617473 0.324766 
vt 0.60414 0.450926 
vt 0.642345 0.44756 
vt 0.243485 0.913298 
vt 0.22208 0.905445 
vt 0.230014 0.877002 
vt 0.250935 0.886025 
vt 0.245098 0.955623 
vt 0.22364 0.959002 
vt 0.22087 0.942893 
vt 0.242415 0.941736 
vt 0.239498 0.856353 
vt 0.259381 0.870401 
vt 0.259381 0.984014 
vt 0.237784 0.990723 
vt 0.228938 0.973264 
vt 0.250357 0.967786 
vt 0.219689 0.924198 
vt 0.241049 0.926807 
vt 0.660378 0.472692 
vt 0.667195 0.524621 
vt 0.595217 0.540693 
vt 0.587707 0.487341 
vt 0.662899 0.392058 
vt 0.659664 0.419062 
vt 0.589881 0.417395 
vt 0.591786 0.387161 
vt 0.677635 0.555639 
vt 0.601854 0.581815 
vt 0.677635 0.335875 
vt 0.667699 0.367839 
vt 0.59539 0.359744 
vt 0.598903 0.324377 
vt 0.61816 0.307178 
vt 0.66082 0.310746 
vt 0.658535 0.446968 
vt 0.587904 0.451955 
vt 0.735191 0.374241 
vt 0.698593 0.375216 
vt 0.704841 0.325858 
vt 0.745631 0.324103 
vt 0.727002 0.420035 
vt 0.6943 0.42087 
vt 0.726201 0.442235 
vt 0.691052 0.445299 
vt 0.734905 0.488682 
vt 0.700606 0.500737 
vt 0.68986 0.470436 
vt 0.730324 0.462013 
vt 0.713049 0.54581 
vt 0.708697 0.528662 
vt 0.740821 0.513202 
vt 0.74925 0.523814 
vt 0.277236 0.896773 
vt 0.287475 0.870096 
vt 0.265706 0.868242 
vt 0.256809 0.894456 
vt 0.27041 0.917987 
vt 0.251025 0.917153 
vt 0.249066 0.930193 
vt 0.268854 0.928723 
vt 0.276207 0.950517 
vt 0.271586 0.937564 
vt 0.251275 0.942101 
vt 0.256712 0.958441 
vt 0.27084 0.985627 
vt 0.287475 0.969898 
vt 0.280925 0.96184 
vt 0.262104 0.972734 
vt 0.681674 0.376605 
vt 0.686579 0.327251 
vt 0.70414 0.308525 
vt 0.744472 0.30604 
vt 0.762676 0.329531 
vt 0.751692 0.379544 
vt 0.67791 0.419434 
vt 0.743008 0.419806 
vt 0.675715 0.444499 
vt 0.742566 0.440061 
vt 0.685386 0.506624 
vt 0.675301 0.47759 
vt 0.747668 0.46239 
vt 0.750614 0.486713 
vt 0.707224 0.563429 
vt 0.695729 0.533649 
vt 0.755609 0.510234 
vt 0.762676 0.527866 
vt 0.721096 0.560887 
vt 0.755851 0.535952 
vt 0.672998 0.46649 
vt 0.746603 0.456172 
vt 0.813597 0.388073 
vt 0.777804 0.38811 
vt 0.784986 0.341963 
vt 0.820279 0.338005 
vt 0.809161 0.42006 
vt 0.775046 0.419386 
vt 0.775671 0.459605 
vt 0.807533 0.453202 
vt 0.810939 0.480349 
vt 0.779454 0.490828 
vt 0.793061 0.527929 
vt 0.787229 0.511738 
vt 0.815118 0.500741 
vt 0.82261 0.509452 
vt 0.372908 0.88964 
vt 0.381512 0.864565 
vt 0.361275 0.863575 
vt 0.353896 0.888172 
vt 0.371404 0.904625 
vt 0.353445 0.903367 
vt 0.351292 0.923187 
vt 0.37032 0.919942 
vt 0.371893 0.933089 
vt 0.353422 0.939378 
vt 0.366544 0.95872 
vt 0.381512 0.950064 
vt 0.375715 0.942379 
vt 0.35777 0.951593 
vt 0.761574 0.386277 
vt 0.768661 0.341393 
vt 0.783301 0.326108 
vt 0.818749 0.322004 
vt 0.836663 0.340637 
vt 0.830391 0.388886 
vt 0.762011 0.413345 
vt 0.82243 0.413516 
vt 0.761362 0.461553 
vt 0.760429 0.426813 
vt 0.824133 0.424305 
vt 0.821572 0.450789 
vt 0.765683 0.490978 
vt 0.824203 0.475733 
vt 0.787218 0.537271 
vt 0.774108 0.516498 
vt 0.829231 0.495162 
vt 0.836663 0.51079 
vt 0.799973 0.535156 
vt 0.829765 0.520049 
vt 0.883185 0.421008 
vt 0.853043 0.425933 
vt 0.85593 0.400077 
vt 0.883696 0.395766 
vt 0.885538 0.46205 
vt 0.861408 0.47399 
vt 0.856635 0.459471 
vt 0.884364 0.45386 
vt 0.859546 0.366296 
vt 0.890096 0.35861 
vt 0.852095 0.443533 
vt 0.882683 0.437163 
vt 0.258182 0.800702 
vt 0.25965 0.789023 
vt 0.243257 0.789993 
vt 0.241059 0.803484 
vt 0.261107 0.82111 
vt 0.258688 0.815312 
vt 0.242468 0.819579 
vt 0.249312 0.826793 
vt 0.266169 0.769658 
vt 0.248676 0.772172 
vt 0.24102 0.811642 
vt 0.257653 0.808104 
vt 0.835385 0.422209 
vt 0.838339 0.398528 
vt 0.901666 0.397937 
vt 0.90129 0.419353 
vt 0.84874 0.484527 
vt 0.841281 0.466745 
vt 0.901754 0.452221 
vt 0.901782 0.464177 
vt 0.841301 0.365866 
vt 0.854742 0.348895 
vt 0.885001 0.340762 
vt 0.90815 0.36237 
vt 0.90054 0.438967 
vt 0.835697 0.45252 
vt 0.899133 0.489527 
vt 0.891749 0.506053 
vt 0.87058 0.501781 
vt 0.892128 0.473102 
vt 0.855512 0.516462 
vt 0.266169 0.829482 
vt 0.262855 0.838969 
vt 0.90815 0.481115 
vt 0.899584 0.432466 
vt 0.835385 0.436842 
vt 0.929605 0.10461 
vt 0.928003 0.145049 
vt 0.896301 0.142964 
vt 0.897396 0.105439 
vt 0.928324 0.174011 
vt 0.896062 0.174391 
vt 0.927272 0.20341 
vt 0.927451 0.220962 
vt 0.896032 0.219694 
vt 0.89721 0.202036 
vt 0.216331 0.713766 
vt 0.234432 0.714784 
vt 0.235126 0.735935 
vt 0.216608 0.736564 
vt 0.234527 0.752047 
vt 0.21642 0.751276 
vt 0.216604 0.763658 
vt 0.233665 0.763491 
vt 0.234053 0.767145 
vt 0.216331 0.768756 
vt 0.944328 0.105819 
vt 0.942581 0.145482 
vt 0.881681 0.142489 
vt 0.882586 0.105279 
vt 0.896797 0.090684 
vt 0.928891 0.089802 
vt 0.942849 0.171411 
vt 0.88142 0.171151 
vt 0.940686 0.199681 
vt 0.944328 0.207869 
vt 0.879398 0.202224 
vt 0.88401 0.197662 
vt 0.942449 0.177825 
vt 0.881732 0.177561 
vt 0.244831 0.025993 
vt 0.286596 0.027306 
vt 0.279283 0.063538 
vt 0.241477 0.057636 
vt 0.273273 0.103757 
vt 0.271506 0.131186 
vt 0.238705 0.120957 
vt 0.239978 0.091185 
vt 0.235092 0.173187 
vt 0.237238 0.150753 
vt 0.272319 0.158301 
vt 0.278397 0.17845 
vt 0.241959 0.222089 
vt 0.242772 0.196082 
vt 0.27629 0.202087 
vt 0.283159 0.227294 
vt 0.070375 0.891482 
vt 0.066442 0.90765 
vt 0.088492 0.912141 
vt 0.093618 0.893495 
vt 0.085647 0.933845 
vt 0.06495 0.926542 
vt 0.065427 0.940976 
vt 0.08682 0.946511 
vt 0.068461 0.961386 
vt 0.090369 0.964634 
vt 0.088711 0.95916 
vt 0.067705 0.955568 
vt 0.073195 0.986247 
vt 0.093618 0.98871 
vt 0.091255 0.970764 
vt 0.069587 0.967905 
vt 0.221204 0.052874 
vt 0.226303 0.02227 
vt 0.292872 0.010351 
vt 0.249294 0.00872201 
vt 0.305773 0.028572 
vt 0.301166 0.063399 
vt 0.214718 0.088545 
vt 0.213184 0.117597 
vt 0.298532 0.128909 
vt 0.299598 0.104416 
vt 0.304303 0.163853 
vt 0.301562 0.153603 
vt 0.211253 0.145621 
vt 0.208838 0.15603 
vt 0.299918 0.233674 
vt 0.305773 0.199418 
vt 0.208568 0.196189 
vt 0.22079 0.230369 
vt 0.237704 0.243874 
vt 0.278045 0.245395 
vt 0.304316 0.188084 
vt 0.207992 0.18347 
vt 0.058112 0.215836 
vt 0.035426 0.209102 
vt 0.032939 0.225592 
vt 0.05157 0.230727 
vt 0.067533 0.17017 
vt 0.028895 0.165769 
vt 0.034501 0.192643 
vt 0.061172 0.200325 
vt 0.061663 0.130492 
vt 0.024002 0.127424 
vt 0.028633 0.144532 
vt 0.062393 0.149764 
vt 0.059989 0.071136 
vt 0.03069 0.061447 
vt 0.236157 0.827395 
vt 0.234068 0.839591 
vt 0.223552 0.83594 
vt 0.219038 0.824311 
vt 0.236405 0.815964 
vt 0.216501 0.816311 
vt 0.235163 0.800035 
vt 0.235229 0.807328 
vt 0.21468 0.808336 
vt 0.215567 0.801513 
vt 0.220484 0.773891 
vt 0.236405 0.781675 
vt 0.085601 0.206989 
vt 0.071645 0.223936 
vt 0.021218 0.217641 
vt 0.017166 0.195821 
vt 0.09439 0.188864 
vt 0.01063 0.182369 
vt 0.096 0.124518 
vt 0.09179 0.136709 
vt 0.005533 0.148633 
vt -0.001899 0.138882 
vt 0.011898 0.06056 
vt 0.003441 0.109583 
vt 0.083518 0.105613 
vt 0.079279 0.073192 
vt 0.038196 0.044673 
vt 0.068528 0.054117 
vt 0.003759 0.163706 
vt 0.096 0.152519 
vt 0.350257 0.258795 
vt 0.349903 0.237428 
vt 0.397775 0.241279 
vt 0.397608 0.261394 
vt 0.348471 0.216041 
vt 0.343047 0.183044 
vt 0.385543 0.187531 
vt 0.390944 0.222889 
vt 0.385164 0.163776 
vt 0.34302 0.158202 
vt 0.338622 0.135859 
vt 0.344176 0.105935 
vt 0.389264 0.113085 
vt 0.388163 0.139526 
vt 0.354649 0.026009 
vt 0.396684 0.038571 
vt 0.395537 0.07849 
vt 0.342495 0.066526 
vt 0.294141 0.866332 
vt 0.320176 0.864495 
vt 0.316094 0.879969 
vt 0.28917 0.883145 
vt 0.311912 0.895517 
vt 0.28612 0.897317 
vt 0.31005 0.905255 
vt 0.284175 0.909307 
vt 0.296286 0.980231 
vt 0.288426 0.955317 
vt 0.313603 0.946602 
vt 0.320176 0.971264 
vt 0.419621 0.247542 
vt 0.412631 0.216377 
vt 0.327573 0.215051 
vt 0.331184 0.249151 
vt 0.408524 0.185455 
vt 0.321507 0.186487 
vt 0.318435 0.164737 
vt 0.407296 0.164853 
vt 0.410326 0.108272 
vt 0.411956 0.133037 
vt 0.334752 0.016878 
vt 0.319877 0.059865 
vt 0.419621 0.079531 
vt 0.418374 0.035609 
vt 0.403532 0.016792 
vt 0.360735 0.00484902 
vt 0.285446 0.935578 
vt 0.283592 0.920317 
vt 0.310129 0.91506 
vt 0.311284 0.929219 
vt 0.321931 0.121931 
vt 0.324903 0.094687 
vt 0.313522 0.145247 
vt 0.415653 0.150487 
vt 0.543335 0.19372 
vt 0.545035 0.164145 
vt 0.500693 0.177294 
vt 0.506906 0.207281 
vt 0.537222 0.100575 
vt 0.50259 0.106675 
vt 0.506417 0.139702 
vt 0.538175 0.132928 
vt 0.510586 0.230115 
vt 0.51831 0.251445 
vt 0.557361 0.233088 
vt 0.548811 0.211697 
vt 0.541688 0.043333 
vt 0.501995 0.047342 
vt 0.503927 0.083557 
vt 0.539356 0.076617 
vt 0.344794 0.896526 
vt 0.345402 0.913542 
vt 0.322629 0.913623 
vt 0.322858 0.896004 
vt 0.320517 0.945819 
vt 0.344348 0.938476 
vt 0.34891 0.95797 
vt 0.326005 0.96622 
vt 0.34891 0.866812 
vt 0.348213 0.884598 
vt 0.326105 0.884603 
vt 0.330853 0.865513 
vt 0.344067 0.928433 
vt 0.320789 0.932111 
vt 0.485734 0.182046 
vt 0.490141 0.207489 
vt 0.562016 0.098899 
vt 0.558838 0.132374 
vt 0.489913 0.138171 
vt 0.488591 0.104156 
vt 0.559551 0.190826 
vt 0.566654 0.226887 
vt 0.494864 0.245253 
vt 0.560597 0.043 
vt 0.566654 0.076159 
vt 0.490795 0.080764 
vt 0.487107 0.045178 
vt 0.499009 0.033665 
vt 0.532088 0.02691 
vt 0.560506 0.172745 
vt 0.563322 0.160094 
vt 0.485986 0.17156 
vt 0.703721 0.099063 
vt 0.710192 0.048778 
vt 0.669075 0.049364 
vt 0.66688 0.097774 
vt 0.6993 0.142525 
vt 0.661614 0.14462 
vt 0.661808 0.164796 
vt 0.700611 0.160437 
vt 0.719482 0.208962 
vt 0.707114 0.177155 
vt 0.661127 0.189008 
vt 0.683789 0.215492 
vt 0.690601 0.236686 
vt 0.726706 0.216309 
vt 0.05619 0.918161 
vt 0.034653 0.913895 
vt 0.041537 0.887877 
vt 0.063107 0.891364 
vt 0.052814 0.939309 
vt 0.029747 0.936521 
vt 0.0284 0.946494 
vt 0.052963 0.948405 
vt 0.06148 0.969896 
vt 0.038764 0.974343 
vt 0.029014 0.956974 
vt 0.054922 0.958382 
vt 0.045689 0.987244 
vt 0.063107 0.971895 
vt 0.649827 0.098787 
vt 0.650959 0.050093 
vt 0.66929 0.031805 
vt 0.710006 0.030642 
vt 0.728312 0.05103 
vt 0.722683 0.101465 
vt 0.645497 0.142089 
vt 0.717184 0.141219 
vt 0.646008 0.162266 
vt 0.718396 0.158707 
vt 0.674871 0.227699 
vt 0.650829 0.201781 
vt 0.723257 0.188617 
vt 0.727382 0.213256 
vt 0.693021 0.24889 
vt 0.728312 0.217585 
vt 0.696986 0.247005 
vt 0.727843 0.217891 
vt 0.643092 0.18294 
vt 0.725589 0.176234 
vt 0.781389 0.138803 
vt 0.782352 0.113684 
vt 0.753625 0.117426 
vt 0.751914 0.142687 
vt 0.78314 0.180733 
vt 0.782444 0.171252 
vt 0.750275 0.176899 
vt 0.761333 0.195229 
vt 0.788321 0.07709 
vt 0.757557 0.084386 
vt 0.282164 0.796579 
vt 0.264173 0.799051 
vt 0.266412 0.785558 
vt 0.283665 0.784914 
vt 0.285556 0.817781 
vt 0.274447 0.826336 
vt 0.266451 0.814897 
vt 0.282639 0.810529 
vt 0.272821 0.767976 
vt 0.290339 0.765602 
vt 0.734553 0.140825 
vt 0.736361 0.11677 
vt 0.799976 0.116655 
vt 0.798906 0.138421 
vt 0.751646 0.210035 
vt 0.736315 0.187926 
vt 0.800753 0.169533 
vt 0.799907 0.184322 
vt 0.739444 0.084226 
vt 0.752612 0.067537 
vt 0.782903 0.059412 
vt 0.806147 0.081388 
vt 0.799242 0.164096 
vt 0.732981 0.169048 
vt 0.798468 0.206048 
vt 0.789767 0.190492 
vt 0.771628 0.214211 
vt 0.785543 0.229178 
vt 0.764004 0.234107 
vt 0.290339 0.824699 
vt 0.283697 0.837385 
vt 0.806147 0.198564 
vt 0.860932 0.111729 
vt 0.824415 0.112569 
vt 0.823318 0.150303 
vt 0.859152 0.15238 
vt 0.823148 0.18144 
vt 0.859532 0.181307 
vt 0.858713 0.210539 
vt 0.831017 0.209274 
vt 0.839054 0.226075 
vt 0.86071 0.227936 
vt 0.347583 0.856195 
vt 0.347089 0.833396 
vt 0.326166 0.834176 
vt 0.327081 0.855312 
vt 0.347152 0.818682 
vt 0.326618 0.818057 
vt 0.34687 0.806301 
vt 0.347583 0.801246 
vt 0.335799 0.797681 
vt 0.331167 0.806602 
vt 0.875718 0.112767 
vt 0.873875 0.152878 
vt 0.80874 0.149758 
vt 0.809566 0.112343 
vt 0.824073 0.097722 
vt 0.86047 0.096805 
vt 0.874072 0.178838 
vt 0.808603 0.178319 
vt 0.872031 0.206759 
vt 0.875718 0.21497 
vt 0.821699 0.225386 
vt 0.817205 0.208159 
vt 0.873729 0.185171 
vt 0.810029 0.187736 
vt 0.16499 0.233525 
vt 0.137187 0.225234 
vt 0.13511 0.232624 
vt 0.157278 0.24658 
vt 0.170787 0.188791 
vt 0.144613 0.182382 
vt 0.139873 0.209669 
vt 0.167749 0.218024 
vt 0.143684 0.168427 
vt 0.176887 0.172751 
vt 0.14537 0.15374 
vt 0.174704 0.154304 
vt 0.177273 0.122278 
vt 0.140465 0.117588 
vt 0.317498 0.801994 
vt 0.312921 0.790698 
vt 0.299366 0.794542 
vt 0.299783 0.806073 
vt 0.320582 0.812733 
vt 0.302112 0.816181 
vt 0.320644 0.821074 
vt 0.302584 0.822402 
vt 0.30164 0.828355 
vt 0.299848 0.845348 
vt 0.318338 0.843314 
vt 0.319356 0.829431 
vt 0.184908 0.218122 
vt 0.17814 0.239222 
vt 0.129709 0.226761 
vt 0.123732 0.205578 
vt 0.191023 0.198123 
vt 0.122516 0.186478 
vt 0.195343 0.184026 
vt 0.123277 0.175249 
vt 0.123483 0.116126 
vt 0.130424 0.145977 
vt 0.188175 0.145651 
vt 0.194425 0.120656 
vt 0.143108 0.067947 
vt 0.14067 0.085912 
vt 0.176708 0.094482 
vt 0.17998 0.075581 
vt 0.193018 0.161462 
vt 0.127445 0.156595 
vt 0.194819 0.098246 
vt 0.299366 0.859651 
vt 0.318562 0.855021 
vt 0.122516 0.089848 
vt 0.323831 0.401448 
vt 0.283166 0.399663 
vt 0.285066 0.428927 
vt 0.324332 0.429548 
vt 0.326438 0.592373 
vt 0.327182 0.535519 
vt 0.282461 0.540165 
vt 0.282466 0.589336 
vt 0.291834 0.611114 
vt 0.332005 0.601512 
vt 0.097215 0.884796 
vt 0.09499 0.898274 
vt 0.117353 0.896916 
vt 0.119053 0.88416 
vt 0.119053 0.99021 
vt 0.117997 0.976444 
vt 0.0956 0.982339 
vt 0.096263 0.985773 
vt 0.284939 0.383025 
vt 0.324822 0.384567 
vt 0.340494 0.432653 
vt 0.34069 0.408279 
vt 0.266621 0.40796 
vt 0.267565 0.430483 
vt 0.24356 0.546737 
vt 0.259119 0.588654 
vt 0.295617 0.62343 
vt 0.273151 0.610857 
vt 0.339678 0.600932 
vt 0.333497 0.603239 
vt 0.296034 0.622701 
vt 0.333046 0.603437 
vt 0.116399 0.952032 
vt 0.091886 0.95447 
vt 0.350859 0.55161 
vt 0.286281 0.46892 
vt 0.266015 0.464897 
vt 0.255607 0.50106 
vt 0.285088 0.508835 
vt 0.094133 0.917628 
vt 0.092646 0.938094 
vt 0.116353 0.935648 
vt 0.117081 0.915545 
vt 0.322929 0.467175 
vt 0.324574 0.505265 
vt 0.346899 0.50621 
vt 0.341131 0.468112 
vt 0.243525 0.527726 
vt 0.356855 0.534194 
vt 0.633916 0.238242 
vt 0.618212 0.251179 
vt 0.615752 0.220419 
vt 0.632184 0.218977 
vt 0.61544 0.128626 
vt 0.61607 0.145739 
vt 0.584877 0.146473 
vt 0.584849 0.1294 
vt 0.571554 0.219412 
vt 0.587923 0.221111 
vt 0.585734 0.251082 
vt 0.570181 0.239002 
vt 0.368306 0.83978 
vt 0.368303 0.849824 
vt 0.351244 0.849823 
vt 0.35124 0.839782 
vt 0.351238 0.829166 
vt 0.368308 0.82916 
vt 0.617436 0.202845 
vt 0.632936 0.207901 
vt 0.351243 0.82294 
vt 0.368306 0.822935 
vt 0.570281 0.207978 
vt 0.585404 0.20323 
vt 0.632293 0.18489 
vt 0.615932 0.182675 
vt 0.615677 0.164989 
vt 0.632922 0.165647 
vt 0.368317 0.815467 
vt 0.351251 0.815465 
vt 0.351244 0.804944 
vt 0.368305 0.804947 
vt 0.568954 0.166345 
vt 0.585828 0.165396 
vt 0.586202 0.18308 
vt 0.570147 0.185314 
vt 0.632683 0.198623 
vt 0.570194 0.198712 
vt 0.633916 0.145477 
vt 0.351238 0.793792 
vt 0.368312 0.793779 
vt 0.567476 0.146727 
vt 0.054564 0.374666 
vt 0.087378 0.375637 
vt 0.086018 0.39733 
vt 0.052124 0.396342 
vt 0.036124 0.538786 
vt 0.074145 0.538118 
vt 0.070584 0.547377 
vt 0.042747 0.555616 
vt 0.041347 0.573514 
vt 0.073129 0.563084 
vt 0.074704 0.585371 
vt 0.038456 0.591752 
vt 0.19419 0.848448 
vt 0.209907 0.836996 
vt 0.209259 0.831161 
vt 0.192811 0.837684 
vt 0.106994 0.550775 
vt 0.101429 0.560943 
vt 0.026584 0.580611 
vt 0.011305 0.564502 
vt 0.210128 0.825989 
vt 0.191355 0.830537 
vt 0.105764 0.511292 
vt 0.072047 0.515154 
vt 0.102173 0.503241 
vt 0.041678 0.517523 
vt 0.009455 0.510583 
vt 0.016525 0.501141 
vt 0.192639 0.821348 
vt 0.211861 0.819055 
vt 0.211958 0.806733 
vt 0.193164 0.808131 
vt 0.100004 0.489012 
vt 0.075652 0.490756 
vt 0.081084 0.468069 
vt 0.103676 0.464177 
vt 0.045477 0.491474 
vt 0.047717 0.465773 
vt 0.022361 0.485795 
vt 0.026993 0.458976 
vt 0.084811 0.441233 
vt 0.050801 0.438842 
vt 0.105647 0.437199 
vt 0.106994 0.390277 
vt 0.193189 0.79362 
vt 0.211413 0.792399 
vt 0.208675 0.767384 
vt 0.191355 0.768583 
vt 0.031304 0.432978 
vt 0.03254 0.388632 
vt 0.038059 0.592282 
vt 0.196451 0.856463 
vt 0.211648 0.844054 
vt 0.094364 0.573448 
vt 0.462837 0.163262 
vt 0.464458 0.180829 
vt 0.432467 0.182936 
vt 0.431964 0.165242 
vt 0.481985 0.231565 
vt 0.465739 0.230889 
vt 0.464164 0.206061 
vt 0.48136 0.206717 
vt 0.209654 0.743389 
vt 0.192597 0.743391 
vt 0.19259 0.730053 
vt 0.209649 0.730044 
vt 0.418545 0.209563 
vt 0.435169 0.207249 
vt 0.436204 0.232228 
vt 0.420507 0.234341 
vt 0.482969 0.244955 
vt 0.467578 0.250491 
vt 0.209663 0.750979 
vt 0.192597 0.750989 
vt 0.436508 0.252297 
vt 0.420762 0.248147 
vt 0.482969 0.184357 
vt 0.192582 0.717891 
vt 0.209663 0.717878 
vt 0.414819 0.188172 
vt 0.983366 0.467301 
vt 0.981556 0.448157 
vt 0.965197 0.449772 
vt 0.968235 0.479731 
vt 0.964688 0.357508 
vt 0.934171 0.358509 
vt 0.934446 0.375511 
vt 0.96554 0.374625 
vt 0.920858 0.447714 
vt 0.919504 0.467888 
vt 0.93552 0.480385 
vt 0.937384 0.449578 
vt 0.387005 0.839618 
vt 0.387017 0.828997 
vt 0.369949 0.828995 
vt 0.369948 0.839621 
vt 0.982489 0.436895 
vt 0.967048 0.431655 
vt 0.387013 0.822777 
vt 0.369949 0.822774 
vt 0.919848 0.436407 
vt 0.935148 0.432118 
vt 0.98191 0.413536 
vt 0.982491 0.394327 
vt 0.965394 0.393872 
vt 0.965629 0.411446 
vt 0.387011 0.815312 
vt 0.387015 0.804788 
vt 0.369951 0.804793 
vt 0.369947 0.815313 
vt 0.918611 0.395461 
vt 0.919847 0.414352 
vt 0.93598 0.412012 
vt 0.935582 0.394269 
vt 0.982302 0.427267 
vt 0.919889 0.427668 
vt 0.983366 0.374122 
vt 0.387017 0.793633 
vt 0.369953 0.793638 
vt 0.916983 0.375983 
vt 0.706924 0.848584 
vt 0.785582 0.817435 
vt 0.78858 0.83249 
vt 0.768697 0.790386 
vt 0.74529 0.767747 
vt 0.715679 0.753622 
vt 0.749308 0.928373 
vt 0.721015 0.939827 
vt 0.762087 0.915991 
vt 0.786207 0.877273 
vt 0.771549 0.905327 
vt 0.791901 0.84776 
vt 0.824591 0.827926 
vt 0.828413 0.847815 
vt 0.798309 0.771532 
vt 0.820114 0.808208 
vt 0.766483 0.738993 
vt 0.731648 0.71563 
vt 0.777163 0.958789 
vt 0.736339 0.9761 
vt 0.78909 0.940123 
vt 0.821384 0.887843 
vt 0.802074 0.925434 
vt 0.847047 0.825936 
vt 0.850294 0.848632 
vt 0.816231 0.762938 
vt 0.840608 0.804294 
vt 0.781332 0.724419 
vt 0.743708 0.695845 
vt 0.805811 0.950141 
vt 0.841027 0.892937 
vt 0.820349 0.936054 
vt 0.906727 0.813036 
vt 0.917392 0.840175 
vt 0.88228 0.844271 
vt 0.875437 0.821264 
vt 0.854787 0.747364 
vt 0.887703 0.720102 
vt 0.906915 0.783406 
vt 0.873047 0.797237 
vt 0.819169 0.696656 
vt 0.852557 0.742191 
vt 0.782146 0.65756 
vt 0.82559 0.629099 
vt 0.866003 0.668476 
vt 0.816009 0.692269 
vt 0.906881 0.908714 
vt 0.873868 0.900407 
vt 0.97501 0.91681 
vt 0.944123 0.909919 
vt 0.950468 0.858504 
vt 0.976481 0.871874 
vt 0.83624 0.943512 
vt 0.828453 0.940112 
vt 0.812845 0.954054 
vt 0.809219 0.952039 
vt 0.898812 0.711725 
vt 0.91476 0.766636 
vt 0.881859 0.657894 
vt 0.844303 0.616996 
vt 0.925192 0.908694 
vt 0.933691 0.85044 
vt 0.913922 0.699888 
vt 0.922196 0.747102 
vt 0.905735 0.643532 
vt 0.862146 0.60119 
vt 0.703179 0.852819 
vt 0.614674 0.853271 
vt 0.617717 0.838408 
vt 0.620848 0.82328 
vt 0.637237 0.796158 
vt 0.661598 0.772105 
vt 0.691997 0.756746 
vt 0.690485 0.945752 
vt 0.661527 0.934885 
vt 0.64749 0.921786 
vt 0.635175 0.911971 
vt 0.620673 0.881766 
vt 0.575307 0.85479 
vt 0.579324 0.834442 
vt 0.583915 0.814527 
vt 0.606356 0.778973 
vt 0.638519 0.745458 
vt 0.676468 0.718735 
vt 0.674654 0.983539 
vt 0.635237 0.963806 
vt 0.61818 0.945919 
vt 0.60409 0.9322 
vt 0.583509 0.89365 
vt 0.554668 0.855545 
vt 0.558225 0.832639 
vt 0.564399 0.810695 
vt 0.587973 0.769982 
vt 0.623324 0.731698 
vt 0.625753 0.729527 
vt 0.658562 0.700728 
vt 0.601562 0.956818 
vt 0.586995 0.940747 
vt 0.56255 0.899887 
vt 0.50027 0.819833 
vt 0.527335 0.828387 
vt 0.520493 0.851913 
vt 0.489635 0.846809 
vt 0.549484 0.754813 
vt 0.529521 0.804197 
vt 0.500019 0.7914 
vt 0.51571 0.732792 
vt 0.583323 0.710601 
vt 0.546617 0.688099 
vt 0.622769 0.663203 
vt 0.588384 0.704888 
vt 0.552602 0.681613 
vt 0.579553 0.635684 
vt 0.499966 0.915665 
vt 0.531389 0.906216 
vt 0.431466 0.926565 
vt 0.430039 0.880572 
vt 0.457718 0.866595 
vt 0.462871 0.917978 
vt 0.57886 0.94449 
vt 0.57061 0.948425 
vt 0.595104 0.96059 
vt 0.598307 0.958734 
vt 0.493189 0.772463 
vt 0.505197 0.723158 
vt 0.525871 0.666968 
vt 0.539206 0.664693 
vt 0.560904 0.632883 
vt 0.48239 0.914473 
vt 0.473214 0.857323 
vt 0.482068 0.749466 
vt 0.492469 0.707566 
vt 0.510151 0.659594 
vt 0.558297 0.622514 
vt 0.536069 0.614611 
vt 0.960323 0.840105 
vt 0.983545 0.851491 
vt 0.939252 0.753853 
vt 0.932599 0.771168 
vt 0.931749 0.699346 
vt 0.939599 0.740145 
vt 0.927427 0.654626 
vt 0.911395 0.632752 
vt 0.876672 0.586473 
vt 0.918149 0.612975 
vt 0.941987 0.932104 
vt 0.926929 0.930321 
vt 0.968239 0.936311 
vt 0.997986 0.875875 
vt 0.996433 0.915166 
vt 0.91195 0.929721 
vt 0.849691 0.958089 
vt 0.827643 0.971906 
vt 0.788258 0.97391 
vt 0.933935 0.826199 
vt 0.946709 0.833353 
vt 0.925278 0.808166 
vt 0.926651 0.785735 
vt 0.422379 0.859069 
vt 0.448066 0.848007 
vt 0.474253 0.776389 
vt 0.468397 0.758785 
vt 0.477894 0.742706 
vt 0.462986 0.728996 
vt 0.477138 0.69701 
vt 0.494965 0.653214 
vt 0.514985 0.612044 
vt 0.480872 0.937198 
vt 0.464998 0.940372 
vt 0.438794 0.945499 
vt 0.408404 0.925742 
vt 0.407292 0.884278 
vt 0.557026 0.964942 
vt 0.495156 0.93721 
vt 0.581071 0.9794 
vt 0.627186 0.975625 
vt 0.461108 0.840378 
vt 0.472996 0.83229 
vt 0.481678 0.813501 
vt 0.481839 0.790816 
vt 0.74838 0.991019 
vt 0.66242 0.997641 
vt 0.660807 0.698795 
vt 0.582999 0.627294 
vt 0.626668 0.657958 
vt 0.877606 0.716373 
vt 0.860162 0.681973 
vt 0.186497 0.754934 
vt 0.181963 0.732295 
vt 0.187721 0.731358 
vt 0.929182 0.644049 
vt 0.46439 0.751936 
vt 0.431989 0.760431 
vt 0.098474 0.662396 
vt 0.104489 0.673094 
vt 0.103189 0.705274 
vt 0.097409 0.697533 
vt 0.142637 0.698345 
vt 0.151348 0.699064 
vt 0.130044 0.721161 
vt 0.124047 0.720383 
vt 0.168851 0.711558 
vt 0.141946 0.728585 
vt 0.150165 0.74266 
vt 0.152536 0.758333 
vt 0.070888 0.677325 
vt 0.075415 0.670568 
vt 0.078392 0.702944 
vt 0.075009 0.707374 
vt 0.080574 0.659248 
vt 0.082894 0.695141 
vt 0.042601 0.705731 
vt 0.066422 0.684053 
vt 0.071663 0.711892 
vt 0.056954 0.725996 
vt 0.035661 0.714785 
vt 0.052623 0.732213 
vt 0.027968 0.731264 
vt 0.04728 0.743272 
vt 0.108519 0.680072 
vt 0.112552 0.687241 
vt 0.108964 0.714211 
vt 0.106258 0.709899 
vt 0.122033 0.69584 
vt 0.112809 0.718899 
vt 0.135014 0.699778 
vt 0.118963 0.720934 
vt 0.105157 0.844909 
vt 0.099368 0.855972 
vt 0.098939 0.82156 
vt 0.104278 0.813564 
vt 0.15082 0.817693 
vt 0.143513 0.815483 
vt 0.124187 0.797084 
vt 0.130397 0.798334 
vt 0.168841 0.804993 
vt 0.141506 0.789997 
vt 0.181759 0.784155 
vt 0.149035 0.775706 
vt 0.185134 0.761827 
vt 0.151186 0.759445 
vt 0.075795 0.848148 
vt 0.071778 0.841522 
vt 0.075947 0.811627 
vt 0.080221 0.816004 
vt 0.081071 0.85994 
vt 0.085811 0.823707 
vt 0.067785 0.835036 
vt 0.043264 0.813948 
vt 0.057153 0.793506 
vt 0.071819 0.807414 
vt 0.0357 0.80523 
vt 0.052767 0.786824 
vt 0.024783 0.786121 
vt 0.044792 0.774316 
vt 0.112568 0.832031 
vt 0.108836 0.838514 
vt 0.10723 0.809048 
vt 0.109771 0.805112 
vt 0.12151 0.823937 
vt 0.113241 0.80089 
vt 0.134601 0.819111 
vt 0.1194 0.799196 
vt 0.019347 0.752239 
vt 0.04235 0.758394 
vt 0.017228 0.764234 
vt 0.042384 0.759445 
vt 0.096819 0.75839 
vt 0.096818 0.75839 
vt 0.096817 0.758391 
vt 0.096816 0.758391 
vt 0.096816 0.758393 
vt 0.096856 0.760525 
vt 0.096856 0.760527 
vt 0.096857 0.760529 
vt 0.096858 0.760529 
vt 0.096859 0.760529 
vt 0.096859 0.760529 
vt 0.096859 0.760529 
vt 0.09686 0.760529 
vt 0.09686 0.760528 
vt 0.09686 0.760528 
vt 0.096861 0.760529 
vt 0.096861 0.760529 
vt 0.096861 0.760529 
vt 0.096861 0.760529 
vt 0.096861 0.760529 
vt 0.096861 0.760529 
vt 0.096862 0.760529 
vt 0.096863 0.760527 
vt 0.096863 0.760525 
vt 0.096823 0.758394 
vt 0.096823 0.758392 
vt 0.096822 0.758391 
vt 0.096822 0.758391 
vt 0.096821 0.758391 
vt 0.096821 0.75839 
vt 0.096821 0.75839 
vt 0.096821 0.75839 
vt 0.096821 0.75839 
vt 0.096821 0.75839 
vt 0.09682 0.75839 
vt 0.096819 0.75839 
vt 0.096819 0.75839 
vt 0.096819 0.75839 
vt 0.957195 0.154123 
vt 0.974475 0.159422 
vt 0.975338 0.184577 
vt 0.955625 0.179906 
vt 0.975299 0.200164 
vt 0.952909 0.19628 
vt 0.295495 0.786874 
vt 0.295655 0.799925 
vt 0.285575 0.801957 
vt 0.286589 0.789147 
vt 0.296946 0.808268 
vt 0.285575 0.809945 
vt 0.959472 0.146142 
vt 0.976763 0.15144 
vt 0.982779 0.159247 
vt 0.983599 0.184573 
vt 0.94734 0.179369 
vt 0.948888 0.153517 
vt 0.983599 0.200313 
vt 0.944598 0.195826 
vt 0.957195 0.154123 
vt 0.955625 0.179906 
vt 0.975338 0.184577 
vt 0.974475 0.159422 
vt 0.952909 0.19628 
vt 0.975299 0.200164 
vt 0.295495 0.786874 
vt 0.286589 0.789147 
vt 0.285575 0.801957 
vt 0.295655 0.799925 
vt 0.285575 0.809945 
vt 0.296946 0.808268 
vt 0.959472 0.146142 
vt 0.976763 0.15144 
vt 0.982779 0.159247 
vt 0.983599 0.184573 
vt 0.94734 0.179369 
vt 0.948888 0.153517 
vt 0.983599 0.200313 
vt 0.944598 0.195826 

usemtl Handle1Mtl

f 1/1/1 2/2/2 3/3/3 
f 1/1/1 3/3/3 4/4/4 
f 3/3/3 2/2/2 5/5/5 
f 3/3/3 5/5/5 6/6/6 
f 7/7/7 8/8/8 9/9/9 
f 7/7/7 9/9/9 10/10/10 
f 11/11/11 12/12/12 13/13/13 
f 11/11/11 13/13/13 14/14/14 
f 15/15/15 16/16/16 12/12/12 
f 15/15/15 12/12/12 11/11/11 
f 17/17/17 18/18/18 19/19/19 
f 17/17/17 19/19/19 20/20/20 
f 19/19/19 21/21/21 22/22/22 
f 19/19/19 22/22/22 20/20/20 
f 23/23/23 24/24/24 25/25/25 
f 23/23/23 25/25/25 26/26/26 
f 27/27/27 28/28/28 29/29/29 
f 27/27/27 29/29/29 30/30/30 
f 31/31/31 27/27/27 30/30/30 
f 31/31/31 30/30/30 32/32/32 
f 33/33/33 34/34/34 2/2/2 
f 33/33/33 2/2/2 1/1/1 
f 35/35/35 36/36/36 4/4/4 
f 35/35/35 4/4/4 3/3/3 
f 37/37/37 38/38/38 1/1/1 
f 37/37/37 1/1/1 4/4/4 
f 34/34/34 39/39/39 5/5/5 
f 34/34/34 5/5/5 2/2/2 
f 40/40/40 35/35/35 3/3/3 
f 40/40/40 3/3/3 6/6/6 
f 41/41/41 42/42/42 9/9/9 
f 41/41/41 9/9/9 8/8/8 
f 43/43/43 44/44/44 7/7/7 
f 43/43/43 7/7/7 10/10/10 
f 45/45/45 46/46/46 13/13/13 
f 45/45/45 13/13/13 12/12/12 
f 47/47/47 48/48/48 11/11/11 
f 47/47/47 11/11/11 14/14/14 
f 49/49/49 45/45/45 12/12/12 
f 49/49/49 12/12/12 16/16/16 
f 48/48/48 50/50/50 15/15/15 
f 48/48/48 15/15/15 11/11/11 
f 51/51/51 52/52/52 16/16/16 
f 51/51/51 16/16/16 15/15/15 
f 46/46/46 43/43/43 10/10/10 
f 46/46/46 10/10/10 13/13/13 
f 25/25/25 24/24/24 29/29/29 
f 25/25/25 29/29/29 28/28/28 
f 9/9/9 42/42/42 47/47/47 
f 9/9/9 47/47/47 14/14/14 
f 10/10/10 9/9/9 14/14/14 
f 10/10/10 14/14/14 13/13/13 
f 53/53/53 40/40/40 6/6/6 
f 53/53/53 6/6/6 7/7/7 
f 22/22/22 21/21/21 23/23/23 
f 22/22/22 23/23/23 26/26/26 
f 5/5/5 39/39/39 54/54/54 
f 5/5/5 54/54/54 8/8/8 
f 6/6/6 5/5/5 8/8/8 
f 6/6/6 8/8/8 7/7/7 
f 55/55/55 56/56/56 57/57/57 
f 55/55/55 57/57/57 58/58/58 
f 59/59/59 60/60/60 61/61/61 
f 59/59/59 61/61/61 62/62/62 
f 63/63/63 64/64/64 65/65/65 
f 63/63/63 65/65/65 66/66/66 
f 67/67/67 68/68/68 69/69/69 
f 67/67/67 69/69/69 70/70/70 
f 71/71/71 67/67/67 70/70/70 
f 71/71/71 70/70/70 72/72/72 
f 73/73/73 74/74/74 75/75/75 
f 73/73/73 75/75/75 76/76/76 
f 77/77/77 78/78/78 79/79/79 
f 77/77/77 79/79/79 80/80/80 
f 81/81/81 82/82/82 83/83/83 
f 81/81/81 83/83/83 84/84/84 
f 85/85/85 86/86/86 87/87/87 
f 85/85/85 87/87/87 88/88/88 
f 89/89/89 90/90/90 86/86/86 
f 89/89/89 86/86/86 85/85/85 
f 91/91/91 92/92/92 55/55/55 
f 91/91/91 55/55/55 93/93/93 
f 94/94/94 95/95/95 96/96/96 
f 94/94/94 96/96/96 58/58/58 
f 97/97/97 98/98/98 60/60/60 
f 97/97/97 60/60/60 59/59/59 
f 99/99/99 100/100/100 62/62/62 
f 99/99/99 62/62/62 61/61/61 
f 101/101/101 102/102/102 64/64/64 
f 101/101/101 64/64/64 63/63/63 
f 103/103/103 104/104/104 66/66/66 
f 103/103/103 66/66/66 65/65/65 
f 105/105/105 106/106/106 68/68/68 
f 105/105/105 68/68/68 67/67/67 
f 107/107/107 108/108/108 70/70/70 
f 107/107/107 70/70/70 69/69/69 
f 109/109/109 105/105/105 67/67/67 
f 109/109/109 67/67/67 71/71/71 
f 108/108/108 110/110/110 72/72/72 
f 108/108/108 72/72/72 70/70/70 
f 111/111/111 112/112/112 71/71/71 
f 111/111/111 71/71/71 72/72/72 
f 93/93/93 55/55/55 58/58/58 
f 93/93/93 58/58/58 96/96/96 
f 95/95/95 99/99/99 61/61/61 
f 95/95/95 61/61/61 96/96/96 
f 80/80/80 79/79/79 74/74/74 
f 80/80/80 74/74/74 73/73/73 
f 60/60/60 98/98/98 91/91/91 
f 60/60/60 91/91/91 93/93/93 
f 61/61/61 60/60/60 93/93/93 
f 61/61/61 93/93/93 96/96/96 
f 113/113/113 103/103/103 65/65/65 
f 113/113/113 65/65/65 62/62/62 
f 84/84/84 83/83/83 78/78/78 
f 84/84/84 78/78/78 77/77/77 
f 64/64/64 102/102/102 114/114/114 
f 64/64/64 114/114/114 59/59/59 
f 65/65/65 64/64/64 59/59/59 
f 65/65/65 59/59/59 62/62/62 
f 104/104/104 107/107/107 69/69/69 
f 104/104/104 69/69/69 66/66/66 
f 88/88/88 87/87/87 82/82/82 
f 88/88/88 82/82/82 81/81/81 
f 68/68/68 106/106/106 101/101/101 
f 68/68/68 101/101/101 63/63/63 
f 69/69/69 68/68/68 63/63/63 
f 69/69/69 63/63/63 66/66/66 
f 115/115/115 116/116/116 117/117/117 
f 115/115/115 117/117/117 118/118/118 
f 119/119/119 120/120/120 121/121/121 
f 119/119/119 121/121/121 122/122/122 
f 123/123/123 124/124/124 122/122/122 
f 123/123/123 122/122/122 121/121/121 
f 125/125/125 126/126/126 127/127/127 
f 125/125/125 127/127/127 128/128/128 
f 129/129/129 130/130/130 131/131/131 
f 129/129/129 131/131/131 132/132/132 
f 133/133/133 134/134/134 135/135/135 
f 133/133/133 135/135/135 136/136/136 
f 134/134/134 137/137/137 138/138/138 
f 134/134/134 138/138/138 135/135/135 
f 139/139/139 138/138/138 137/137/137 
f 139/139/139 137/137/137 140/140/140 
f 141/141/141 142/142/142 143/143/143 
f 141/141/141 143/143/143 144/144/144 
f 145/145/145 146/146/146 147/147/147 
f 145/145/145 147/147/147 148/148/148 
f 149/149/149 150/150/150 120/120/120 
f 149/149/149 120/120/120 117/117/117 
f 151/151/151 152/152/152 118/118/118 
f 151/151/151 118/118/118 119/119/119 
f 150/150/150 153/153/153 121/121/121 
f 150/150/150 121/121/121 120/120/120 
f 154/154/154 151/151/151 119/119/119 
f 154/154/154 119/119/119 122/122/122 
f 155/155/155 154/154/154 122/122/122 
f 155/155/155 122/122/122 124/124/124 
f 153/153/153 156/156/156 123/123/123 
f 153/153/153 123/123/123 121/121/121 
f 157/157/157 158/158/158 127/127/127 
f 157/157/157 127/127/127 126/126/126 
f 159/159/159 160/160/160 125/125/125 
f 159/159/159 125/125/125 128/128/128 
f 161/161/161 162/162/162 130/130/130 
f 161/161/161 130/130/130 129/129/129 
f 163/163/163 164/164/164 132/132/132 
f 163/163/163 132/132/132 131/131/131 
f 165/165/165 166/166/166 129/129/129 
f 165/165/165 129/129/129 132/132/132 
f 118/118/118 117/117/117 120/120/120 
f 118/118/118 120/120/120 119/119/119 
f 167/167/167 168/168/168 169/169/169 
f 167/167/167 169/169/169 170/170/170 
f 171/171/171 172/172/172 173/173/173 
f 171/171/171 173/173/173 174/174/174 
f 175/175/175 176/176/176 177/177/177 
f 175/175/175 177/177/177 178/178/178 
f 169/169/169 175/175/175 178/178/178 
f 169/169/169 178/178/178 170/170/170 
f 177/177/177 157/157/157 126/126/126 
f 177/177/177 126/126/126 178/178/178 
f 173/173/173 141/141/141 144/144/144 
f 173/173/173 144/144/144 174/174/174 
f 125/125/125 160/160/160 167/167/167 
f 125/125/125 167/167/167 170/170/170 
f 170/170/170 178/178/178 126/126/126 
f 170/170/170 126/126/126 125/125/125 
f 158/158/158 155/155/155 124/124/124 
f 158/158/158 124/124/124 127/127/127 
f 142/142/142 139/139/139 140/140/140 
f 142/142/142 140/140/140 143/143/143 
f 123/123/123 156/156/156 159/159/159 
f 123/123/123 159/159/159 128/128/128 
f 128/128/128 127/127/127 124/124/124 
f 128/128/128 124/124/124 123/123/123 
f 168/168/168 163/163/163 131/131/131 
f 168/168/168 131/131/131 169/169/169 
f 148/148/148 147/147/147 172/172/172 
f 148/148/148 172/172/172 171/171/171 
f 130/130/130 162/162/162 176/176/176 
f 130/130/130 176/176/176 175/175/175 
f 131/131/131 130/130/130 175/175/175 
f 131/131/131 175/175/175 169/169/169 
f 179/179/179 180/180/180 181/181/181 
f 179/179/179 181/181/181 182/182/182 
f 183/183/183 184/184/184 185/185/185 
f 183/183/183 185/185/185 186/186/186 
f 187/187/187 188/188/188 189/189/189 
f 187/187/187 189/189/189 190/190/190 
f 191/191/191 192/192/192 193/193/193 
f 191/191/191 193/193/193 194/194/194 
f 195/195/195 196/196/196 179/179/179 
f 195/195/195 179/179/179 182/182/182 
f 197/197/197 198/198/198 199/199/199 
f 197/197/197 199/199/199 200/200/200 
f 201/201/201 202/202/202 203/203/203 
f 201/201/201 203/203/203 204/204/204 
f 199/199/199 205/205/205 206/206/206 
f 199/199/199 206/206/206 200/200/200 
f 207/207/207 208/208/208 209/209/209 
f 207/207/207 209/209/209 210/210/210 
f 211/211/211 198/198/198 197/197/197 
f 211/211/211 197/197/197 212/212/212 
f 213/213/213 214/214/214 180/180/180 
f 213/213/213 180/180/180 179/179/179 
f 215/215/215 216/216/216 182/182/182 
f 215/215/215 182/182/182 181/181/181 
f 217/217/217 218/218/218 184/184/184 
f 217/217/217 184/184/184 183/183/183 
f 219/219/219 220/220/220 186/186/186 
f 219/219/219 186/186/186 185/185/185 
f 214/214/214 221/221/221 188/188/188 
f 214/214/214 188/188/188 180/180/180 
f 222/222/222 215/215/215 181/181/181 
f 222/222/222 181/181/181 187/187/187 
f 223/223/223 224/224/224 192/192/192 
f 223/223/223 192/192/192 191/191/191 
f 225/225/225 226/226/226 194/194/194 
f 225/225/225 194/194/194 193/193/193 
f 227/227/227 228/228/228 191/191/191 
f 227/227/227 191/191/191 194/194/194 
f 229/229/229 213/213/213 179/179/179 
f 229/229/229 179/179/179 196/196/196 
f 216/216/216 230/230/230 195/195/195 
f 216/216/216 195/195/195 182/182/182 
f 181/181/181 180/180/180 188/188/188 
f 181/181/181 188/188/188 187/187/187 
f 185/185/185 184/184/184 196/196/196 
f 185/185/185 196/196/196 195/195/195 
f 218/218/218 229/229/229 196/196/196 
f 218/218/218 196/196/196 184/184/184 
f 203/203/203 211/211/211 212/212/212 
f 203/203/203 212/212/212 204/204/204 
f 195/195/195 230/230/230 219/219/219 
f 195/195/195 219/219/219 185/185/185 
f 192/192/192 183/183/183 186/186/186 
f 192/192/192 186/186/186 193/193/193 
f 224/224/224 217/217/217 183/183/183 
f 224/224/224 183/183/183 192/192/192 
f 210/210/210 209/209/209 202/202/202 
f 210/210/210 202/202/202 201/201/201 
f 186/186/186 220/220/220 225/225/225 
f 186/186/186 225/225/225 193/193/193 
f 231/231/231 232/232/232 233/233/233 
f 231/231/231 233/233/233 234/234/234 
f 235/235/235 236/236/236 232/232/232 
f 235/235/235 232/232/232 231/231/231 
f 237/237/237 238/238/238 236/236/236 
f 237/237/237 236/236/236 235/235/235 
f 239/239/239 240/240/240 241/241/241 
f 239/239/239 241/241/241 242/242/242 
f 243/243/243 244/244/244 245/245/245 
f 243/243/243 245/245/245 246/246/246 
f 247/247/247 248/248/248 249/249/249 
f 247/247/247 249/249/249 250/250/250 
f 251/251/251 247/247/247 250/250/250 
f 251/251/251 250/250/250 252/252/252 
f 253/253/253 254/254/254 251/251/251 
f 253/253/253 251/251/251 252/252/252 
f 255/255/255 256/256/256 257/257/257 
f 255/255/255 257/257/257 258/258/258 
f 259/259/259 260/260/260 261/261/261 
f 259/259/259 261/261/261 262/262/262 
f 263/263/263 264/264/264 233/233/233 
f 263/263/263 233/233/233 232/232/232 
f 265/265/265 266/266/266 234/234/234 
f 265/265/265 234/234/234 233/233/233 
f 267/267/267 268/268/268 231/231/231 
f 267/267/267 231/231/231 234/234/234 
f 269/269/269 263/263/263 232/232/232 
f 269/269/269 232/232/232 236/236/236 
f 268/268/268 270/270/270 235/235/235 
f 268/268/268 235/235/235 231/231/231 
f 271/271/271 269/269/269 236/236/236 
f 271/271/271 236/236/236 238/238/238 
f 270/270/270 272/272/272 237/237/237 
f 270/270/270 237/237/237 235/235/235 
f 273/273/273 274/274/274 241/241/241 
f 273/273/273 241/241/241 240/240/240 
f 275/275/275 276/276/276 239/239/239 
f 275/275/275 239/239/239 242/242/242 
f 277/277/277 278/278/278 244/244/244 
f 277/277/277 244/244/244 243/243/243 
f 279/279/279 280/280/280 246/246/246 
f 279/279/279 246/246/246 245/245/245 
f 281/281/281 243/243/243 246/246/246 
f 281/281/281 246/246/246 282/282/282 
f 278/278/278 273/273/273 240/240/240 
f 278/278/278 240/240/240 244/244/244 
f 261/261/261 255/255/255 258/258/258 
f 261/261/261 258/258/258 262/262/262 
f 239/239/239 276/276/276 279/279/279 
f 239/239/239 279/279/279 245/245/245 
f 245/245/245 244/244/244 240/240/240 
f 245/245/245 240/240/240 239/239/239 
f 283/283/283 271/271/271 238/238/238 
f 283/283/283 238/238/238 241/241/241 
f 257/257/257 256/256/256 254/254/254 
f 257/257/257 254/254/254 253/253/253 
f 237/237/237 272/272/272 284/284/284 
f 237/237/237 284/284/284 242/242/242 
f 241/241/241 238/238/238 237/237/237 
f 241/241/241 237/237/237 242/242/242 
f 285/285/285 286/286/286 287/287/287 
f 285/285/285 287/287/287 288/288/288 
f 289/289/289 290/290/290 286/286/286 
f 289/289/289 286/286/286 285/285/285 
f 291/291/291 290/290/290 289/289/289 
f 291/291/291 289/289/289 292/292/292 
f 293/293/293 294/294/294 291/291/291 
f 293/293/293 291/291/291 292/292/292 
f 295/295/295 296/296/296 297/297/297 
f 295/295/295 297/297/297 298/298/298 
f 299/299/299 300/300/300 301/301/301 
f 299/299/299 301/301/301 302/302/302 
f 303/303/303 299/299/299 302/302/302 
f 303/303/303 302/302/302 304/304/304 
f 305/305/305 306/306/306 303/303/303 
f 305/305/305 303/303/303 304/304/304 
f 307/307/307 306/306/306 305/305/305 
f 307/307/307 305/305/305 308/308/308 
f 309/309/309 310/310/310 311/311/311 
f 309/309/309 311/311/311 312/312/312 
f 313/313/313 314/314/314 287/287/287 
f 313/313/313 287/287/287 286/286/286 
f 315/315/315 316/316/316 288/288/288 
f 315/315/315 288/288/288 287/287/287 
f 317/317/317 318/318/318 285/285/285 
f 317/317/317 285/285/285 288/288/288 
f 319/319/319 313/313/313 286/286/286 
f 319/319/319 286/286/286 290/290/290 
f 318/318/318 320/320/320 289/289/289 
f 318/318/318 289/289/289 285/285/285 
f 321/321/321 322/322/322 290/290/290 
f 321/321/321 290/290/290 291/291/291 
f 323/323/323 324/324/324 292/292/292 
f 323/323/323 292/292/292 289/289/289 
f 325/325/325 321/321/321 291/291/291 
f 325/325/325 291/291/291 294/294/294 
f 324/324/324 326/326/326 293/293/293 
f 324/324/324 293/293/293 292/292/292 
f 327/327/327 328/328/328 296/296/296 
f 327/327/327 296/296/296 295/295/295 
f 329/329/329 330/330/330 298/298/298 
f 329/329/329 298/298/298 297/297/297 
f 331/331/331 295/295/295 298/298/298 
f 331/331/331 298/298/298 332/332/332 
f 297/297/297 296/296/296 294/294/294 
f 297/297/297 294/294/294 293/293/293 
f 328/328/328 325/325/325 294/294/294 
f 328/328/328 294/294/294 296/296/296 
f 311/311/311 307/307/307 308/308/308 
f 311/311/311 308/308/308 312/312/312 
f 293/293/293 326/326/326 329/329/329 
f 293/293/293 329/329/329 297/297/297 
f 333/333/333 334/334/334 335/335/335 
f 333/333/333 335/335/335 336/336/336 
f 337/337/337 338/338/338 339/339/339 
f 337/337/337 339/339/339 340/340/340 
f 336/336/336 335/335/335 341/341/341 
f 336/336/336 341/341/341 342/342/342 
f 343/343/343 344/344/344 340/340/340 
f 343/343/343 340/340/340 339/339/339 
f 345/345/345 346/346/346 347/347/347 
f 345/345/345 347/347/347 348/348/348 
f 349/349/349 350/350/350 351/351/351 
f 349/349/349 351/351/351 352/352/352 
f 346/346/346 353/353/353 354/354/354 
f 346/346/346 354/354/354 347/347/347 
f 355/355/355 351/351/351 350/350/350 
f 355/355/355 350/350/350 356/356/356 
f 357/357/357 358/358/358 335/335/335 
f 357/357/357 335/335/335 334/334/334 
f 359/359/359 360/360/360 333/333/333 
f 359/359/359 333/333/333 336/336/336 
f 361/361/361 362/362/362 339/339/339 
f 361/361/361 339/339/339 338/338/338 
f 363/363/363 364/364/364 337/337/337 
f 363/363/363 337/337/337 340/340/340 
f 358/358/358 365/365/365 341/341/341 
f 358/358/358 341/341/341 335/335/335 
f 366/366/366 367/367/367 342/342/342 
f 366/366/366 342/342/342 341/341/341 
f 368/368/368 359/359/359 336/336/336 
f 368/368/368 336/336/336 342/342/342 
f 369/369/369 363/363/363 340/340/340 
f 369/369/369 340/340/340 344/344/344 
f 362/362/362 370/370/370 343/343/343 
f 362/362/362 343/343/343 339/339/339 
f 371/371/371 372/372/372 373/373/373 
f 371/371/371 373/373/373 374/374/374 
f 375/375/375 361/361/361 338/338/338 
f 375/375/375 338/338/338 373/373/373 
f 376/376/376 349/349/349 352/352/352 
f 376/376/376 352/352/352 377/377/377 
f 337/337/337 364/364/364 378/378/378 
f 337/337/337 378/378/378 374/374/374 
f 374/374/374 373/373/373 338/338/338 
f 374/374/374 338/338/338 337/337/337 
f 334/334/334 333/333/333 344/344/344 
f 334/334/334 344/344/344 343/343/343 
f 360/360/360 379/379/379 344/344/344 
f 360/360/360 344/344/344 333/333/333 
f 348/348/348 355/355/355 356/356/356 
f 348/348/348 356/356/356 345/345/345 
f 343/343/343 380/380/380 357/357/357 
f 343/343/343 357/357/357 334/334/334 
f 381/381/381 382/382/382 383/383/383 
f 381/381/381 383/383/383 384/384/384 
f 382/382/382 385/385/385 386/386/386 
f 382/382/382 386/386/386 383/383/383 
f 387/387/387 388/388/388 389/389/389 
f 387/387/387 389/389/389 390/390/390 
f 386/386/386 385/385/385 387/387/387 
f 386/386/386 387/387/387 390/390/390 
f 391/391/391 392/392/392 393/393/393 
f 391/391/391 393/393/393 394/394/394 
f 394/394/394 393/393/393 395/395/395 
f 394/394/394 395/395/395 396/396/396 
f 397/397/397 398/398/398 399/399/399 
f 397/397/397 399/399/399 400/400/400 
f 395/395/395 398/398/398 397/397/397 
f 395/395/395 397/397/397 396/396/396 
f 401/401/401 402/402/402 382/382/382 
f 401/401/401 382/382/382 381/381/381 
f 403/403/403 404/404/404 384/384/384 
f 403/403/403 384/384/384 383/383/383 
f 405/405/405 406/406/406 381/381/381 
f 405/405/405 381/381/381 384/384/384 
f 402/402/402 407/407/407 385/385/385 
f 402/402/402 385/385/385 382/382/382 
f 408/408/408 403/403/403 383/383/383 
f 408/408/408 383/383/383 386/386/386 
f 409/409/409 410/410/410 387/387/387 
f 411/411/411 412/412/412 390/390/390 
f 413/413/413 409/409/409 387/387/387 
f 413/413/413 387/387/387 385/385/385 
f 412/412/412 414/414/414 386/386/386 
f 412/412/412 386/386/386 390/390/390 
f 415/415/415 416/416/416 417/417/417 
f 415/415/415 417/417/417 418/418/418 
f 419/419/419 420/420/420 421/421/421 
f 419/419/419 421/421/421 422/422/422 
f 423/423/423 424/424/424 425/425/425 
f 423/423/423 425/425/425 426/426/426 
f 427/427/427 428/428/428 429/429/429 
f 427/427/427 429/429/429 430/430/430 
f 431/431/431 432/432/432 433/433/433 
f 431/431/431 433/433/433 434/434/434 
f 435/435/435 436/436/436 437/437/437 
f 435/435/435 437/437/437 438/438/438 
f 439/439/439 440/440/440 441/441/441 
f 439/439/439 441/441/441 442/442/442 
f 443/443/443 444/444/444 445/445/445 
f 443/443/443 445/445/445 446/446/446 
f 415/415/415 418/418/418 447/447/447 
f 415/415/415 447/447/447 448/448/448 
f 449/449/449 416/416/416 415/415/415 
f 449/449/449 415/415/415 450/450/450 
f 416/416/416 451/451/451 452/452/452 
f 416/416/416 452/452/452 417/417/417 
f 453/453/453 422/422/422 421/421/421 
f 453/453/453 421/421/421 454/454/454 
f 455/455/455 420/420/420 419/419/419 
f 455/455/455 419/419/419 456/456/456 
f 457/457/457 426/426/426 425/425/425 
f 457/457/457 425/425/425 458/458/458 
f 459/459/459 424/424/424 423/423/423 
f 459/459/459 423/423/423 460/460/460 
f 461/461/461 430/430/430 429/429/429 
f 461/461/461 429/429/429 462/462/462 
f 463/463/463 428/428/428 427/427/427 
f 463/463/463 427/427/427 464/464/464 
f 465/465/465 427/427/427 430/430/430 
f 465/465/465 430/430/430 466/466/466 
f 462/462/462 429/429/429 426/426/426 
f 462/462/462 426/426/426 467/467/467 
f 446/446/446 445/445/445 440/440/440 
f 446/446/446 440/440/440 439/439/439 
f 423/423/423 428/428/428 463/463/463 
f 423/423/423 463/463/463 468/468/468 
f 428/428/428 423/423/423 426/426/426 
f 428/428/428 426/426/426 429/429/429 
f 458/458/458 425/425/425 420/420/420 
f 458/458/458 420/420/420 455/455/455 
f 437/437/437 442/442/442 441/441/441 
f 437/437/437 441/441/441 438/438/438 
f 421/421/421 424/424/424 459/459/459 
f 421/421/421 459/459/459 454/454/454 
f 420/420/420 425/425/425 424/424/424 
f 420/420/420 424/424/424 421/421/421 
f 417/417/417 452/452/452 456/456/456 
f 417/417/417 456/456/456 419/419/419 
f 432/432/432 436/436/436 435/435/435 
f 432/432/432 435/435/435 433/433/433 
f 418/418/418 422/422/422 453/453/453 
f 418/418/418 453/453/453 447/447/447 
f 417/417/417 419/419/419 422/422/422 
f 417/417/417 422/422/422 418/418/418 
f 469/469/469 470/470/470 471/471/471 
f 469/469/469 471/471/471 472/472/472 
f 473/473/473 474/474/474 475/475/475 
f 473/473/473 475/475/475 476/476/476 
f 477/477/477 478/478/478 479/479/479 
f 477/477/477 479/479/479 480/480/480 
f 478/478/478 477/477/477 481/481/481 
f 478/478/478 481/481/481 482/482/482 
f 483/483/483 484/484/484 485/485/485 
f 483/483/483 485/485/485 486/486/486 
f 487/487/487 483/483/483 486/486/486 
f 487/487/487 486/486/486 488/488/488 
f 489/489/489 490/490/490 491/491/491 
f 489/489/489 491/491/491 492/492/492 
f 492/492/492 493/493/493 494/494/494 
f 492/492/492 494/494/494 489/489/489 
f 495/495/495 476/476/476 469/469/469 
f 495/495/495 469/469/469 496/496/496 
f 497/497/497 470/470/470 475/475/475 
f 497/497/497 475/475/475 498/498/498 
f 499/499/499 473/473/473 476/476/476 
f 499/499/499 476/476/476 495/495/495 
f 498/498/498 475/475/475 474/474/474 
f 498/498/498 474/474/474 500/500/500 
f 501/501/501 477/477/477 480/480/480 
f 501/501/501 480/480/480 502/502/502 
f 503/503/503 479/479/479 478/478/478 
f 503/503/503 478/478/478 504/504/504 
f 478/478/478 482/482/482 505/505/505 
f 478/478/478 505/505/505 506/506/506 
f 477/477/477 507/507/507 508/508/508 
f 477/477/477 508/508/508 481/481/481 
f 509/509/509 482/482/482 481/481/481 
f 509/509/509 481/481/481 510/510/510 
f 476/476/476 475/475/475 470/470/470 
f 476/476/476 470/470/470 469/469/469 
f 511/511/511 474/474/474 479/479/479 
f 511/511/511 479/479/479 503/503/503 
f 490/490/490 487/487/487 488/488/488 
f 490/490/490 488/488/488 491/491/491 
f 480/480/480 473/473/473 512/512/512 
f 480/480/480 512/512/512 502/502/502 
f 479/479/479 474/474/474 473/473/473 
f 479/479/479 473/473/473 480/480/480 
f 513/513/513 514/514/514 515/515/515 
f 513/513/513 515/515/515 516/516/516 
f 517/517/517 518/518/518 519/519/519 
f 517/517/517 519/519/519 520/520/520 
f 521/521/521 519/519/519 518/518/518 
f 521/521/521 518/518/518 522/522/522 
f 523/523/523 524/524/524 525/525/525 
f 523/523/523 525/525/525 526/526/526 
f 527/527/527 528/528/528 529/529/529 
f 527/527/527 529/529/529 530/530/530 
f 531/531/531 532/532/532 533/533/533 
f 531/531/531 533/533/533 534/534/534 
f 534/534/534 533/533/533 535/535/535 
f 534/534/534 535/535/535 536/536/536 
f 537/537/537 538/538/538 536/536/536 
f 537/537/537 536/536/536 535/535/535 
f 539/539/539 540/540/540 541/541/541 
f 539/539/539 541/541/541 542/542/542 
f 543/543/543 515/515/515 520/520/520 
f 543/543/543 520/520/520 544/544/544 
f 545/545/545 517/517/517 514/514/514 
f 545/545/545 514/514/514 546/546/546 
f 544/544/544 520/520/520 519/519/519 
f 544/544/544 519/519/519 547/547/547 
f 548/548/548 518/518/518 517/517/517 
f 548/548/548 517/517/517 545/545/545 
f 549/549/549 522/522/522 518/518/518 
f 549/549/549 518/518/518 548/548/548 
f 547/547/547 519/519/519 521/521/521 
f 547/547/547 521/521/521 550/550/550 
f 526/526/526 525/525/525 551/551/551 
f 526/526/526 551/551/551 552/552/552 
f 553/553/553 527/527/527 530/530/530 
f 553/553/553 530/530/530 554/554/554 
f 555/555/555 529/529/529 528/528/528 
f 555/555/555 528/528/528 556/556/556 
f 557/557/557 528/528/528 527/527/527 
f 557/557/557 527/527/527 558/558/558 
f 514/514/514 517/517/517 520/520/520 
f 514/514/514 520/520/520 515/515/515 
f 559/559/559 560/560/560 561/561/561 
f 559/559/559 561/561/561 562/562/562 
f 523/523/523 563/563/563 564/564/564 
f 523/523/523 564/564/564 524/524/524 
f 565/565/565 523/523/523 522/522/522 
f 565/565/565 522/522/522 549/549/549 
f 561/561/561 560/560/560 538/538/538 
f 561/561/561 538/538/538 537/537/537 
f 521/521/521 526/526/526 566/566/566 
f 521/521/521 566/566/566 550/550/550 
f 526/526/526 521/521/521 522/522/522 
f 526/526/526 522/522/522 523/523/523 
f 524/524/524 564/564/564 554/554/554 
f 524/524/524 554/554/554 530/530/530 
f 540/540/540 559/559/559 562/562/562 
f 540/540/540 562/562/562 541/541/541 
f 525/525/525 529/529/529 555/555/555 
f 525/525/525 555/555/555 551/551/551 
f 524/524/524 530/530/530 529/529/529 
f 524/524/524 529/529/529 525/525/525 
f 567/567/567 568/568/568 569/569/569 
f 567/567/567 569/569/569 570/570/570 
f 571/571/571 572/572/572 573/573/573 
f 571/571/571 573/573/573 574/574/574 
f 575/575/575 576/576/576 577/577/577 
f 575/575/575 577/577/577 578/578/578 
f 579/579/579 580/580/580 581/581/581 
f 579/579/579 581/581/581 582/582/582 
f 583/583/583 584/584/584 585/585/585 
f 583/583/583 585/585/585 586/586/586 
f 587/587/587 588/588/588 589/589/589 
f 587/587/587 589/589/589 590/590/590 
f 591/591/591 592/592/592 593/593/593 
f 591/591/591 593/593/593 594/594/594 
f 595/595/595 588/588/588 587/587/587 
f 595/595/595 587/587/587 596/596/596 
f 570/570/570 569/569/569 597/597/597 
f 570/570/570 597/597/597 598/598/598 
f 599/599/599 571/571/571 574/574/574 
f 599/599/599 574/574/574 600/600/600 
f 601/601/601 573/573/573 572/572/572 
f 601/601/601 572/572/572 602/602/602 
f 603/603/603 567/567/567 578/578/578 
f 603/603/603 578/578/578 604/604/604 
f 605/605/605 575/575/575 570/570/570 
f 605/605/605 570/570/570 598/598/598 
f 606/606/606 579/579/579 582/582/582 
f 606/606/606 582/582/582 607/607/607 
f 608/608/608 581/581/581 580/580/580 
f 608/608/608 580/580/580 609/609/609 
f 610/610/610 580/580/580 579/579/579 
f 610/610/610 579/579/579 611/611/611 
f 567/567/567 603/603/603 612/612/612 
f 567/567/567 612/612/612 568/568/568 
f 570/570/570 575/575/575 578/578/578 
f 570/570/570 578/578/578 567/567/567 
f 568/568/568 613/613/613 600/600/600 
f 568/568/568 600/600/600 574/574/574 
f 584/584/584 595/595/595 596/596/596 
f 584/584/584 596/596/596 585/585/585 
f 569/569/569 573/573/573 601/601/601 
f 569/569/569 601/601/601 614/614/614 
f 568/568/568 574/574/574 573/573/573 
f 568/568/568 573/573/573 569/569/569 
f 582/582/582 581/581/581 572/572/572 
f 582/582/582 572/572/572 571/571/571 
f 607/607/607 582/582/582 571/571/571 
f 607/607/607 571/571/571 599/599/599 
f 592/592/592 583/583/583 586/586/586 
f 592/592/592 586/586/586 593/593/593 
f 572/572/572 581/581/581 608/608/608 
f 572/572/572 608/608/608 602/602/602 
f 615/615/615 616/616/616 617/617/617 
f 615/615/615 617/617/617 618/618/618 
f 619/619/619 615/615/615 618/618/618 
f 619/619/619 618/618/618 620/620/620 
f 621/621/621 622/622/622 619/619/619 
f 621/621/621 619/619/619 620/620/620 
f 623/623/623 624/624/624 625/625/625 
f 623/623/623 625/625/625 626/626/626 
f 627/627/627 628/628/628 623/623/623 
f 627/627/627 623/623/623 626/626/626 
f 629/629/629 630/630/630 631/631/631 
f 629/629/629 631/631/631 632/632/632 
f 633/633/633 634/634/634 630/630/630 
f 633/633/633 630/630/630 629/629/629 
f 635/635/635 634/634/634 633/633/633 
f 635/635/635 633/633/633 636/636/636 
f 637/637/637 638/638/638 639/639/639 
f 637/637/637 639/639/639 640/640/640 
f 641/641/641 638/638/638 637/637/637 
f 641/641/641 637/637/637 642/642/642 
f 643/643/643 618/618/618 617/617/617 
f 643/643/643 617/617/617 644/644/644 
f 645/645/645 617/617/617 616/616/616 
f 645/645/645 616/616/616 646/646/646 
f 647/647/647 616/616/616 615/615/615 
f 647/647/647 615/615/615 648/648/648 
f 649/649/649 620/620/620 618/618/618 
f 649/649/649 618/618/618 643/643/643 
f 648/648/648 615/615/615 619/619/619 
f 648/648/648 619/619/619 650/650/650 
f 651/651/651 621/621/621 620/620/620 
f 651/651/651 620/620/620 649/649/649 
f 650/650/650 619/619/619 622/622/622 
f 650/650/650 622/622/622 652/652/652 
f 653/653/653 626/626/626 625/625/625 
f 653/653/653 625/625/625 654/654/654 
f 655/655/655 624/624/624 623/623/623 
f 655/655/655 623/623/623 656/656/656 
f 657/657/657 627/627/627 626/626/626 
f 657/657/657 626/626/626 653/653/653 
f 656/656/656 623/623/623 628/628/628 
f 656/656/656 628/628/628 658/658/658 
f 659/659/659 660/660/660 628/628/628 
f 659/659/659 628/628/628 627/627/627 
f 625/625/625 624/624/624 622/622/622 
f 625/625/625 622/622/622 621/621/621 
f 661/661/661 625/625/625 621/621/621 
f 661/661/661 621/621/621 651/651/651 
f 639/639/639 635/635/635 636/636/636 
f 639/639/639 636/636/636 640/640/640 
f 622/622/622 624/624/624 662/662/662 
f 622/622/622 662/662/662 652/652/652 
f 663/663/663 664/664/664 665/665/665 
f 663/663/663 665/665/665 666/666/666 
f 667/667/667 668/668/668 669/669/669 
f 667/667/667 669/669/669 670/670/670 
f 664/664/664 671/671/671 672/672/672 
f 664/664/664 672/672/672 665/665/665 
f 666/666/666 669/669/669 668/668/668 
f 666/666/666 668/668/668 663/663/663 
f 673/673/673 674/674/674 675/675/675 
f 673/673/673 675/675/675 676/676/676 
f 677/677/677 678/678/678 679/679/679 
f 677/677/677 679/679/679 680/680/680 
f 676/676/676 675/675/675 681/681/681 
f 676/676/676 681/681/681 682/682/682 
f 674/674/674 673/673/673 680/680/680 
f 674/674/674 680/680/680 679/679/679 
f 683/683/683 666/666/666 665/665/665 
f 683/683/683 665/665/665 684/684/684 
f 685/685/685 664/664/664 663/663/663 
f 685/685/685 663/663/663 686/686/686 
f 687/687/687 670/670/670 669/669/669 
f 687/687/687 669/669/669 688/688/688 
f 689/689/689 668/668/668 667/667/667 
f 689/689/689 667/667/667 690/690/690 
f 684/684/684 665/665/665 672/672/672 
f 684/684/684 672/672/672 691/691/691 
f 692/692/692 672/672/672 671/671/671 
f 692/692/692 671/671/671 693/693/693 
f 694/694/694 671/671/671 664/664/664 
f 694/694/694 664/664/664 685/685/685 
f 686/686/686 663/663/663 668/668/668 
f 686/686/686 668/668/668 695/695/695 
f 696/696/696 669/669/669 666/666/666 
f 696/696/696 666/666/666 683/683/683 
f 697/697/697 698/698/698 699/699/699 
f 697/697/697 699/699/699 700/700/700 
f 701/701/701 699/699/699 670/670/670 
f 701/701/701 670/670/670 687/687/687 
f 702/702/702 703/703/703 678/678/678 
f 702/702/702 678/678/678 677/677/677 
f 667/667/667 698/698/698 704/704/704 
f 667/667/667 704/704/704 690/690/690 
f 698/698/698 667/667/667 670/670/670 
f 698/698/698 670/670/670 699/699/699 
f 705/705/705 706/706/706 707/707/707 
f 705/705/705 707/707/707 708/708/708 
f 708/708/708 707/707/707 709/709/709 
f 708/708/708 709/709/709 710/710/710 
f 711/711/711 712/712/712 713/713/713 
f 711/711/711 713/713/713 714/714/714 
f 709/709/709 712/712/712 711/711/711 
f 709/709/709 711/711/711 710/710/710 
f 715/715/715 716/716/716 717/717/717 
f 715/715/715 717/717/717 718/718/718 
f 716/716/716 719/719/719 720/720/720 
f 716/716/716 720/720/720 717/717/717 
f 721/721/721 722/722/722 723/723/723 
f 721/721/721 723/723/723 724/724/724 
f 720/720/720 719/719/719 721/721/721 
f 720/720/720 721/721/721 724/724/724 
f 725/725/725 705/705/705 708/708/708 
f 725/725/725 708/708/708 726/726/726 
f 727/727/727 707/707/707 706/706/706 
f 727/727/727 706/706/706 728/728/728 
f 729/729/729 706/706/706 705/705/705 
f 729/729/729 705/705/705 730/730/730 
f 726/726/726 708/708/708 710/710/710 
f 726/726/726 710/710/710 731/731/731 
f 732/732/732 709/709/709 707/707/707 
f 732/732/732 707/707/707 727/727/727 
f 733/733/733 711/711/711 734/734/734 
f 735/735/735 712/712/712 736/736/736 
f 737/737/737 710/710/710 711/711/711 
f 737/737/737 711/711/711 733/733/733 
f 736/736/736 712/712/712 709/709/709 
f 736/736/736 709/709/709 738/738/738 
f 739/739/739 740/740/740 741/741/741 
f 739/739/739 741/741/741 742/742/742 
f 743/743/743 744/744/744 745/745/745 
f 743/743/743 745/745/745 746/746/746 
f 747/747/747 744/744/744 743/743/743 
f 747/747/747 743/743/743 748/748/748 
f 749/749/749 750/750/750 751/751/751 
f 749/749/749 751/751/751 752/752/752 
f 753/753/753 754/754/754 755/755/755 
f 753/753/753 755/755/755 756/756/756 
f 757/757/757 753/753/753 756/756/756 
f 757/757/757 756/756/756 758/758/758 
f 759/759/759 757/757/757 758/758/758 
f 759/759/759 758/758/758 760/760/760 
f 761/761/761 762/762/762 763/763/763 
f 761/761/761 763/763/763 764/764/764 
f 765/765/765 746/746/746 739/739/739 
f 765/765/765 739/739/739 766/766/766 
f 767/767/767 740/740/740 745/745/745 
f 767/767/767 745/745/745 768/768/768 
f 769/769/769 743/743/743 746/746/746 
f 769/769/769 746/746/746 765/765/765 
f 768/768/768 745/745/745 744/744/744 
f 768/768/768 744/744/744 770/770/770 
f 771/771/771 748/748/748 743/743/743 
f 771/771/771 743/743/743 769/769/769 
f 770/770/770 744/744/744 747/747/747 
f 770/770/770 747/747/747 772/772/772 
f 749/749/749 752/752/752 773/773/773 
f 749/749/749 773/773/773 774/774/774 
f 750/750/750 775/775/775 776/776/776 
f 750/750/750 776/776/776 751/751/751 
f 777/777/777 778/778/778 779/779/779 
f 777/777/777 779/779/779 780/780/780 
f 746/746/746 745/745/745 740/740/740 
f 746/746/746 740/740/740 739/739/739 
f 775/775/775 750/750/750 748/748/748 
f 775/775/775 748/748/748 781/781/781 
f 764/764/764 759/759/759 760/760/760 
f 764/764/764 760/760/760 761/761/761 
f 747/747/747 749/749/749 774/774/774 
f 747/747/747 774/774/774 782/782/782 
f 750/750/750 749/749/749 747/747/747 
f 750/750/750 747/747/747 748/748/748 
f 751/751/751 776/776/776 783/783/783 
f 751/751/751 783/783/783 779/779/779 
f 762/762/762 784/784/784 785/785/785 
f 762/762/762 785/785/785 763/763/763 
f 752/752/752 778/778/778 786/786/786 
f 752/752/752 786/786/786 773/773/773 
f 751/751/751 779/779/779 778/778/778 
f 751/751/751 778/778/778 752/752/752 
f 787/787/787 788/788/788 789/789/789 
f 787/787/787 789/789/789 790/790/790 
f 791/791/791 792/792/792 793/793/793 
f 791/791/791 793/793/793 794/794/794 
f 795/795/795 796/796/796 791/791/791 
f 795/795/795 791/791/791 794/794/794 
f 797/797/797 798/798/798 799/799/799 
f 797/797/797 799/799/799 800/800/800 
f 801/801/801 802/802/802 803/803/803 
f 801/801/801 803/803/803 804/804/804 
f 805/805/805 788/788/788 787/787/787 
f 805/805/805 787/787/787 806/806/806 
f 787/787/787 790/790/790 807/807/807 
f 787/787/787 807/807/807 808/808/808 
f 788/788/788 809/809/809 810/810/810 
f 788/788/788 810/810/810 789/789/789 
f 794/794/794 793/793/793 811/811/811 
f 794/794/794 811/811/811 812/812/812 
f 813/813/813 795/795/795 794/794/794 
f 813/813/813 794/794/794 814/814/814 
f 815/815/815 791/791/791 796/796/796 
f 815/815/815 796/796/796 816/816/816 
f 817/817/817 818/818/818 796/796/796 
f 817/817/817 796/796/796 795/795/795 
f 803/803/803 802/802/802 819/819/819 
f 803/803/803 819/819/819 820/820/820 
f 791/791/791 815/815/815 821/821/821 
f 791/791/791 821/821/821 792/792/792 
f 822/822/822 823/823/823 824/824/824 
f 822/822/822 824/824/824 825/825/825 
f 826/826/826 827/827/827 828/828/828 
f 826/826/826 828/828/828 829/829/829 
f 830/830/830 831/831/831 832/832/832 
f 830/830/830 832/832/832 833/833/833 
f 822/822/822 825/825/825 831/831/831 
f 822/822/822 831/831/831 830/830/830 
f 825/825/825 824/824/824 834/834/834 
f 825/825/825 834/834/834 793/793/793 
f 827/827/827 820/820/820 819/819/819 
f 827/827/827 819/819/819 828/828/828 
f 831/831/831 792/792/792 835/835/835 
f 831/831/831 835/835/835 832/832/832 
f 825/825/825 793/793/793 792/792/792 
f 825/825/825 792/792/792 831/831/831 
f 789/789/789 810/810/810 823/823/823 
f 789/789/789 823/823/823 822/822/822 
f 798/798/798 826/826/826 829/829/829 
f 798/798/798 829/829/829 799/799/799 
f 790/790/790 830/830/830 833/833/833 
f 790/790/790 833/833/833 807/807/807 
f 789/789/789 822/822/822 830/830/830 
f 789/789/789 830/830/830 790/790/790 
f 836/836/836 837/837/837 838/838/838 
f 836/836/836 838/838/838 839/839/839 
f 840/840/840 841/841/841 842/842/842 
f 840/840/840 842/842/842 843/843/843 
f 844/844/844 845/845/845 846/846/846 
f 844/844/844 846/846/846 847/847/847 
f 848/848/848 849/849/849 850/850/850 
f 848/848/848 850/850/850 851/851/851 
f 837/837/837 846/846/846 845/845/845 
f 837/837/837 845/845/845 838/838/838 
f 848/848/848 851/851/851 852/852/852 
f 848/848/848 852/852/852 853/853/853 
f 839/839/839 838/838/838 854/854/854 
f 839/839/839 854/854/854 855/855/855 
f 853/853/853 852/852/852 856/856/856 
f 853/853/853 856/856/856 857/857/857 
f 858/858/858 859/859/859 845/845/845 
f 858/858/858 845/845/845 844/844/844 
f 838/838/838 845/845/845 859/859/859 
f 838/838/838 859/859/859 854/854/854 
f 860/860/860 861/861/861 862/862/862 
f 860/860/860 862/862/862 863/863/863 
f 864/864/864 865/865/865 866/866/866 
f 864/864/864 866/866/866 867/867/867 
f 868/868/868 869/869/869 870/870/870 
f 868/868/868 870/870/870 871/871/871 
f 861/861/861 870/870/870 869/869/869 
f 861/861/861 869/869/869 862/862/862 
f 872/872/872 854/854/854 861/861/861 
f 872/872/872 861/861/861 860/860/860 
f 857/857/857 856/856/856 865/865/865 
f 857/857/857 865/865/865 864/864/864 
f 871/871/871 870/870/870 859/859/859 
f 871/871/871 859/859/859 873/873/873 
f 854/854/854 859/859/859 870/870/870 
f 854/854/854 870/870/870 861/861/861 
f 863/863/863 862/862/862 841/841/841 
f 863/863/863 841/841/841 874/874/874 
f 867/867/867 866/866/866 875/875/875 
f 867/867/867 875/875/875 876/876/876 
f 877/877/877 842/842/842 869/869/869 
f 877/877/877 869/869/869 868/868/868 
f 862/862/862 869/869/869 842/842/842 
f 862/862/862 842/842/842 841/841/841 
f 878/878/878 879/879/879 880/880/880 
f 878/878/878 880/880/880 881/881/881 
f 882/882/882 883/883/883 884/884/884 
f 882/882/882 884/884/884 885/885/885 
f 886/886/886 887/887/887 888/888/888 
f 886/886/886 888/888/888 889/889/889 
f 890/890/890 891/891/891 892/892/892 
f 890/890/890 892/892/892 893/893/893 
f 894/894/894 895/895/895 884/884/884 
f 894/894/894 884/884/884 883/883/883 
f 896/896/896 897/897/897 882/882/882 
f 896/896/896 882/882/882 885/885/885 
f 893/893/893 892/892/892 898/898/898 
f 893/893/893 898/898/898 899/899/899 
f 900/900/900 883/883/883 901/901/901 
f 900/900/900 901/901/901 902/902/902 
f 883/883/883 882/882/882 903/903/903 
f 883/883/883 903/903/903 901/901/901 
f 882/882/882 904/904/904 905/905/905 
f 882/882/882 905/905/905 903/903/903 
f 906/906/906 907/907/907 908/908/908 
f 906/906/906 908/908/908 909/909/909 
f 910/910/910 911/911/911 912/912/912 
f 910/910/910 912/912/912 913/913/913 
f 911/911/911 914/914/914 915/915/915 
f 911/911/911 915/915/915 912/912/912 
f 914/914/914 916/916/916 917/917/917 
f 914/914/914 917/917/917 915/915/915 
f 918/918/918 919/919/919 881/881/881 
f 918/918/918 881/881/881 880/880/880 
f 920/920/920 918/918/918 880/880/880 
f 920/920/920 880/880/880 921/921/921 
f 922/922/922 923/923/923 924/924/924 
f 922/922/922 924/924/924 925/925/925 
f 919/919/919 926/926/926 927/927/927 
f 919/919/919 927/927/927 881/881/881 
f 901/901/901 903/903/903 914/914/914 
f 901/901/901 914/914/914 911/911/911 
f 902/902/902 901/901/901 911/911/911 
f 902/902/902 911/911/911 910/910/910 
f 899/899/899 898/898/898 907/907/907 
f 899/899/899 907/907/907 906/906/906 
f 903/903/903 905/905/905 916/916/916 
f 903/903/903 916/916/916 914/914/914 
f 928/928/928 896/896/896 885/885/885 
f 928/928/928 885/885/885 886/886/886 
f 929/929/929 930/930/930 891/891/891 
f 929/929/929 891/891/891 890/890/890 
f 884/884/884 895/895/895 931/931/931 
f 884/884/884 931/931/931 887/887/887 
f 885/885/885 884/884/884 887/887/887 
f 885/885/885 887/887/887 886/886/886 
f 912/912/912 915/915/915 919/919/919 
f 912/912/912 919/919/919 918/918/918 
f 913/913/913 912/912/912 918/918/918 
f 913/913/913 918/918/918 920/920/920 
f 909/909/909 908/908/908 923/923/923 
f 909/909/909 923/923/923 922/922/922 
f 915/915/915 917/917/917 926/926/926 
f 915/915/915 926/926/926 919/919/919 
f 932/932/932 933/933/933 934/934/934 
f 932/932/932 934/934/934 935/935/935 
f 936/936/936 937/937/937 938/938/938 
f 936/936/936 938/938/938 939/939/939 
f 940/940/940 941/941/941 942/942/942 
f 940/940/940 942/942/942 943/943/943 
f 944/944/944 945/945/945 946/946/946 
f 944/944/944 946/946/946 947/947/947 
f 937/937/937 946/946/946 945/945/945 
f 937/937/937 945/945/945 938/938/938 
f 948/948/948 949/949/949 937/937/937 
f 948/948/948 937/937/937 936/936/936 
f 950/950/950 951/951/951 941/941/941 
f 950/950/950 941/941/941 940/940/940 
f 947/947/947 946/946/946 952/952/952 
f 947/947/947 952/952/952 953/953/953 
f 949/949/949 952/952/952 946/946/946 
f 949/949/949 946/946/946 937/937/937 
f 939/939/939 938/938/938 933/933/933 
f 939/939/939 933/933/933 954/954/954 
f 943/943/943 942/942/942 955/955/955 
f 943/943/943 955/955/955 956/956/956 
f 957/957/957 934/934/934 945/945/945 
f 957/957/957 945/945/945 944/944/944 
f 938/938/938 945/945/945 934/934/934 
f 938/938/938 934/934/934 933/933/933 
f 958/958/958 959/959/959 960/960/960 
f 958/958/958 960/960/960 961/961/961 
f 962/962/962 963/963/963 964/964/964 
f 962/962/962 964/964/964 965/965/965 
f 966/966/966 967/967/967 968/968/968 
f 966/966/966 968/968/968 969/969/969 
f 961/961/961 960/960/960 969/969/969 
f 961/961/961 969/969/969 968/968/968 
f 970/970/970 971/971/971 972/972/972 
f 970/970/970 972/972/972 973/973/973 
f 959/959/959 974/974/974 975/975/975 
f 959/959/959 975/975/975 960/960/960 
f 971/971/971 976/976/976 977/977/977 
f 971/971/971 977/977/977 972/972/972 
f 978/978/978 966/966/966 969/969/969 
f 978/978/978 969/969/969 979/979/979 
f 960/960/960 975/975/975 979/979/979 
f 960/960/960 979/979/979 969/969/969 
f 980/980/980 981/981/981 982/982/982 
f 980/980/980 982/982/982 983/983/983 
f 984/984/984 985/985/985 986/986/986 
f 984/984/984 986/986/986 987/987/987 
f 988/988/988 989/989/989 990/990/990 
f 988/988/988 990/990/990 991/991/991 
f 983/983/983 982/982/982 991/991/991 
f 983/983/983 991/991/991 990/990/990 
f 992/992/992 980/980/980 983/983/983 
f 992/992/992 983/983/983 975/975/975 
f 976/976/976 984/984/984 987/987/987 
f 976/976/976 987/987/987 977/977/977 
f 989/989/989 993/993/993 979/979/979 
f 989/989/989 979/979/979 990/990/990 
f 975/975/975 983/983/983 990/990/990 
f 975/975/975 990/990/990 979/979/979 
f 981/981/981 994/994/994 965/965/965 
f 981/981/981 965/965/965 982/982/982 
f 985/985/985 995/995/995 996/996/996 
f 985/985/985 996/996/996 986/986/986 
f 997/997/997 988/988/988 991/991/991 
f 997/997/997 991/991/991 964/964/964 
f 982/982/982 965/965/965 964/964/964 
f 982/982/982 964/964/964 991/991/991 
f 998/998/998 999/999/999 1000/1000/1000 
f 998/998/998 1001/1001/1001 999/999/999 
f 998/998/998 1002/1002/1002 1001/1001/1001 
f 998/998/998 1003/1003/1003 1002/1002/1002 
f 998/998/998 1004/1004/1004 1005/1005/1005 
f 1004/1004/1004 998/998/998 1006/1006/1006 
f 998/998/998 1007/1007/1007 1008/1008/1008 
f 998/998/998 1009/1009/1009 1007/1007/1007 
f 1000/1000/1000 1010/1010/1010 1011/1011/1011 
f 1000/1000/1000 1011/1011/1011 1009/1009/1009 
f 1001/1001/1001 1012/1012/1012 1013/1013/1013 
f 1001/1001/1001 1013/1013/1013 999/999/999 
f 1002/1002/1002 1014/1014/1014 1012/1012/1012 
f 1002/1002/1002 1012/1012/1012 1001/1001/1001 
f 1003/1003/1003 1015/1015/1015 1014/1014/1014 
f 1003/1003/1003 1014/1014/1014 1002/1002/1002 
f 1004/1004/1004 1016/1016/1016 1017/1017/1017 
f 1004/1004/1004 1017/1017/1017 1005/1005/1005 
f 1004/1004/1004 1006/1006/1006 1018/1018/1018 
f 1004/1004/1004 1018/1018/1018 1016/1016/1016 
f 1007/1007/1007 1019/1019/1019 1020/1020/1020 
f 1007/1007/1007 1020/1020/1020 1008/1008/1008 
f 1009/1009/1009 1011/1011/1011 1019/1019/1019 
f 1009/1009/1009 1019/1019/1019 1007/1007/1007 
f 1010/1010/1010 1021/1021/1021 1022/1022/1022 
f 1010/1010/1010 1022/1022/1022 1011/1011/1011 
f 1012/1012/1012 1023/1023/1023 1024/1024/1024 
f 1012/1012/1012 1024/1024/1024 1013/1013/1013 
f 1014/1014/1014 1025/1025/1025 1023/1023/1023 
f 1014/1014/1014 1023/1023/1023 1012/1012/1012 
f 1015/1015/1015 1026/1026/1026 1025/1025/1025 
f 1015/1015/1015 1025/1025/1025 1014/1014/1014 
f 1016/1016/1016 1018/1018/1018 1027/1027/1027 
f 1019/1019/1019 1028/1028/1028 1029/1029/1029 
f 1019/1019/1019 1029/1029/1029 1020/1020/1020 
f 1011/1011/1011 1022/1022/1022 1028/1028/1028 
f 1011/1011/1011 1028/1028/1028 1019/1019/1019 
f 1030/1030/1030 1031/1031/1031 1032/1032/1032 
f 1030/1030/1030 1032/1032/1032 1033/1033/1033 
f 1034/1034/1034 1035/1035/1035 1036/1036/1036 
f 1034/1034/1034 1036/1036/1036 1037/1037/1037 
f 1025/1025/1025 1038/1038/1038 1039/1039/1039 
f 1025/1025/1025 1039/1039/1039 1023/1023/1023 
f 1040/1040/1040 1041/1041/1041 1042/1042/1042 
f 1040/1040/1040 1042/1042/1042 1043/1043/1043 
f 1044/1044/1044 1045/1045/1045 1032/1032/1032 
f 1044/1044/1044 1032/1032/1032 1031/1031/1031 
f 1018/1018/1018 1006/1006/1006 1008/1008/1008 
f 1018/1018/1018 1008/1008/1008 1020/1020/1020 
f 1027/1027/1027 1018/1018/1018 1020/1020/1020 
f 1027/1027/1027 1020/1020/1020 1029/1029/1029 
f 1006/1006/1006 998/998/998 1008/1008/1008 
f 1046/1046/1046 1047/1047/1047 1048/1048/1048 
f 1046/1046/1046 1048/1048/1048 1049/1049/1049 
f 1044/1044/1044 1050/1050/1050 1051/1051/1051 
f 1044/1044/1044 1051/1051/1051 1045/1045/1045 
f 1052/1052/1052 1053/1053/1053 1051/1051/1051 
f 1052/1052/1052 1051/1051/1051 1050/1050/1050 
f 1016/1016/1016 1027/1027/1027 1053/1053/1053 
f 1016/1016/1016 1053/1053/1053 1052/1052/1052 
f 1035/1035/1035 1054/1054/1054 1055/1055/1055 
f 1035/1035/1035 1055/1055/1055 1036/1036/1036 
f 1042/1042/1042 1056/1056/1056 1054/1054/1054 
f 1042/1042/1042 1054/1054/1054 1035/1035/1035 
f 1041/1041/1041 1057/1057/1057 1056/1056/1056 
f 1041/1041/1041 1056/1056/1056 1042/1042/1042 
f 1058/1058/1058 1044/1044/1044 1031/1031/1031 
f 1058/1058/1058 1031/1031/1031 1059/1059/1059 
f 1054/1054/1054 1060/1060/1060 1061/1061/1061 
f 1054/1054/1054 1061/1061/1061 1055/1055/1055 
f 1056/1056/1056 1062/1062/1062 1060/1060/1060 
f 1056/1056/1056 1060/1060/1060 1054/1054/1054 
f 1057/1057/1057 1063/1063/1063 1062/1062/1062 
f 1057/1057/1057 1062/1062/1062 1056/1056/1056 
f 1047/1047/1047 1058/1058/1058 1059/1059/1059 
f 1047/1047/1047 1059/1059/1059 1048/1048/1048 
f 1064/1064/1064 1065/1065/1065 1066/1066/1066 
f 1064/1064/1064 1067/1067/1067 1068/1068/1068 
f 1064/1064/1064 1068/1068/1068 1069/1069/1069 
f 1064/1064/1064 1069/1069/1069 1070/1070/1070 
f 1064/1064/1064 1071/1071/1071 1072/1072/1072 
f 1072/1072/1072 1073/1073/1073 1064/1064/1064 
f 1064/1064/1064 1074/1074/1074 1075/1075/1075 
f 1064/1064/1064 1075/1075/1075 1065/1065/1065 
f 1066/1066/1066 1065/1065/1065 1076/1076/1076 
f 1066/1066/1066 1076/1076/1076 1077/1077/1077 
f 1068/1068/1068 1067/1067/1067 1078/1078/1078 
f 1068/1068/1068 1078/1078/1078 1079/1079/1079 
f 1069/1069/1069 1068/1068/1068 1079/1079/1079 
f 1069/1069/1069 1079/1079/1079 1080/1080/1080 
f 1070/1070/1070 1069/1069/1069 1080/1080/1080 
f 1070/1070/1070 1080/1080/1080 1081/1081/1081 
f 1072/1072/1072 1071/1071/1071 1082/1082/1082 
f 1072/1072/1072 1082/1082/1082 1083/1083/1083 
f 1072/1072/1072 1083/1083/1083 1084/1084/1084 
f 1072/1072/1072 1084/1084/1084 1073/1073/1073 
f 1075/1075/1075 1074/1074/1074 1085/1085/1085 
f 1075/1075/1075 1085/1085/1085 1086/1086/1086 
f 1065/1065/1065 1075/1075/1075 1086/1086/1086 
f 1065/1065/1065 1086/1086/1086 1076/1076/1076 
f 1077/1077/1077 1076/1076/1076 1087/1087/1087 
f 1077/1077/1077 1087/1087/1087 1088/1088/1088 
f 1079/1079/1079 1078/1078/1078 1089/1089/1089 
f 1079/1079/1079 1089/1089/1089 1090/1090/1090 
f 1080/1080/1080 1079/1079/1079 1090/1090/1090 
f 1080/1080/1080 1090/1090/1090 1091/1091/1091 
f 1081/1081/1081 1080/1080/1080 1092/1092/1092 
f 1081/1081/1081 1092/1092/1092 1093/1093/1093 
f 1083/1083/1083 1094/1094/1094 1084/1084/1084 
f 1086/1086/1086 1085/1085/1085 1095/1095/1095 
f 1086/1086/1086 1095/1095/1095 1096/1096/1096 
f 1076/1076/1076 1086/1086/1086 1096/1096/1096 
f 1076/1076/1076 1096/1096/1096 1087/1087/1087 
f 1097/1097/1097 1098/1098/1098 1099/1099/1099 
f 1097/1097/1097 1099/1099/1099 1100/1100/1100 
f 1101/1101/1101 1102/1102/1102 1103/1103/1103 
f 1101/1101/1101 1103/1103/1103 1104/1104/1104 
f 1105/1105/1105 1101/1101/1101 1104/1104/1104 
f 1105/1105/1105 1104/1104/1104 1106/1106/1106 
f 1107/1107/1107 1108/1108/1108 1109/1109/1109 
f 1107/1107/1107 1109/1109/1109 1110/1110/1110 
f 1111/1111/1111 1100/1100/1100 1099/1099/1099 
f 1111/1111/1111 1099/1099/1099 1112/1112/1112 
f 1084/1084/1084 1085/1085/1085 1074/1074/1074 
f 1084/1084/1084 1074/1074/1074 1073/1073/1073 
f 1094/1094/1094 1095/1095/1095 1085/1085/1085 
f 1094/1094/1094 1085/1085/1085 1084/1084/1084 
f 1073/1073/1073 1074/1074/1074 1064/1064/1064 
f 1113/1113/1113 1114/1114/1114 1115/1115/1115 
f 1113/1113/1113 1115/1115/1115 1116/1116/1116 
f 1111/1111/1111 1112/1112/1112 1117/1117/1117 
f 1111/1111/1111 1117/1117/1117 1118/1118/1118 
f 1119/1119/1119 1118/1118/1118 1117/1117/1117 
f 1119/1119/1119 1117/1117/1117 1120/1120/1120 
f 1083/1083/1083 1119/1119/1119 1120/1120/1120 
f 1083/1083/1083 1120/1120/1120 1094/1094/1094 
f 1104/1104/1104 1103/1103/1103 1121/1121/1121 
f 1104/1104/1104 1121/1121/1121 1122/1122/1122 
f 1106/1106/1106 1104/1104/1104 1122/1122/1122 
f 1106/1106/1106 1122/1122/1122 1123/1123/1123 
f 1110/1110/1110 1109/1109/1109 1124/1124/1124 
f 1110/1110/1110 1124/1124/1124 1125/1125/1125 
f 1126/1126/1126 1127/1127/1127 1100/1100/1100 
f 1126/1126/1126 1100/1100/1100 1111/1111/1111 
f 1122/1122/1122 1121/1121/1121 1128/1128/1128 
f 1122/1122/1122 1128/1128/1128 1129/1129/1129 
f 1123/1123/1123 1122/1122/1122 1129/1129/1129 
f 1123/1123/1123 1129/1129/1129 1130/1130/1130 
f 1131/1131/1131 1123/1123/1123 1130/1130/1130 
f 1131/1131/1131 1130/1130/1130 1132/1132/1132 
f 1116/1116/1116 1115/1115/1115 1127/1127/1127 
f 1116/1116/1116 1127/1127/1127 1126/1126/1126 
f 1049/1049/1049 1048/1048/1048 1133/1133/1133 
f 1049/1049/1049 1133/1133/1133 1134/1134/1134 
f 1055/1055/1055 1061/1061/1061 1135/1135/1135 
f 1055/1055/1055 1135/1135/1135 1136/1136/1136 
f 1061/1061/1061 1060/1060/1060 1137/1137/1137 
f 1061/1061/1061 1137/1137/1137 1138/1138/1138 
f 1060/1060/1060 1062/1062/1062 1139/1139/1139 
f 1060/1060/1060 1139/1139/1139 1137/1137/1137 
f 1140/1140/1140 1063/1063/1063 1141/1141/1141 
f 1140/1140/1140 1141/1141/1141 1142/1142/1142 
f 1058/1058/1058 1047/1047/1047 1143/1143/1143 
f 1058/1058/1058 1143/1143/1143 1144/1144/1144 
f 1047/1047/1047 1046/1046/1046 1145/1145/1145 
f 1047/1047/1047 1145/1145/1145 1143/1143/1143 
f 1046/1046/1046 1049/1049/1049 1146/1146/1146 
f 1046/1046/1046 1146/1146/1146 1147/1147/1147 
f 1050/1050/1050 1044/1044/1044 1148/1148/1148 
f 1050/1050/1050 1148/1148/1148 1149/1149/1149 
f 1052/1052/1052 1050/1050/1050 1149/1149/1149 
f 1052/1052/1052 1149/1149/1149 1150/1150/1150 
f 1016/1016/1016 1052/1052/1052 1150/1150/1150 
f 1016/1016/1016 1150/1150/1150 1151/1151/1151 
f 1059/1059/1059 1031/1031/1031 1152/1152/1152 
f 1059/1059/1059 1152/1152/1152 1153/1153/1153 
f 1031/1031/1031 1030/1030/1030 1154/1154/1154 
f 1031/1031/1031 1154/1154/1154 1152/1152/1152 
f 1036/1036/1036 1055/1055/1055 1136/1136/1136 
f 1036/1036/1036 1136/1136/1136 1155/1155/1155 
f 1044/1044/1044 1058/1058/1058 1144/1144/1144 
f 1044/1044/1044 1144/1144/1144 1148/1148/1148 
f 1048/1048/1048 1059/1059/1059 1153/1153/1153 
f 1048/1048/1048 1153/1153/1153 1133/1133/1133 
f 1115/1115/1115 1114/1114/1114 1156/1156/1156 
f 1115/1115/1115 1156/1156/1156 1157/1157/1157 
f 1128/1128/1128 1121/1121/1121 1158/1158/1158 
f 1128/1128/1128 1158/1158/1158 1159/1159/1159 
f 1129/1129/1129 1160/1160/1160 1161/1161/1161 
f 1129/1129/1129 1161/1161/1161 1162/1162/1162 
f 1130/1130/1130 1129/1129/1129 1162/1162/1162 
f 1130/1130/1130 1162/1162/1162 1163/1163/1163 
f 1132/1132/1132 1130/1130/1130 1163/1163/1163 
f 1132/1132/1132 1163/1163/1163 1164/1164/1164 
f 1116/1116/1116 1126/1126/1126 1165/1165/1165 
f 1116/1116/1116 1165/1165/1165 1166/1166/1166 
f 1113/1113/1113 1116/1116/1116 1166/1166/1166 
f 1113/1113/1113 1166/1166/1166 1167/1167/1167 
f 1114/1114/1114 1113/1113/1113 1168/1168/1168 
f 1114/1114/1114 1168/1168/1168 1169/1169/1169 
f 1111/1111/1111 1118/1118/1118 1170/1170/1170 
f 1111/1111/1111 1170/1170/1170 1171/1171/1171 
f 1118/1118/1118 1119/1119/1119 1172/1172/1172 
f 1118/1118/1118 1172/1172/1172 1170/1170/1170 
f 1119/1119/1119 1083/1083/1083 1173/1173/1173 
f 1119/1119/1119 1173/1173/1173 1172/1172/1172 
f 1100/1100/1100 1127/1127/1127 1174/1174/1174 
f 1100/1100/1100 1174/1174/1174 1175/1175/1175 
f 1097/1097/1097 1100/1100/1100 1175/1175/1175 
f 1097/1097/1097 1175/1175/1175 1176/1176/1176 
f 1121/1121/1121 1103/1103/1103 1177/1177/1177 
f 1121/1121/1121 1177/1177/1177 1158/1158/1158 
f 1126/1126/1126 1111/1111/1111 1171/1171/1171 
f 1126/1126/1126 1171/1171/1171 1165/1165/1165 
f 1127/1127/1127 1115/1115/1115 1157/1157/1157 
f 1127/1127/1127 1157/1157/1157 1174/1174/1174 
f 1103/1103/1103 1097/1097/1097 1176/1176/1176 
f 1103/1103/1103 1176/1176/1176 1177/1177/1177 
f 1103/1103/1103 1102/1102/1102 1098/1098/1098 
f 1103/1103/1103 1098/1098/1098 1097/1097/1097 
f 1078/1078/1078 1077/1077/1077 1088/1088/1088 
f 1078/1078/1078 1088/1088/1088 1089/1089/1089 
f 1067/1067/1067 1066/1066/1066 1077/1077/1077 
f 1067/1067/1067 1077/1077/1077 1078/1078/1078 
f 999/999/999 1013/1013/1013 1010/1010/1010 
f 999/999/999 1010/1010/1010 1000/1000/1000 
f 1013/1013/1013 1024/1024/1024 1021/1021/1021 
f 1013/1013/1013 1021/1021/1021 1010/1010/1010 
f 1036/1036/1036 1030/1030/1030 1033/1033/1033 
f 1036/1036/1036 1033/1033/1033 1037/1037/1037 
f 1154/1154/1154 1030/1030/1030 1036/1036/1036 
f 1154/1154/1154 1036/1036/1036 1155/1155/1155 
f 998/998/998 1000/1000/1000 1009/1009/1009 
f 1064/1064/1064 1066/1066/1066 1067/1067/1067 
f 1017/1017/1017 1016/1016/1016 1151/1151/1151 
f 1017/1017/1017 1151/1151/1151 1178/1178/1178 
f 1083/1083/1083 1082/1082/1082 1179/1179/1179 
f 1083/1083/1083 1179/1179/1179 1173/1173/1173 
f 1080/1080/1080 1091/1091/1091 1092/1092/1092 
f 1180/1180/1180 1081/1081/1081 1093/1093/1093 
f 1105/1105/1105 1106/1106/1106 1109/1109/1109 
f 1105/1105/1105 1109/1109/1109 1108/1108/1108 
f 1181/1181/1181 1182/1182/1182 1107/1107/1107 
f 1181/1181/1181 1107/1107/1107 1110/1110/1110 
f 1106/1106/1106 1123/1123/1123 1124/1124/1124 
f 1106/1106/1106 1124/1124/1124 1109/1109/1109 
f 1123/1123/1123 1131/1131/1131 1125/1125/1125 
f 1123/1123/1123 1125/1125/1125 1124/1124/1124 
f 1131/1131/1131 1181/1181/1181 1110/1110/1110 
f 1131/1131/1131 1110/1110/1110 1125/1125/1125 
f 1025/1025/1025 1043/1043/1043 1038/1038/1038 
f 1042/1042/1042 1035/1035/1035 1183/1183/1183 
f 1042/1042/1042 1183/1183/1183 1184/1184/1184 
f 1039/1039/1039 1034/1034/1034 1023/1023/1023 
f 1026/1026/1026 1040/1040/1040 1043/1043/1043 
f 1026/1026/1026 1043/1043/1043 1025/1025/1025 
f 1107/1107/1107 1182/1182/1182 1180/1180/1180 
f 1107/1107/1107 1180/1180/1180 1093/1093/1093 
f 1093/1093/1093 1092/1092/1092 1108/1108/1108 
f 1093/1093/1093 1108/1108/1108 1107/1107/1107 
f 1091/1091/1091 1105/1105/1105 1108/1108/1108 
f 1091/1091/1091 1108/1108/1108 1092/1092/1092 
f 1091/1091/1091 1090/1090/1090 1101/1101/1101 
f 1091/1091/1091 1101/1101/1101 1105/1105/1105 
f 1090/1090/1090 1089/1089/1089 1102/1102/1102 
f 1090/1090/1090 1102/1102/1102 1101/1101/1101 
f 1098/1098/1098 1102/1102/1102 1089/1089/1089 
f 1098/1098/1098 1089/1089/1089 1088/1088/1088 
f 1099/1099/1099 1098/1098/1098 1088/1088/1088 
f 1099/1099/1099 1088/1088/1088 1087/1087/1087 
f 1112/1112/1112 1099/1099/1099 1087/1087/1087 
f 1112/1112/1112 1087/1087/1087 1096/1096/1096 
f 1117/1117/1117 1112/1112/1112 1096/1096/1096 
f 1117/1117/1117 1096/1096/1096 1095/1095/1095 
f 1120/1120/1120 1117/1117/1117 1095/1095/1095 
f 1120/1120/1120 1095/1095/1095 1094/1094/1094 
f 1053/1053/1053 1027/1027/1027 1029/1029/1029 
f 1053/1053/1053 1029/1029/1029 1051/1051/1051 
f 1045/1045/1045 1051/1051/1051 1029/1029/1029 
f 1045/1045/1045 1029/1029/1029 1028/1028/1028 
f 1032/1032/1032 1045/1045/1045 1028/1028/1028 
f 1032/1032/1032 1028/1028/1028 1022/1022/1022 
f 1033/1033/1033 1032/1032/1032 1022/1022/1022 
f 1033/1033/1033 1022/1022/1022 1021/1021/1021 
f 1037/1037/1037 1033/1033/1033 1021/1021/1021 
f 1037/1037/1037 1021/1021/1021 1024/1024/1024 
f 1023/1023/1023 1034/1034/1034 1037/1037/1037 
f 1023/1023/1023 1037/1037/1037 1024/1024/1024 
f 1038/1038/1038 1043/1043/1043 1042/1042/1042 
f 1038/1038/1038 1042/1042/1042 1184/1184/1184 
f 1039/1039/1039 1038/1038/1038 1184/1184/1184 
f 1039/1039/1039 1184/1184/1184 1183/1183/1183 
f 1035/1035/1035 1034/1034/1034 1039/1039/1039 
f 1035/1035/1035 1039/1039/1039 1183/1183/1183 
f 1062/1062/1062 1063/1063/1063 1140/1140/1140 
f 1185/1185/1185 1186/1186/1186 1187/1187/1187 
f 1139/1139/1139 1062/1062/1062 1140/1140/1140 
f 1139/1139/1139 1140/1140/1140 1188/1188/1188 
f 1129/1129/1129 1128/1128/1128 1160/1160/1160 
f 1128/1128/1128 1159/1159/1159 1189/1189/1189 
f 1128/1128/1128 1189/1189/1189 1160/1160/1160 
f 1159/1159/1159 1190/1190/1190 1189/1189/1189 
f 1191/1191/1191 1192/1192/1192 1193/1193/1193 
f 1191/1191/1191 1193/1193/1193 1194/1194/1194 
f 1195/1195/1195 1196/1196/1196 1197/1197/1197 
f 1195/1195/1195 1197/1197/1197 1198/1198/1198 
f 1196/1196/1196 1199/1199/1199 1200/1200/1200 
f 1196/1196/1196 1200/1200/1200 1197/1197/1197 
f 1199/1199/1199 1186/1186/1186 1201/1201/1201 
f 1199/1199/1199 1201/1201/1201 1200/1200/1200 
f 1186/1186/1186 1185/1185/1185 1202/1202/1202 
f 1186/1186/1186 1202/1202/1202 1201/1201/1201 
f 1203/1203/1203 1204/1204/1204 1205/1205/1205 
f 1203/1203/1203 1205/1205/1205 1206/1206/1206 
f 1204/1204/1204 1207/1207/1207 1208/1208/1208 
f 1204/1204/1204 1208/1208/1208 1205/1205/1205 
f 1207/1207/1207 1191/1191/1191 1194/1194/1194 
f 1207/1207/1207 1194/1194/1194 1208/1208/1208 
f 1209/1209/1209 1210/1210/1210 1211/1211/1211 
f 1209/1209/1209 1211/1211/1211 1212/1212/1212 
f 1213/1213/1213 1209/1209/1209 1212/1212/1212 
f 1213/1213/1213 1212/1212/1212 1214/1214/1214 
f 1215/1215/1215 1213/1213/1213 1214/1214/1214 
f 1215/1215/1215 1214/1214/1214 1216/1216/1216 
f 1217/1217/1217 1218/1218/1218 1219/1219/1219 
f 1217/1217/1217 1219/1219/1219 1220/1220/1220 
f 1218/1218/1218 1221/1221/1221 1222/1222/1222 
f 1218/1218/1218 1222/1222/1222 1219/1219/1219 
f 1223/1223/1223 1195/1195/1195 1198/1198/1198 
f 1223/1223/1223 1198/1198/1198 1224/1224/1224 
f 1210/1210/1210 1203/1203/1203 1206/1206/1206 
f 1210/1210/1210 1206/1206/1206 1211/1211/1211 
f 1192/1192/1192 1217/1217/1217 1220/1220/1220 
f 1192/1192/1192 1220/1220/1220 1193/1193/1193 
f 1225/1225/1225 1226/1226/1226 1227/1227/1227 
f 1225/1225/1225 1227/1227/1227 1228/1228/1228 
f 1229/1229/1229 1230/1230/1230 1231/1231/1231 
f 1229/1229/1229 1231/1231/1231 1232/1232/1232 
f 1233/1233/1233 1229/1229/1229 1232/1232/1232 
f 1233/1233/1233 1232/1232/1232 1234/1234/1234 
f 1235/1235/1235 1233/1233/1233 1234/1234/1234 
f 1235/1235/1235 1234/1234/1234 1236/1236/1236 
f 1237/1237/1237 1235/1235/1235 1236/1236/1236 
f 1237/1237/1237 1236/1236/1236 1238/1238/1238 
f 1239/1239/1239 1240/1240/1240 1241/1241/1241 
f 1239/1239/1239 1241/1241/1241 1242/1242/1242 
f 1243/1243/1243 1239/1239/1239 1242/1242/1242 
f 1243/1243/1243 1242/1242/1242 1244/1244/1244 
f 1226/1226/1226 1243/1243/1243 1244/1244/1244 
f 1226/1226/1226 1244/1244/1244 1227/1227/1227 
f 1245/1245/1245 1246/1246/1246 1247/1247/1247 
f 1245/1245/1245 1247/1247/1247 1248/1248/1248 
f 1246/1246/1246 1249/1249/1249 1250/1250/1250 
f 1246/1246/1246 1250/1250/1250 1247/1247/1247 
f 1249/1249/1249 1251/1251/1251 1252/1252/1252 
f 1249/1249/1249 1252/1252/1252 1250/1250/1250 
f 1253/1253/1253 1254/1254/1254 1255/1255/1255 
f 1253/1253/1253 1255/1255/1255 1256/1256/1256 
f 1257/1257/1257 1253/1253/1253 1256/1256/1256 
f 1257/1257/1257 1256/1256/1256 1258/1258/1258 
f 1230/1230/1230 1259/1259/1259 1260/1260/1260 
f 1230/1230/1230 1260/1260/1260 1231/1231/1231 
f 1240/1240/1240 1245/1245/1245 1248/1248/1248 
f 1240/1240/1240 1248/1248/1248 1241/1241/1241 
f 1254/1254/1254 1225/1225/1225 1228/1228/1228 
f 1254/1254/1254 1228/1228/1228 1255/1255/1255 
f 1259/1259/1259 1257/1257/1257 1258/1258/1258 
f 1259/1259/1259 1258/1258/1258 1260/1260/1260 
f 1221/1221/1221 1223/1223/1223 1224/1224/1224 
f 1221/1221/1221 1224/1224/1224 1222/1222/1222 
f 1261/1261/1261 1215/1215/1215 1216/1216/1216 
f 1261/1261/1261 1216/1216/1216 1262/1262/1262 
f 1251/1251/1251 1263/1263/1263 1264/1264/1264 
f 1251/1251/1251 1264/1264/1264 1252/1252/1252 
f 1212/1212/1212 1211/1211/1211 1265/1265/1265 
f 1212/1212/1212 1265/1265/1265 1266/1266/1266 
f 1214/1214/1214 1212/1212/1212 1266/1266/1266 
f 1214/1214/1214 1266/1266/1266 1267/1267/1267 
f 1216/1216/1216 1214/1214/1214 1267/1267/1267 
f 1216/1216/1216 1267/1267/1267 1268/1268/1268 
f 1262/1262/1262 1216/1216/1216 1268/1268/1268 
f 1262/1262/1262 1268/1268/1268 1269/1269/1269 
f 1252/1252/1252 1264/1264/1264 1270/1270/1270 
f 1252/1252/1252 1270/1270/1270 1271/1271/1271 
f 1250/1250/1250 1252/1252/1252 1271/1271/1271 
f 1250/1250/1250 1271/1271/1271 1272/1272/1272 
f 1247/1247/1247 1250/1250/1250 1272/1272/1272 
f 1247/1247/1247 1272/1272/1272 1273/1273/1273 
f 1248/1248/1248 1247/1247/1247 1273/1273/1273 
f 1248/1248/1248 1273/1273/1273 1274/1274/1274 
f 1241/1241/1241 1248/1248/1248 1274/1274/1274 
f 1241/1241/1241 1274/1274/1274 1275/1275/1275 
f 1242/1242/1242 1241/1241/1241 1275/1275/1275 
f 1242/1242/1242 1275/1275/1275 1276/1276/1276 
f 1244/1244/1244 1242/1242/1242 1276/1276/1276 
f 1244/1244/1244 1276/1276/1276 1277/1277/1277 
f 1227/1227/1227 1244/1244/1244 1277/1277/1277 
f 1227/1227/1227 1277/1277/1277 1278/1278/1278 
f 1228/1228/1228 1227/1227/1227 1278/1278/1278 
f 1228/1228/1228 1278/1278/1278 1279/1279/1279 
f 1255/1255/1255 1228/1228/1228 1279/1279/1279 
f 1255/1255/1255 1279/1279/1279 1280/1280/1280 
f 1256/1256/1256 1255/1255/1255 1280/1280/1280 
f 1256/1256/1256 1280/1280/1280 1281/1281/1281 
f 1258/1258/1258 1256/1256/1256 1281/1281/1281 
f 1258/1258/1258 1281/1281/1281 1282/1282/1282 
f 1260/1260/1260 1258/1258/1258 1282/1282/1282 
f 1260/1260/1260 1282/1282/1282 1283/1283/1283 
f 1231/1231/1231 1260/1260/1260 1283/1283/1283 
f 1231/1231/1231 1283/1283/1283 1284/1284/1284 
f 1232/1232/1232 1231/1231/1231 1284/1284/1284 
f 1232/1232/1232 1284/1284/1284 1285/1285/1285 
f 1234/1234/1234 1232/1232/1232 1285/1285/1285 
f 1234/1234/1234 1285/1285/1285 1286/1286/1286 
f 1236/1236/1236 1234/1234/1234 1286/1286/1286 
f 1236/1236/1236 1286/1286/1286 1287/1287/1287 
f 1238/1238/1238 1236/1236/1236 1287/1287/1287 
f 1238/1238/1238 1287/1287/1287 1288/1288/1288 
f 1201/1201/1201 1202/1202/1202 1289/1289/1289 
f 1201/1201/1201 1289/1289/1289 1290/1290/1290 
f 1200/1200/1200 1201/1201/1201 1290/1290/1290 
f 1200/1200/1200 1290/1290/1290 1291/1291/1291 
f 1197/1197/1197 1200/1200/1200 1291/1291/1291 
f 1197/1197/1197 1291/1291/1291 1292/1292/1292 
f 1198/1198/1198 1197/1197/1197 1292/1292/1292 
f 1198/1198/1198 1292/1292/1292 1293/1293/1293 
f 1224/1224/1224 1198/1198/1198 1293/1293/1293 
f 1224/1224/1224 1293/1293/1293 1294/1294/1294 
f 1222/1222/1222 1224/1224/1224 1294/1294/1294 
f 1222/1222/1222 1294/1294/1294 1295/1295/1295 
f 1219/1219/1219 1222/1222/1222 1295/1295/1295 
f 1219/1219/1219 1295/1295/1295 1296/1296/1296 
f 1220/1220/1220 1219/1219/1219 1296/1296/1296 
f 1220/1220/1220 1296/1296/1296 1297/1297/1297 
f 1193/1193/1193 1220/1220/1220 1297/1297/1297 
f 1193/1193/1193 1297/1297/1297 1298/1298/1298 
f 1194/1194/1194 1193/1193/1193 1298/1298/1298 
f 1194/1194/1194 1298/1298/1298 1299/1299/1299 
f 1208/1208/1208 1194/1194/1194 1299/1299/1299 
f 1208/1208/1208 1299/1299/1299 1300/1300/1300 
f 1205/1205/1205 1208/1208/1208 1300/1300/1300 
f 1205/1205/1205 1300/1300/1300 1301/1301/1301 
f 1206/1206/1206 1205/1205/1205 1301/1301/1301 
f 1206/1206/1206 1301/1301/1301 1302/1302/1302 
f 1211/1211/1211 1206/1206/1206 1302/1302/1302 
f 1211/1211/1211 1302/1302/1302 1265/1265/1265 
f 1303/1303/1303 1304/1304/1304 1305/1305/1305 
f 1303/1303/1303 1305/1305/1305 1306/1306/1306 
f 1306/1306/1306 1305/1305/1305 1307/1307/1307 
f 1306/1306/1306 1307/1307/1307 1308/1308/1308 
f 1309/1309/1309 1310/1310/1310 1311/1311/1311 
f 1309/1309/1309 1311/1311/1311 1312/1312/1312 
f 1310/1310/1310 1313/1313/1313 1314/1314/1314 
f 1310/1310/1310 1314/1314/1314 1311/1311/1311 
f 1315/1315/1315 1316/1316/1316 1304/1304/1304 
f 1315/1315/1315 1304/1304/1304 1303/1303/1303 
f 1317/1317/1317 1318/1318/1318 1305/1305/1305 
f 1317/1317/1317 1305/1305/1305 1304/1304/1304 
f 1319/1319/1319 1320/1320/1320 1303/1303/1303 
f 1319/1319/1319 1303/1303/1303 1306/1306/1306 
f 1318/1318/1318 1321/1321/1321 1307/1307/1307 
f 1318/1318/1318 1307/1307/1307 1305/1305/1305 
f 1322/1322/1322 1319/1319/1319 1306/1306/1306 
f 1322/1322/1322 1306/1306/1306 1308/1308/1308 
f 1323/1323/1323 1324/1324/1324 1325/1325/1325 
f 1323/1323/1323 1325/1325/1325 1326/1326/1326 
f 1324/1324/1324 1327/1327/1327 1328/1328/1328 
f 1324/1324/1324 1328/1328/1328 1325/1325/1325 
f 1329/1329/1329 1330/1330/1330 1331/1331/1331 
f 1329/1329/1329 1331/1331/1331 1332/1332/1332 
f 1332/1332/1332 1331/1331/1331 1333/1333/1333 
f 1332/1332/1332 1333/1333/1333 1334/1334/1334 
f 1335/1335/1335 1323/1323/1323 1326/1326/1326 
f 1335/1335/1335 1326/1326/1326 1336/1336/1336 
f 1337/1337/1337 1326/1326/1326 1325/1325/1325 
f 1337/1337/1337 1325/1325/1325 1338/1338/1338 
f 1339/1339/1339 1324/1324/1324 1323/1323/1323 
f 1339/1339/1339 1323/1323/1323 1340/1340/1340 
f 1338/1338/1338 1325/1325/1325 1328/1328/1328 
f 1338/1338/1338 1328/1328/1328 1341/1341/1341 
f 1342/1342/1342 1327/1327/1327 1324/1324/1324 
f 1342/1342/1342 1324/1324/1324 1339/1339/1339 

g Rig1

v 0.780765 4.3537 0.810022 
v 0.747573 4.3537 0.837162 
v 0.747633 4.32018 0.809995 
v 0.0930051 4.3537 0.837163 
v 0.0593761 4.3537 0.810029 
v 0.09299 4.32018 0.809922 
v 0.0930051 4.3537 0.837163 
v 0.0929978 4.792 0.837187 
v 0.0593761 4.3537 0.810029 
v 0.0593756 4.792 0.810052 
v 0.780765 4.3537 0.810022 
v 0.747586 4.79199 0.837187 
v 0.747573 4.3537 0.837162 
v 0.780764 4.792 0.810018 
v 0.747573 4.3537 0.837162 
v 0.0929978 4.792 0.837187 
v 0.0930051 4.3537 0.837163 
v 0.747586 4.79199 0.837187 
v 0.747573 4.3537 0.837162 
v 0.09299 4.32018 0.809922 
v 0.747633 4.32018 0.809995 
v 0.0930051 4.3537 0.837163 
v 0.693587 4.93208 0.754302 
v 0.0929978 4.792 0.837187 
v 0.747586 4.79199 0.837187 
v 0.146955 4.93208 0.754301 
v 0.654298 5.03757 0.679656 
v 0.186208 5.03757 0.679655 
v 0.627157 5.11658 0.556397 
v 0.213321 5.11658 0.556397 
v 0.620258 5.14025 0.418848 
v 0.220214 5.14025 0.418848 
v 0.213322 5.11783 0.263871 
v 0.627163 5.11783 0.263871 
v 0.186208 5.03844 0.135045 
v 0.654311 5.03844 0.135046 
v 0.780765 4.35384 0.0115762 
v 0.747633 4.32018 0.809995 
v 0.747568 4.32022 -0.0164336 
v 0.780765 4.3537 0.810022 
v 0.0593764 4.35374 0.0115708 
v 0.09299 4.32018 0.809922 
v 0.0593761 4.3537 0.810029 
v 0.0930055 4.32022 -0.01643 
v 0.108487 4.92301 0.73248 
v 0.0593756 4.792 0.810052 
v 0.146955 4.93208 0.754301 
v 0.144059 5.02 0.660647 
v 0.186208 5.03757 0.679655 
v 0.213321 5.11658 0.556397 
v 0.170508 5.0955 0.546786 
v 0.220214 5.14025 0.418848 
v 0.178827 5.11568 0.418476 
v 0.170508 5.09669 0.271926 
v 0.213322 5.11783 0.263871 
v 0.14406 5.02125 0.152583 
v 0.186208 5.03844 0.135045 
v 0.146956 4.93249 0.059376 
v 0.108487 4.92365 0.0800744 
v 0.0929982 4.79131 -0.0164085 
v 0.059376 4.79199 0.0115884 
v 0.108487 4.92301 0.73248 
v 0.108487 4.92365 0.0800744 
v 0.696114 5.02125 0.152614 
v 0.661346 5.11568 0.418477 
v 0.696113 5.02 0.660646 
v 0.669665 5.09669 0.271941 
v 0.669665 5.0955 0.546786 
v 0.731686 4.92365 0.0801204 
v 0.731686 4.92301 0.732479 
v 0.14406 5.02125 0.152583 
v 0.178827 5.11568 0.418476 
v 0.170508 5.09669 0.271926 
v 0.144059 5.02 0.660647 
v 0.170508 5.0955 0.546786 
v 0.108487 4.92365 0.0800744 
v 0.108487 4.92301 0.73248 
v 0.716481 4.32023 -0.183413 
v 0.780753 4.35375 -0.110321 
v 0.74651 4.32023 -0.0982926 
v 0.74651 4.32022 -0.0164297 
v 0.780765 4.35374 0.0115712 
v 0.747573 4.35375 -0.199232 
v 0.669928 4.32023 -0.262822 
v 0.696136 4.35376 -0.283713 
v 0.638549 4.35376 -0.337465 
v 0.617809 4.32024 -0.31386 
v 0.569496 4.35376 -0.374099 
v 0.555312 4.32024 -0.347781 
v 0.494126 4.35376 -0.396308 
v 0.487099 4.32024 -0.368908 
v 0.420114 4.35376 -0.405839 
v 0.420114 4.32024 -0.377616 
v 0.353129 4.32024 -0.368908 
v 0.346101 4.35376 -0.396308 
v 0.284915 4.32024 -0.347781 
v 0.270731 4.35376 -0.374099 
v 0.222419 4.32024 -0.31386 
v 0.201678 4.35376 -0.337465 
v 0.1703 4.32023 -0.262822 
v 0.144091 4.35376 -0.283713 
v 0.0926525 4.35375 -0.199232 
v 0.123746 4.32023 -0.183413 
v 0.0594725 4.35375 -0.110321 
v 0.0937155 4.32023 -0.098293 
v 0.0937155 4.32022 -0.01643 
v 0.0594614 4.35374 0.0115708 
v 0.059376 4.79199 0.0115884 
v 0.0593761 4.3537 0.810029 
v 0.0593756 4.792 0.810052 
v 0.0593764 4.35374 0.0115708 
v 0.780765 4.35384 0.0115762 
v 0.780764 4.792 0.810018 
v 0.780765 4.3537 0.810022 
v 0.780764 4.79199 0.0116083 
v 0.780753 4.39881 -0.0994333 
v 0.780765 4.35374 0.0115712 
v 0.780753 4.35375 -0.110321 
v 0.780753 4.43282 -0.0757705 
v 0.780753 4.46071 -0.034651 
v 0.780765 4.46635 0.0115774 
v 0.0594725 4.39881 -0.0994336 
v 0.0594725 4.35375 -0.110321 
v 0.0594614 4.35374 0.0115708 
v 0.0594725 4.43282 -0.0757709 
v 0.0594725 4.46071 -0.0346514 
v 0.0594615 4.46635 0.011577 
v 0.0930055 4.32022 -0.01643 
v 0.747568 4.32022 -0.0164336 
v 0.09299 4.32018 0.809922 
v 0.747633 4.32018 0.809995 
v 0.74651 4.32023 -0.0982926 
v 0.420113 4.32022 -0.0164298 
v 0.716481 4.32023 -0.183413 
v 0.74651 4.32022 -0.0164297 
v 0.669928 4.32023 -0.262822 
v 0.617809 4.32024 -0.31386 
v 0.555312 4.32024 -0.347781 
v 0.487099 4.32024 -0.368908 
v 0.420114 4.32024 -0.377616 
v 0.353129 4.32024 -0.368908 
v 0.284915 4.32024 -0.347781 
v 0.222419 4.32024 -0.31386 
v 0.1703 4.32023 -0.262822 
v 0.123746 4.32023 -0.183413 
v 0.0937155 4.32023 -0.098293 
v 0.0937155 4.32022 -0.01643 
v 0.780764 4.79199 0.0116083 
v 0.780765 4.35384 0.0115762 
v 0.747576 4.79131 -0.0164091 
v 0.747568 4.32022 -0.0164336 
v 0.0929982 4.79131 -0.0164085 
v 0.0593764 4.35374 0.0115708 
v 0.059376 4.79199 0.0115884 
v 0.0930055 4.32022 -0.01643 
v 0.146956 4.93249 0.059376 
v 0.69361 4.93249 0.0593769 
v 0.747576 4.79131 -0.0164091 
v 0.731686 4.92365 0.0801204 
v 0.780764 4.79199 0.0116083 
v 0.69361 4.93249 0.0593769 
v 0.696114 5.02125 0.152614 
v 0.654311 5.03844 0.135046 
v 0.627163 5.11783 0.263871 
v 0.669665 5.09669 0.271941 
v 0.620258 5.14025 0.418848 
v 0.661346 5.11568 0.418477 
v 0.669665 5.0955 0.546786 
v 0.627157 5.11658 0.556397 
v 0.696113 5.02 0.660646 
v 0.654298 5.03757 0.679656 
v 0.731686 4.92301 0.732479 
v 0.693587 4.93208 0.754302 
v 0.780764 4.792 0.810018 
v 0.731686 4.92301 0.732479 
v 0.731686 4.92365 0.0801204 
v 0.747573 4.43425 -0.183215 
v 0.780753 4.35375 -0.110321 
v 0.747573 4.35375 -0.199232 
v 0.780753 4.39881 -0.0994333 
v 0.696136 4.35376 -0.283713 
v 0.780753 4.43282 -0.0757705 
v 0.696136 4.46659 -0.261263 
v 0.638549 4.35376 -0.337465 
v 0.747573 4.5025 -0.137611 
v 0.780753 4.46071 -0.034651 
v 0.696136 4.56224 -0.197344 
v 0.638549 4.48623 -0.31018 
v 0.569496 4.35376 -0.374099 
v 0.638549 4.59912 -0.235395 
v 0.569496 4.50118 -0.344768 
v 0.494126 4.35376 -0.396308 
v 0.747573 4.54809 -0.0693632 
v 0.747573 4.5641 0.0115717 
v 0.780765 4.46635 0.0115774 
v 0.696135 4.64858 0.0115763 
v 0.696136 4.62614 -0.101688 
v 0.638548 4.70063 0.0115791 
v 0.638548 4.67506 -0.122496 
v 0.569495 4.73897 0.0115812 
v 0.569495 4.70965 -0.136273 
v 0.494125 4.76095 0.0115824 
v 0.569496 4.62615 -0.261254 
v 0.494126 4.73211 -0.145434 
v 0.420113 4.77071 0.0115829 
v 0.494126 4.51016 -0.36556 
v 0.420114 4.35376 -0.405839 
v 0.494126 4.64142 -0.278211 
v 0.420114 4.51333 -0.374091 
v 0.420114 4.6486 -0.283697 
v 0.420114 4.73898 -0.148418 
v 0.346101 4.64142 -0.278211 
v 0.346101 4.51016 -0.36556 
v 0.346101 4.35376 -0.396308 
v 0.346101 4.73211 -0.145434 
v 0.3461 4.76095 0.0115823 
v 0.270731 4.62615 -0.261254 
v 0.270731 4.50118 -0.344768 
v 0.270731 4.35376 -0.374099 
v 0.270731 4.70965 -0.136274 
v 0.27073 4.73897 0.0115811 
v 0.201678 4.59912 -0.235396 
v 0.201678 4.48623 -0.31018 
v 0.201678 4.35376 -0.337465 
v 0.201678 4.67506 -0.122496 
v 0.201677 4.70063 0.0115789 
v 0.144091 4.46659 -0.261263 
v 0.144091 4.35376 -0.283713 
v 0.144091 4.56224 -0.197345 
v 0.144091 4.62614 -0.101688 
v 0.144091 4.64858 0.011576 
v 0.0926525 4.43425 -0.183216 
v 0.0926525 4.35375 -0.199232 
v 0.0594725 4.35375 -0.110321 
v 0.0594725 4.39881 -0.0994336 
v 0.0594725 4.43282 -0.0757709 
v 0.0926525 4.5025 -0.137611 
v 0.0594725 4.46071 -0.0346514 
v 0.0926525 4.54809 -0.0693635 
v 0.0926524 4.5641 0.0115714 
v 0.0594615 4.46635 0.011577 
v 0.0929982 4.79131 -0.0164085 
v 0.747576 4.79131 -0.0164091 
v 0.747568 4.32022 -0.0164336 
v 0.0930055 4.32022 -0.01643 

vn 0.535433 -0.527559 0.653543 
vn 0.535433 -0.527559 0.653543 
vn 0.535433 -0.527559 0.653543 
vn -0.527559 -0.535433 0.661417 
vn -0.527559 -0.535433 0.661417 
vn -0.527559 -0.535433 0.661417 
vn -0.629921 0 0.779528 
vn -0.629921 0 0.779528 
vn -0.629921 0 0.779528 
vn -0.629921 0 0.779528 
vn 0.629921 0 0.771654 
vn 0.629921 0 0.771654 
vn 0.629921 0 0.771654 
vn 0.629921 0 0.771654 
vn 0 0 1 
vn 0 0 1 
vn 0 0 1 
vn 0 0 1 
vn 0 -0.629921 0.779528 
vn 0 -0.629921 0.779528 
vn 0 -0.629921 0.779528 
vn 0 -0.629921 0.779528 
vn 0 0.433071 0.905512 
vn -0.173228 0.905512 0.393701 
vn 0.181102 0.905512 0.393701 
vn 0 0.433071 0.905512 
vn 0 0.724409 0.692913 
vn 0 0.724409 0.692913 
vn 0 0.929134 0.362205 
vn 0 0.929134 0.362205 
vn 0 1 0.015748 
vn 0 1 0.015748 
vn 0 0.937008 -0.338583 
vn 0 0.937008 -0.338583 
vn 0 0.732283 -0.685039 
vn 0 0.732283 -0.685039 
vn 0.708661 -0.700787 0 
vn 0.708661 -0.700787 0 
vn 0.708661 -0.700787 0 
vn 0.708661 -0.700787 0 
vn -0.708661 -0.708661 0 
vn -0.708661 -0.708661 0 
vn -0.708661 -0.708661 0 
vn -0.708661 -0.708661 0 
vn -0.653543 0.330709 0.685039 
vn -0.370079 0.905512 0.19685 
vn -0.653543 0.322835 0.685039 
vn -0.653543 0.551181 0.519685 
vn -0.653543 0.543307 0.527559 
vn -0.645669 0.708661 0.275591 
vn -0.645669 0.716535 0.275591 
vn -0.637795 0.771654 0.00787402 
vn -0.637795 0.771654 0.00787402 
vn -0.637795 0.724409 -0.259843 
vn -0.637795 0.724409 -0.259843 
vn -0.637795 0.566929 -0.527559 
vn -0.637795 0.566929 -0.527559 
vn -0.629921 0.322835 -0.700787 
vn -0.629921 0.330709 -0.700787 
vn -0.181102 0.889764 -0.417323 
vn -0.377953 0.905512 -0.204724 
vn -1 0 0 
vn -1 0 0 
vn 1 0 0 
vn 1 0 0 
vn 1 0 0 
vn 1 0 0 
vn 1 0 0 
vn 1 0 0 
vn 1 0 0 
vn -1 0 0 
vn -1 0 0 
vn -1 0 0 
vn -1 0 0 
vn -1 0 0 
vn -1 0 0 
vn -1 0 0 
vn 0.622047 -0.724409 -0.299213 
vn 0.677165 -0.724409 -0.125984 
vn 0.677165 -0.724409 -0.110236 
vn 0.700787 -0.716535 0 
vn 0.700787 -0.716535 0 
vn 0.622047 -0.724409 -0.299213 
vn 0.551181 -0.708661 -0.440945 
vn 0.551181 -0.708661 -0.440945 
vn 0.433071 -0.685039 -0.590551 
vn 0.425197 -0.685039 -0.590551 
vn 0.291339 -0.661417 -0.692913 
vn 0.283465 -0.661417 -0.692913 
vn 0.15748 -0.645669 -0.748031 
vn 0.15748 -0.645669 -0.748031 
vn 0 -0.645669 -0.76378 
vn 0 -0.645669 -0.76378 
vn -0.15748 -0.645669 -0.748031 
vn -0.15748 -0.645669 -0.748031 
vn -0.283465 -0.661417 -0.692913 
vn -0.291339 -0.661417 -0.692913 
vn -0.425197 -0.685039 -0.590551 
vn -0.433071 -0.685039 -0.590551 
vn -0.551181 -0.708661 -0.440945 
vn -0.551181 -0.708661 -0.440945 
vn -0.622047 -0.724409 -0.299213 
vn -0.622047 -0.724409 -0.299213 
vn -0.677165 -0.724409 -0.125984 
vn -0.677165 -0.724409 -0.110236 
vn -0.700787 -0.716535 0 
vn -0.700787 -0.716535 0 
vn -1 0 0 
vn -1 0 0 
vn -1 0 0 
vn -1 0 0 
vn 1 0 0 
vn 1 0 0 
vn 1 0 0 
vn 1 0 0 
vn 0.984252 0.0787402 -0.181102 
vn 1 0 0 
vn 0.976378 0.0472441 -0.204724 
vn 0.984252 0.133858 -0.133858 
vn 0.984252 0.181102 -0.0708661 
vn 0.984252 0.181102 -0.0314961 
vn -0.984252 0.0787402 -0.181102 
vn -0.976378 0.0472441 -0.204724 
vn -1 0 0 
vn -0.984252 0.133858 -0.133858 
vn -0.984252 0.181102 -0.0708661 
vn -0.984252 0.181102 -0.0314961 
vn 0 -1 0 
vn 0 -1 0 
vn 0 -1 0 
vn 0 -1 0 
vn 0 -1 0 
vn 0 -1 0 
vn 0 -1 0 
vn 0 -1 0 
vn 0 -1 0 
vn 0 -1 0 
vn 0 -1 0 
vn 0 -1 0 
vn 0 -1 0 
vn 0 -1 0 
vn 0 -1 0 
vn 0 -1 0 
vn 0 -1 0 
vn 0 -1 0 
vn 0 -1 0 
vn 0 -1 0 
vn 0.645669 0 -0.76378 
vn 0.645669 0 -0.76378 
vn 0.645669 0 -0.76378 
vn 0.645669 0 -0.76378 
vn -0.637795 0 -0.771654 
vn -0.637795 0 -0.771654 
vn -0.637795 0 -0.771654 
vn -0.637795 0 -0.771654 
vn 0 0.417323 -0.905512 
vn 0 0.417323 -0.905512 
vn 0.181102 0.889764 -0.417323 
vn 0.637795 0.322835 -0.692913 
vn 0.377953 0.905512 -0.204724 
vn 0.637795 0.322835 -0.700787 
vn 0.637795 0.566929 -0.519685 
vn 0.637795 0.559055 -0.527559 
vn 0.645669 0.716535 -0.259843 
vn 0.645669 0.724409 -0.259843 
vn 0.637795 0.771654 0.00787402 
vn 0.637795 0.771654 0.00787402 
vn 0.653543 0.708661 0.267717 
vn 0.653543 0.708661 0.275591 
vn 0.653543 0.551181 0.519685 
vn 0.661417 0.543307 0.519685 
vn 0.653543 0.330709 0.677165 
vn 0.653543 0.322835 0.685039 
vn 0.370079 0.905512 0.19685 
vn 1 0 0 
vn 1 0 0 
vn 0.897638 0.173228 -0.409449 
vn 0.976378 0.0472441 -0.204724 
vn 0.889764 0.0866142 -0.440945 
vn 0.984252 0.0787402 -0.181102 
vn 0.755906 0.125984 -0.637795 
vn 0.984252 0.133858 -0.133858 
vn 0.76378 0.244094 -0.598425 
vn 0.566929 0.165354 -0.811024 
vn 0.897638 0.314961 -0.314961 
vn 0.984252 0.181102 -0.0708661 
vn 0.76378 0.456693 -0.456693 
vn 0.574803 0.314961 -0.755906 
vn 0.370079 0.181102 -0.913386 
vn 0.574803 0.574803 -0.582677 
vn 0.377953 0.354331 -0.858268 
vn 0.19685 0.188976 -0.96063 
vn 0.897638 0.401575 -0.165354 
vn 0.897638 0.433071 -0.0787402 
vn 0.984252 0.181102 -0.0314961 
vn 0.755906 0.637795 -0.125984 
vn 0.76378 0.598425 -0.244094 
vn 0.566929 0.811024 -0.15748 
vn 0.574803 0.755906 -0.314961 
vn 0.377953 0.905512 -0.173228 
vn 0.385827 0.850394 -0.354331 
vn 0.19685 0.96063 -0.181102 
vn 0.385827 0.653543 -0.653543 
vn 0.204724 0.905512 -0.370079 
vn 0 0.984252 -0.188976 
vn 0.204724 0.377953 -0.905512 
vn 0 0.19685 -0.984252 
vn 0.204724 0.692913 -0.692913 
vn 0 0.377953 -0.92126 
vn 0 0.708661 -0.708661 
vn 0 0.92126 -0.377953 
vn -0.204724 0.692913 -0.692913 
vn -0.204724 0.377953 -0.905512 
vn -0.19685 0.188976 -0.96063 
vn -0.204724 0.905512 -0.370079 
vn -0.19685 0.96063 -0.181102 
vn -0.385827 0.653543 -0.653543 
vn -0.377953 0.354331 -0.858268 
vn -0.370079 0.181102 -0.913386 
vn -0.385827 0.850394 -0.354331 
vn -0.377953 0.905512 -0.173228 
vn -0.574803 0.574803 -0.582677 
vn -0.574803 0.314961 -0.755906 
vn -0.566929 0.165354 -0.811024 
vn -0.574803 0.755906 -0.314961 
vn -0.566929 0.811024 -0.15748 
vn -0.76378 0.244094 -0.598425 
vn -0.755906 0.125984 -0.637795 
vn -0.76378 0.456693 -0.456693 
vn -0.76378 0.598425 -0.244094 
vn -0.755906 0.637795 -0.125984 
vn -0.897638 0.173228 -0.409449 
vn -0.889764 0.0866142 -0.440945 
vn -0.976378 0.0472441 -0.204724 
vn -0.984252 0.0787402 -0.181102 
vn -0.984252 0.133858 -0.133858 
vn -0.897638 0.314961 -0.314961 
vn -0.984252 0.181102 -0.0708661 
vn -0.897638 0.401575 -0.165354 
vn -0.897638 0.433071 -0.0787402 
vn -0.984252 0.181102 -0.0314961 
vn 0 0 -1 
vn 0 0 -1 
vn 0 0 -1 
vn 0 0 -1 

vt 0.997359 0.0077799 
vt 0.997359 0.00398934 
vt 0.993307 0.0077799 
vt 0.92869 0.00398934 
vt 0.92869 0.0077799 
vt 0.932641 0.0077799 
vt 0.780073 0.0531733 
vt 0.780073 0.0804041 
vt 0.78358 0.0531733 
vt 0.78358 0.0804041 
vt 0.714282 0.0531733 
vt 0.718219 0.0804041 
vt 0.718219 0.0531733 
vt 0.714282 0.0804041 
vt 0.718219 0.0531733 
vt 0.780073 0.0804041 
vt 0.780073 0.0531733 
vt 0.718219 0.0804041 
vt 0.997359 0.00398934 
vt 0.932641 0.0077799 
vt 0.993307 0.0077799 
vt 0.92869 0.00398934 
vt 0.919382 0.0750502 
vt 0.890476 0.0804086 
vt 0.921749 0.0804085 
vt 0.892841 0.0750502 
vt 0.919382 0.0702246 
vt 0.892841 0.0702246 
vt 0.919382 0.0622567 
vt 0.892841 0.0622567 
vt 0.919383 0.0533652 
vt 0.892841 0.0533652 
vt 0.892841 0.0433474 
vt 0.919383 0.0433474 
vt 0.892841 0.0350202 
vt 0.919383 0.0350202 
vt 0.997359 0.0790311 
vt 0.993307 0.0077799 
vt 0.993307 0.0790311 
vt 0.997359 0.0077799 
vt 0.928624 0.0790311 
vt 0.932641 0.0077799 
vt 0.92869 0.0077799 
vt 0.932641 0.0790311 
vt 0.891478 0.0736397 
vt 0.888869 0.0786545 
vt 0.892841 0.0750502 
vt 0.891478 0.068996 
vt 0.892841 0.0702246 
vt 0.892841 0.0622567 
vt 0.891478 0.0616355 
vt 0.892841 0.0533652 
vt 0.891478 0.0533413 
vt 0.891478 0.0438682 
vt 0.892841 0.0433474 
vt 0.891478 0.0361539 
vt 0.892841 0.0350202 
vt 0.892841 0.0301292 
vt 0.891478 0.0314672 
vt 0.890476 0.0252309 
vt 0.888869 0.0270406 
vt 0.891478 0.0736397 
vt 0.891478 0.0314672 
vt 0.920728 0.0361559 
vt 0.920728 0.0533413 
vt 0.920728 0.0689959 
vt 0.920728 0.0438691 
vt 0.920728 0.0616355 
vt 0.920728 0.0314702 
vt 0.920728 0.0736396 
vt 0.891478 0.0361539 
vt 0.891478 0.0533413 
vt 0.891478 0.0438682 
vt 0.891478 0.068996 
vt 0.891478 0.0616355 
vt 0.891478 0.0314672 
vt 0.891478 0.0736397 
vt 0.993137 0.0983604 
vt 0.997359 0.0900827 
vt 0.993137 0.0887353 
vt 0.993252 0.0790311 
vt 0.997359 0.0790311 
vt 0.997359 0.101512 
vt 0.993137 0.111869 
vt 0.997359 0.115539 
vt 0.98832 0.115539 
vt 0.985293 0.111869 
vt 0.980332 0.115539 
vt 0.978266 0.111869 
vt 0.971566 0.115539 
vt 0.970598 0.111869 
vt 0.963004 0.115539 
vt 0.963141 0.111869 
vt 0.955454 0.111869 
vt 0.954441 0.115539 
vt 0.947621 0.111869 
vt 0.945581 0.115539 
vt 0.940639 0.111869 
vt 0.937647 0.115539 
vt 0.932757 0.111869 
vt 0.928624 0.115539 
vt 0.928624 0.101603 
vt 0.932757 0.0983703 
vt 0.928624 0.0901618 
vt 0.932757 0.0888278 
vt 0.932634 0.0790311 
vt 0.928624 0.0790311 
vt 0.783922 0.114997 
vt 0.714684 0.088975 
vt 0.714684 0.114997 
vt 0.783922 0.088975 
vt 0.853539 0.088975 
vt 0.922888 0.114997 
vt 0.922888 0.0889751 
vt 0.853539 0.114997 
vt 0.849531 0.0914476 
vt 0.853539 0.088975 
vt 0.849531 0.088975 
vt 0.85059 0.0937641 
vt 0.852322 0.0957381 
vt 0.853539 0.0958895 
vt 0.787646 0.0914476 
vt 0.787646 0.088975 
vt 0.783922 0.088975 
vt 0.78722 0.0937641 
vt 0.786152 0.0957381 
vt 0.783922 0.0958895 
vt 0.932641 0.0790311 
vt 0.993307 0.0790311 
vt 0.932641 0.0077799 
vt 0.993307 0.0077799 
vt 0.993137 0.0887353 
vt 0.962938 0.0790311 
vt 0.993137 0.0983604 
vt 0.993252 0.0790311 
vt 0.993137 0.111869 
vt 0.985293 0.111869 
vt 0.978266 0.111869 
vt 0.970598 0.111869 
vt 0.963141 0.111869 
vt 0.955454 0.111869 
vt 0.947621 0.111869 
vt 0.940639 0.111869 
vt 0.932757 0.111869 
vt 0.932757 0.0983703 
vt 0.932757 0.0888278 
vt 0.932634 0.0790311 
vt 0.853539 0.114997 
vt 0.853539 0.088975 
vt 0.849531 0.114997 
vt 0.849531 0.088975 
vt 0.787646 0.114997 
vt 0.783922 0.088975 
vt 0.783922 0.114997 
vt 0.787646 0.088975 
vt 0.892841 0.0301292 
vt 0.919383 0.0301292 
vt 0.921749 0.0252308 
vt 0.920728 0.0314702 
vt 0.923335 0.0270419 
vt 0.919383 0.0301292 
vt 0.920728 0.0361559 
vt 0.919383 0.0350202 
vt 0.919383 0.0433474 
vt 0.920728 0.0438691 
vt 0.919383 0.0533652 
vt 0.920728 0.0533413 
vt 0.920728 0.0616355 
vt 0.919382 0.0622567 
vt 0.920728 0.0689959 
vt 0.919382 0.0702246 
vt 0.920728 0.0736396 
vt 0.919382 0.0750502 
vt 0.923335 0.0786523 
vt 0.920728 0.0736396 
vt 0.920728 0.0314702 
vt 0.844763 0.0932356 
vt 0.849531 0.088975 
vt 0.844763 0.088975 
vt 0.849531 0.0914476 
vt 0.839358 0.088975 
vt 0.85059 0.0937641 
vt 0.839358 0.0937833 
vt 0.834472 0.088975 
vt 0.844763 0.0970428 
vt 0.852322 0.0957381 
vt 0.839358 0.0979059 
vt 0.834472 0.0942433 
vt 0.829502 0.088975 
vt 0.834472 0.0984102 
vt 0.829502 0.0945481 
vt 0.824219 0.088975 
vt 0.844763 0.101063 
vt 0.844763 0.105949 
vt 0.853539 0.0958895 
vt 0.839358 0.110841 
vt 0.839358 0.10401 
vt 0.834472 0.112843 
vt 0.834472 0.104929 
vt 0.829502 0.113878 
vt 0.829502 0.105635 
vt 0.824219 0.114555 
vt 0.829502 0.0988973 
vt 0.824219 0.105972 
vt 0.819181 0.114729 
vt 0.824219 0.0945953 
vt 0.819181 0.088975 
vt 0.824219 0.0993226 
vt 0.819181 0.0946194 
vt 0.819181 0.0993419 
vt 0.819181 0.106101 
vt 0.813705 0.0992936 
vt 0.813705 0.094602 
vt 0.813705 0.088975 
vt 0.813705 0.105915 
vt 0.813705 0.11451 
vt 0.808452 0.0988365 
vt 0.808452 0.0945673 
vt 0.808452 0.088975 
vt 0.808452 0.105505 
vt 0.808452 0.113786 
vt 0.803289 0.0983158 
vt 0.803289 0.0942732 
vt 0.803289 0.088975 
vt 0.803289 0.104741 
vt 0.803289 0.112701 
vt 0.798065 0.0938247 
vt 0.798065 0.088975 
vt 0.798065 0.0977806 
vt 0.798065 0.103728 
vt 0.798065 0.110617 
vt 0.792805 0.092978 
vt 0.792805 0.088975 
vt 0.787646 0.088975 
vt 0.787646 0.0914476 
vt 0.78722 0.0937641 
vt 0.792805 0.0968692 
vt 0.786152 0.0957381 
vt 0.792805 0.100583 
vt 0.792805 0.105601 
vt 0.783922 0.0958895 
vt 0.787646 0.114997 
vt 0.849531 0.114997 
vt 0.849531 0.088975 
vt 0.787646 0.088975 

usemtl Rig1Mtl

f 1343/1343/1343 1344/1344/1344 1345/1345/1345 
f 1346/1346/1346 1347/1347/1347 1348/1348/1348 
f 1349/1349/1349 1350/1350/1350 1351/1351/1351 
f 1351/1351/1351 1350/1350/1350 1352/1352/1352 
f 1353/1353/1353 1354/1354/1354 1355/1355/1355 
f 1354/1354/1354 1353/1353/1353 1356/1356/1356 
f 1357/1357/1357 1358/1358/1358 1359/1359/1359 
f 1358/1358/1358 1357/1357/1357 1360/1360/1360 
f 1361/1361/1361 1362/1362/1362 1363/1363/1363 
f 1362/1362/1362 1361/1361/1361 1364/1364/1364 
f 1365/1365/1365 1366/1366/1366 1367/1367/1367 
f 1366/1366/1366 1365/1365/1365 1368/1368/1368 
f 1369/1369/1369 1368/1368/1368 1365/1365/1365 
f 1368/1368/1368 1369/1369/1369 1370/1370/1370 
f 1371/1371/1371 1370/1370/1370 1369/1369/1369 
f 1371/1371/1371 1372/1372/1372 1370/1370/1370 
f 1373/1373/1373 1372/1372/1372 1371/1371/1371 
f 1373/1373/1373 1374/1374/1374 1372/1372/1372 
f 1373/1373/1373 1375/1375/1375 1374/1374/1374 
f 1375/1375/1375 1373/1373/1373 1376/1376/1376 
f 1376/1376/1376 1377/1377/1377 1375/1375/1375 
f 1377/1377/1377 1376/1376/1376 1378/1378/1378 
f 1379/1379/1379 1380/1380/1380 1381/1381/1381 
f 1380/1380/1380 1379/1379/1379 1382/1382/1382 
f 1383/1383/1383 1384/1384/1384 1385/1385/1385 
f 1384/1384/1384 1383/1383/1383 1386/1386/1386 
f 1387/1387/1387 1388/1388/1388 1366/1366/1366 
f 1366/1366/1366 1389/1389/1389 1387/1387/1387 
f 1389/1389/1389 1390/1390/1390 1387/1387/1387 
f 1390/1390/1390 1389/1389/1389 1391/1391/1391 
f 1392/1392/1392 1390/1390/1390 1391/1391/1391 
f 1390/1390/1390 1392/1392/1392 1393/1393/1393 
f 1394/1394/1394 1393/1393/1393 1392/1392/1392 
f 1393/1393/1393 1394/1394/1394 1395/1395/1395 
f 1394/1394/1394 1396/1396/1396 1395/1395/1395 
f 1396/1396/1396 1394/1394/1394 1397/1397/1397 
f 1398/1398/1398 1396/1396/1396 1397/1397/1397 
f 1398/1398/1398 1397/1397/1397 1399/1399/1399 
f 1400/1400/1400 1398/1398/1398 1399/1399/1399 
f 1398/1398/1398 1400/1400/1400 1401/1401/1401 
f 1402/1402/1402 1401/1401/1401 1400/1400/1400 
f 1401/1401/1401 1402/1402/1402 1403/1403/1403 
f 1403/1403/1403 1404/1404/1404 1405/1405/1405 
f 1404/1404/1404 1403/1403/1403 1388/1388/1388 
f 1406/1406/1406 1407/1407/1407 1408/1408/1408 
f 1407/1407/1407 1406/1406/1406 1409/1409/1409 
f 1408/1408/1408 1407/1407/1407 1410/1410/1410 
f 1408/1408/1408 1411/1411/1411 1406/1406/1406 
f 1412/1412/1412 1411/1411/1411 1408/1408/1408 
f 1413/1413/1413 1414/1414/1414 1415/1415/1415 
f 1414/1414/1414 1413/1413/1413 1416/1416/1416 
f 1414/1414/1414 1416/1416/1416 1417/1417/1417 
f 1416/1416/1416 1413/1413/1413 1418/1418/1418 
f 1418/1418/1418 1419/1419/1419 1416/1416/1416 
f 1420/1420/1420 1421/1421/1421 1422/1422/1422 
f 1421/1421/1421 1423/1423/1423 1422/1422/1422 
f 1423/1423/1423 1421/1421/1421 1424/1424/1424 
f 1421/1421/1421 1420/1420/1420 1425/1425/1425 
f 1420/1420/1420 1426/1426/1426 1425/1425/1425 
f 1427/1427/1427 1425/1425/1425 1426/1426/1426 
f 1426/1426/1426 1428/1428/1428 1427/1427/1427 
f 1428/1428/1428 1426/1426/1426 1429/1429/1429 
f 1429/1429/1429 1430/1430/1430 1428/1428/1428 
f 1430/1430/1430 1429/1429/1429 1431/1431/1431 
f 1432/1432/1432 1430/1430/1430 1431/1431/1431 
f 1432/1432/1432 1431/1431/1431 1433/1433/1433 
f 1434/1434/1434 1432/1432/1432 1433/1433/1433 
f 1434/1434/1434 1433/1433/1433 1435/1435/1435 
f 1436/1436/1436 1434/1434/1434 1435/1435/1435 
f 1434/1434/1434 1436/1436/1436 1437/1437/1437 
f 1438/1438/1438 1437/1437/1437 1436/1436/1436 
f 1437/1437/1437 1438/1438/1438 1439/1439/1439 
f 1440/1440/1440 1439/1439/1439 1438/1438/1438 
f 1441/1441/1441 1439/1439/1439 1440/1440/1440 
f 1442/1442/1442 1441/1441/1441 1440/1440/1440 
f 1441/1441/1441 1442/1442/1442 1443/1443/1443 
f 1442/1442/1442 1444/1444/1444 1443/1443/1443 
f 1444/1444/1444 1442/1442/1442 1445/1445/1445 
f 1445/1445/1445 1446/1446/1446 1444/1444/1444 
f 1446/1446/1446 1445/1445/1445 1447/1447/1447 
f 1448/1448/1448 1446/1446/1446 1447/1447/1447 
f 1446/1446/1446 1448/1448/1448 1449/1449/1449 
f 1450/1450/1450 1451/1451/1451 1452/1452/1452 
f 1451/1451/1451 1450/1450/1450 1453/1453/1453 
f 1454/1454/1454 1455/1455/1455 1456/1456/1456 
f 1455/1455/1455 1454/1454/1454 1457/1457/1457 
f 1458/1458/1458 1459/1459/1459 1460/1460/1460 
f 1461/1461/1461 1459/1459/1459 1458/1458/1458 
f 1462/1462/1462 1459/1459/1459 1461/1461/1461 
f 1463/1463/1463 1459/1459/1459 1462/1462/1462 
f 1464/1464/1464 1465/1465/1465 1466/1466/1466 
f 1467/1467/1467 1464/1464/1464 1466/1466/1466 
f 1468/1468/1468 1467/1467/1467 1466/1466/1466 
f 1469/1469/1469 1468/1468/1468 1466/1466/1466 
f 1470/1470/1470 1471/1471/1471 1472/1472/1472 
f 1471/1471/1471 1473/1473/1473 1472/1472/1472 
f 1474/1474/1474 1475/1475/1475 1476/1476/1476 
f 1477/1477/1477 1475/1475/1475 1474/1474/1474 
f 1476/1476/1476 1475/1475/1475 1478/1478/1478 
f 1478/1478/1478 1475/1475/1475 1479/1479/1479 
f 1479/1479/1479 1475/1475/1475 1480/1480/1480 
f 1480/1480/1480 1475/1475/1475 1481/1481/1481 
f 1481/1481/1481 1475/1475/1475 1482/1482/1482 
f 1482/1482/1482 1475/1475/1475 1483/1483/1483 
f 1483/1483/1483 1475/1475/1475 1484/1484/1484 
f 1484/1484/1484 1475/1475/1475 1485/1485/1485 
f 1485/1485/1485 1475/1475/1475 1486/1486/1486 
f 1486/1486/1486 1475/1475/1475 1487/1487/1487 
f 1487/1487/1487 1475/1475/1475 1488/1488/1488 
f 1488/1488/1488 1475/1475/1475 1489/1489/1489 
f 1490/1490/1490 1491/1491/1491 1492/1492/1492 
f 1492/1492/1492 1491/1491/1491 1493/1493/1493 
f 1494/1494/1494 1495/1495/1495 1496/1496/1496 
f 1495/1495/1495 1494/1494/1494 1497/1497/1497 
f 1378/1378/1378 1498/1498/1498 1377/1377/1377 
f 1498/1498/1498 1378/1378/1378 1499/1499/1499 
f 1499/1499/1499 1402/1402/1402 1498/1498/1498 
f 1402/1402/1402 1499/1499/1499 1500/1500/1500 
f 1500/1500/1500 1501/1501/1501 1502/1502/1502 
f 1501/1501/1501 1500/1500/1500 1503/1503/1503 
f 1504/1504/1504 1501/1501/1501 1503/1503/1503 
f 1504/1504/1504 1503/1503/1503 1505/1505/1505 
f 1505/1505/1505 1506/1506/1506 1504/1504/1504 
f 1504/1504/1504 1506/1506/1506 1507/1507/1507 
f 1508/1508/1508 1507/1507/1507 1506/1506/1506 
f 1507/1507/1507 1508/1508/1508 1509/1509/1509 
f 1508/1508/1508 1510/1510/1510 1509/1509/1509 
f 1510/1510/1510 1508/1508/1508 1511/1511/1511 
f 1511/1511/1511 1512/1512/1512 1510/1510/1510 
f 1511/1511/1511 1513/1513/1513 1512/1512/1512 
f 1513/1513/1513 1514/1514/1514 1512/1512/1512 
f 1514/1514/1514 1513/1513/1513 1515/1515/1515 
f 1367/1367/1367 1514/1514/1514 1515/1515/1515 
f 1514/1514/1514 1367/1367/1367 1516/1516/1516 
f 1516/1516/1516 1502/1502/1502 1517/1517/1517 
f 1517/1517/1517 1502/1502/1502 1518/1518/1518 
f 1519/1519/1519 1520/1520/1520 1521/1521/1521 
f 1520/1520/1520 1519/1519/1519 1522/1522/1522 
f 1523/1523/1523 1519/1519/1519 1521/1521/1521 
f 1519/1519/1519 1524/1524/1524 1522/1522/1522 
f 1519/1519/1519 1523/1523/1523 1525/1525/1525 
f 1526/1526/1526 1525/1525/1525 1523/1523/1523 
f 1524/1524/1524 1519/1519/1519 1527/1527/1527 
f 1527/1527/1527 1528/1528/1528 1524/1524/1524 
f 1529/1529/1529 1519/1519/1519 1525/1525/1525 
f 1519/1519/1519 1529/1529/1529 1527/1527/1527 
f 1525/1525/1525 1526/1526/1526 1530/1530/1530 
f 1530/1530/1530 1526/1526/1526 1531/1531/1531 
f 1525/1525/1525 1530/1530/1530 1532/1532/1532 
f 1529/1529/1529 1525/1525/1525 1532/1532/1532 
f 1531/1531/1531 1533/1533/1533 1530/1530/1530 
f 1533/1533/1533 1532/1532/1532 1530/1530/1530 
f 1534/1534/1534 1533/1533/1533 1531/1531/1531 
f 1528/1528/1528 1527/1527/1527 1535/1535/1535 
f 1529/1529/1529 1535/1535/1535 1527/1527/1527 
f 1528/1528/1528 1535/1535/1535 1536/1536/1536 
f 1528/1528/1528 1536/1536/1536 1537/1537/1537 
f 1535/1535/1535 1538/1538/1538 1536/1536/1536 
f 1538/1538/1538 1535/1535/1535 1539/1539/1539 
f 1535/1535/1535 1529/1529/1529 1539/1539/1539 
f 1539/1539/1539 1540/1540/1540 1538/1538/1538 
f 1539/1539/1539 1529/1529/1529 1541/1541/1541 
f 1540/1540/1540 1539/1539/1539 1541/1541/1541 
f 1532/1532/1532 1541/1541/1541 1529/1529/1529 
f 1541/1541/1541 1542/1542/1542 1540/1540/1540 
f 1543/1543/1543 1542/1542/1542 1541/1541/1541 
f 1532/1532/1532 1543/1543/1543 1541/1541/1541 
f 1543/1543/1543 1544/1544/1544 1542/1542/1542 
f 1545/1545/1545 1543/1543/1543 1532/1532/1532 
f 1532/1532/1532 1533/1533/1533 1545/1545/1545 
f 1546/1546/1546 1544/1544/1544 1543/1543/1543 
f 1545/1545/1545 1546/1546/1546 1543/1543/1543 
f 1546/1546/1546 1547/1547/1547 1544/1544/1544 
f 1548/1548/1548 1545/1545/1545 1533/1533/1533 
f 1533/1533/1533 1534/1534/1534 1548/1548/1548 
f 1549/1549/1549 1548/1548/1548 1534/1534/1534 
f 1545/1545/1545 1548/1548/1548 1550/1550/1550 
f 1550/1550/1550 1546/1546/1546 1545/1545/1545 
f 1548/1548/1548 1549/1549/1549 1551/1551/1551 
f 1551/1551/1551 1550/1550/1550 1548/1548/1548 
f 1550/1550/1550 1551/1551/1551 1552/1552/1552 
f 1550/1550/1550 1553/1553/1553 1546/1546/1546 
f 1552/1552/1552 1553/1553/1553 1550/1550/1550 
f 1553/1553/1553 1547/1547/1547 1546/1546/1546 
f 1551/1551/1551 1554/1554/1554 1552/1552/1552 
f 1554/1554/1554 1553/1553/1553 1552/1552/1552 
f 1549/1549/1549 1555/1555/1555 1551/1551/1551 
f 1554/1554/1554 1551/1551/1551 1555/1555/1555 
f 1555/1555/1555 1549/1549/1549 1556/1556/1556 
f 1557/1557/1557 1547/1547/1547 1553/1553/1553 
f 1553/1553/1553 1554/1554/1554 1557/1557/1557 
f 1547/1547/1547 1557/1557/1557 1558/1558/1558 
f 1554/1554/1554 1555/1555/1555 1559/1559/1559 
f 1559/1559/1559 1557/1557/1557 1554/1554/1554 
f 1555/1555/1555 1556/1556/1556 1560/1560/1560 
f 1559/1559/1559 1555/1555/1555 1560/1560/1560 
f 1560/1560/1560 1556/1556/1556 1561/1561/1561 
f 1562/1562/1562 1558/1558/1558 1557/1557/1557 
f 1557/1557/1557 1559/1559/1559 1562/1562/1562 
f 1558/1558/1558 1562/1562/1562 1563/1563/1563 
f 1564/1564/1564 1559/1559/1559 1560/1560/1560 
f 1564/1564/1564 1562/1562/1562 1559/1559/1559 
f 1560/1560/1560 1561/1561/1561 1565/1565/1565 
f 1564/1564/1564 1560/1560/1560 1565/1565/1565 
f 1565/1565/1565 1561/1561/1561 1566/1566/1566 
f 1563/1563/1563 1562/1562/1562 1567/1567/1567 
f 1562/1562/1562 1564/1564/1564 1567/1567/1567 
f 1567/1567/1567 1568/1568/1568 1563/1563/1563 
f 1565/1565/1565 1566/1566/1566 1569/1569/1569 
f 1569/1569/1569 1564/1564/1564 1565/1565/1565 
f 1569/1569/1569 1566/1566/1566 1570/1570/1570 
f 1571/1571/1571 1567/1567/1567 1564/1564/1564 
f 1564/1564/1564 1569/1569/1569 1571/1571/1571 
f 1572/1572/1572 1568/1568/1568 1567/1567/1567 
f 1567/1567/1567 1571/1571/1571 1572/1572/1572 
f 1568/1568/1568 1572/1572/1572 1573/1573/1573 
f 1570/1570/1570 1574/1574/1574 1569/1569/1569 
f 1571/1571/1571 1569/1569/1569 1574/1574/1574 
f 1574/1574/1574 1570/1570/1570 1575/1575/1575 
f 1576/1576/1576 1574/1574/1574 1575/1575/1575 
f 1574/1574/1574 1576/1576/1576 1577/1577/1577 
f 1578/1578/1578 1574/1574/1574 1577/1577/1577 
f 1579/1579/1579 1574/1574/1574 1578/1578/1578 
f 1579/1579/1579 1571/1571/1571 1574/1574/1574 
f 1580/1580/1580 1579/1579/1579 1578/1578/1578 
f 1581/1581/1581 1571/1571/1571 1579/1579/1579 
f 1579/1579/1579 1580/1580/1580 1581/1581/1581 
f 1581/1581/1581 1572/1572/1572 1571/1571/1571 
f 1581/1581/1581 1573/1573/1573 1572/1572/1572 
f 1581/1581/1581 1582/1582/1582 1573/1573/1573 
f 1580/1580/1580 1582/1582/1582 1581/1581/1581 
f 1582/1582/1582 1580/1580/1580 1583/1583/1583 
f 1584/1584/1584 1585/1585/1585 1586/1586/1586 
f 1584/1584/1584 1586/1586/1586 1587/1587/1587 

g Rig2

v 0.747586 4.79197 0.837187 
v 0.780764 5.3598 0.810048 
v 0.747585 5.3598 0.837218 
v 0.780764 4.79197 0.810027 
v 0.0593757 4.79197 0.810062 
v 0.0929945 5.3598 0.837218 
v 0.0593752 5.3598 0.810083 
v 0.0929978 4.79197 0.837187 
v 0.059376 4.79201 0.011587 
v 0.0593756 5.35974 0.0116119 
v 0.092995 5.35899 -0.0163788 
v 0.0929982 4.79141 -0.0164073 
v 0.747585 5.35899 -0.0163783 
v 0.780764 4.79201 0.0116069 
v 0.747576 4.79141 -0.0164079 
v 0.780765 5.35974 0.0116476 
v 0.123822 4.54731 0.138512 
v 0.701132 4.46829 0.261771 
v 0.139415 4.46829 0.261771 
v 0.698047 4.44462 0.39932 
v 0.716742 4.54731 0.138512 
v 0.729607 4.48818 0.546227 
v 0.701139 4.46704 0.554296 
v 0.746803 4.56362 0.665554 
v 0.729607 4.48937 0.271382 
v 0.726206 4.46919 0.399691 
v 0.746803 4.56487 0.157522 
v 0.761095 4.66186 0.0856886 
v 0.761094 4.66122 0.738048 
v 0.729739 4.65239 0.758791 
v 0.738984 4.76041 0.818794 
v 0.771271 4.76041 0.792728 
v 0.747586 4.79197 0.837187 
v 0.780764 4.79197 0.810027 
v 0.771271 4.76045 0.0276975 
v 0.73895 4.75961 0.000857592 
v 0.747576 4.79141 -0.0164079 
v 0.780764 4.79201 0.0116069 
v 0.780764 4.79201 0.0116069 
v 0.780764 4.79197 0.810027 
v 0.0929945 5.3598 0.837218 
v 0.747585 5.3598 0.837218 
v 0.72493 5.39305 0.820844 
v 0.755831 5.39219 0.793774 
v 0.780764 5.3598 0.810048 
v 0.780765 5.35974 0.0116476 
v 0.740083 5.49079 0.73251 
v 0.755831 5.39224 0.0221919 
v 0.747585 5.35899 -0.0163783 
v 0.724964 5.39224 -0.00409773 
v 0.115636 5.39224 -0.00409898 
v 0.740083 5.49143 0.0801514 
v 0.092995 5.35899 -0.0163788 
v 0.710659 5.50027 0.0594079 
v 0.726206 5.58778 0.660677 
v 0.0843421 5.39224 0.022125 
v 0.0593756 5.35974 0.0116119 
v 0.129917 5.50027 0.059407 
v 0.100091 5.49143 0.0801054 
v 0.0843417 5.39219 0.793775 
v 0.0593752 5.3598 0.810083 
v 0.10009 5.49079 0.732511 
v 0.115635 5.39305 0.820843 
v 0.710635 5.49986 0.754333 
v 0.129916 5.49986 0.754332 
v 0.69804 5.60535 0.679687 
v 0.142499 5.60535 0.679686 
v 0.113967 5.58778 0.660678 
v 0.1425 5.68436 0.556428 
v 0.698043 5.68436 0.556428 
v 0.113967 5.66328 0.546817 
v 0.1425 5.70803 0.418879 
v 0.726206 5.66328 0.546817 
v 0.113967 5.68346 0.418508 
v 0.698047 5.70803 0.418879 
v 0.113967 5.66447 0.271957 
v 0.113967 5.58903 0.152614 
v 0.1425 5.68561 0.263902 
v 0.1425 5.60622 0.135076 
v 0.698051 5.68561 0.263903 
v 0.726206 5.66447 0.271972 
v 0.698055 5.60622 0.135077 
v 0.726206 5.58903 0.152645 
v 0.726206 5.68346 0.418508 
v 0.747576 4.79141 -0.0164079 
v 0.101635 4.75961 0.000857979 
v 0.0929982 4.79141 -0.0164073 
v 0.729714 4.65279 0.0638658 
v 0.110863 4.65279 0.063866 
v 0.0790787 4.66186 0.0856872 
v 0.068902 4.76045 0.0276957 
v 0.0929982 4.79141 -0.0164073 
v 0.059376 4.79201 0.011587 
v 0.0689017 4.76041 0.792794 
v 0.059376 4.79201 0.011587 
v 0.0593757 4.79197 0.810062 
v 0.0933702 4.56487 0.157521 
v 0.0929978 4.79197 0.837187 
v 0.0593757 4.79197 0.810062 
v 0.101635 4.76041 0.818795 
v 0.0790783 4.66122 0.738093 
v 0.747586 4.79197 0.837187 
v 0.0929978 4.79197 0.837187 
v 0.110863 4.65239 0.758791 
v 0.0933698 4.56362 0.665585 
v 0.716757 4.54643 0.683122 
v 0.123822 4.54643 0.683122 
v 0.139415 4.46704 0.554296 
v 0.110565 4.48818 0.546241 
v 0.113967 4.46919 0.399691 
v 0.142499 4.44462 0.39932 
v 0.110566 4.48937 0.271382 
v 0.0929978 4.79197 0.837187 
v 0.747585 5.3598 0.837218 
v 0.0929945 5.3598 0.837218 
v 0.747586 4.79197 0.837187 
v 0.092995 5.35899 -0.0163788 
v 0.747576 4.79141 -0.0164079 
v 0.0929982 4.79141 -0.0164073 
v 0.747585 5.35899 -0.0163783 
v 0.0689017 4.76041 0.792794 
v 0.0790787 4.66186 0.0856872 
v 0.0790783 4.66122 0.738093 
v 0.0593756 5.35974 0.0116119 
v 0.059376 4.79201 0.011587 
v 0.0593757 4.79197 0.810062 
v 0.0593752 5.3598 0.810083 
v 0.780765 5.35974 0.0116476 
v 0.780764 4.79197 0.810027 
v 0.780764 4.79201 0.0116069 
v 0.780764 5.3598 0.810048 

vn 0.629921 0 0.771654 
vn 0.629921 0 0.771654 
vn 0.629921 0 0.771654 
vn 0.629921 0 0.771654 
vn -0.629921 0 0.779528 
vn -0.629921 0 0.779528 
vn -0.629921 0 0.779528 
vn -0.629921 0 0.779528 
vn -0.637795 0 -0.771654 
vn -0.637795 0 -0.771654 
vn -0.637795 0 -0.771654 
vn -0.637795 0 -0.771654 
vn 0.645669 0 -0.76378 
vn 0.645669 0 -0.76378 
vn 0.645669 0 -0.76378 
vn 0.645669 0 -0.76378 
vn -0.0393701 -0.724409 -0.692913 
vn 0.0314961 -0.929134 -0.370079 
vn -0.0314961 -0.929134 -0.370079 
vn 0.0393701 -1 -0.00787402 
vn 0.0393701 -0.724409 -0.692913 
vn 0.944882 -0.322835 0.0393701 
vn 0.0314961 -0.937008 0.346457 
vn 0.976378 -0.212598 0.0551181 
vn 0.952756 -0.314961 -0.0393701 
vn 0.952756 -0.314961 0 
vn 0.976378 -0.212598 -0.0551181 
vn 0.992126 -0.141732 -0.0472441 
vn 0.992126 -0.141732 0.0472441 
vn 0.0314961 -0.535433 0.84252 
vn 0.0314961 -0.496063 0.866142 
vn 0.976378 -0.204724 0.0551181 
vn 0.535433 -0.527559 0.661417 
vn 0.535433 -0.527559 0.661417 
vn 0.976378 -0.212598 -0.0551181 
vn 0.0314961 -0.503937 -0.866142 
vn 0.559055 -0.503937 -0.653543 
vn 0.559055 -0.503937 -0.653543 
vn 0.96063 -0.291339 0 
vn 0.96063 -0.291339 0 
vn -0.0629921 0.472441 0.88189 
vn 0.0629921 0.472441 0.88189 
vn 0.0314961 0.511811 0.858268 
vn 0.913386 0.401575 0.0551181 
vn 0.787402 0.622047 0.0393701 
vn 0.787402 0.614173 -0.0314961 
vn 0.984252 0.181102 0.0393701 
vn 0.92126 0.385827 -0.0551181 
vn 0.0629921 0.385827 -0.92126 
vn 0.0314961 0.464567 -0.88189 
vn -0.0314961 0.464567 -0.88189 
vn 0.984252 0.181102 -0.0472441 
vn -0.0629921 0.385827 -0.92126 
vn 0.0314961 0.543307 -0.834646 
vn 0.984252 0.173228 0.0551181 
vn -0.92126 0.385827 -0.0551181 
vn -0.787402 0.614173 -0.0314961 
vn -0.0314961 0.543307 -0.834646 
vn -0.984252 0.181102 -0.0472441 
vn -0.913386 0.401575 0.0551181 
vn -0.787402 0.622047 0.0393701 
vn -0.984252 0.181102 0.0472441 
vn -0.0314961 0.511811 0.858268 
vn 0.0393701 0.551181 0.834646 
vn -0.0393701 0.551181 0.834646 
vn 0.0393701 0.724409 0.685039 
vn -0.0393701 0.724409 0.685039 
vn -0.984252 0.173228 0.0551181 
vn -0.0393701 0.929134 0.362205 
vn 0.0393701 0.929134 0.362205 
vn -0.992126 0.125984 0.0472441 
vn -0.0393701 1 0.00787402 
vn 0.992126 0.11811 0.0472441 
vn -0.992126 0.125984 0 
vn 0.0393701 1 0.00787402 
vn -0.992126 0.133858 -0.0472441 
vn -0.984252 0.181102 -0.0551181 
vn -0.0393701 0.937008 -0.338583 
vn -0.0314961 0.732283 -0.677165 
vn 0.0393701 0.937008 -0.338583 
vn 0.992126 0.133858 -0.0472441 
vn 0.0314961 0.732283 -0.677165 
vn 0.984252 0.181102 -0.0551181 
vn 0.992126 0.125984 0 
vn 0 -0.480315 -0.88189 
vn -0.0314961 -0.503937 -0.866142 
vn 0 -0.480315 -0.88189 
vn 0.0393701 -0.543307 -0.834646 
vn -0.0393701 -0.543307 -0.834646 
vn -0.992126 -0.141732 -0.0472441 
vn -0.976378 -0.212598 -0.0551181 
vn -0.559055 -0.503937 -0.661417 
vn -0.559055 -0.503937 -0.661417 
vn -0.976378 -0.204724 0.0551181 
vn -0.96063 -0.291339 0 
vn -0.96063 -0.291339 0 
vn -0.976378 -0.212598 -0.0551181 
vn -0.527559 -0.527559 0.661417 
vn -0.527559 -0.527559 0.661417 
vn -0.0314961 -0.496063 0.866142 
vn -0.992126 -0.141732 0.0472441 
vn 0 -0.503937 0.866142 
vn 0 -0.503937 0.866142 
vn -0.0314961 -0.535433 0.84252 
vn -0.976378 -0.212598 0.0551181 
vn 0.0314961 -0.732283 0.677165 
vn -0.0314961 -0.732283 0.677165 
vn -0.0314961 -0.937008 0.346457 
vn -0.944882 -0.322835 0.0393701 
vn -0.952756 -0.314961 0 
vn -0.0393701 -1 -0.00787402 
vn -0.944882 -0.314961 -0.0472441 
vn 0 0 1 
vn 0 0 1 
vn 0 0 1 
vn 0 0 1 
vn 0 0 -1 
vn 0 0 -1 
vn 0 0 -1 
vn 0 0 -1 
vn -0.976378 -0.204724 0.0551181 
vn -0.992126 -0.141732 -0.0472441 
vn -0.992126 -0.141732 0.0472441 
vn -1 0 0 
vn -1 0 0 
vn -1 0 0 
vn -1 0 0 
vn 1 0 0 
vn 1 0 0 
vn 1 0 0 
vn 1 0 0 

vt 0.989236 0.187905 
vt 0.99257 0.270524 
vt 0.989236 0.270524 
vt 0.99257 0.187905 
vt 0.923497 0.187905 
vt 0.927103 0.270524 
vt 0.923497 0.270524 
vt 0.927103 0.187905 
vt 0.854375 0.187905 
vt 0.854375 0.270586 
vt 0.850706 0.270669 
vt 0.850706 0.187905 
vt 0.788697 0.270524 
vt 0.784452 0.187905 
vt 0.788697 0.187905 
vt 0.784452 0.270524 
vt 0.784073 0.168966 
vt 0.757799 0.160965 
vt 0.784073 0.160965 
vt 0.757799 0.152036 
vt 0.757799 0.168966 
vt 0.756467 0.142499 
vt 0.757799 0.141975 
vt 0.756467 0.134753 
vt 0.756467 0.160341 
vt 0.756467 0.152012 
vt 0.756467 0.167732 
vt 0.756467 0.172396 
vt 0.756467 0.130048 
vt 0.757799 0.128701 
vt 0.757798 0.126942 
vt 0.756467 0.128498 
vt 0.755456 0.123613 
vt 0.753887 0.125376 
vt 0.756467 0.174165 
vt 0.7578 0.175768 
vt 0.755457 0.179024 
vt 0.753887 0.177205 
vt 0.753887 0.177205 
vt 0.753887 0.125376 
vt 0.747026 0.179145 
vt 0.716006 0.179145 
vt 0.718354 0.175702 
vt 0.717019 0.174092 
vt 0.714433 0.177372 
vt 0.714433 0.125285 
vt 0.717019 0.172313 
vt 0.717019 0.128196 
vt 0.716006 0.123457 
vt 0.718352 0.126632 
vt 0.74468 0.126632 
vt 0.717019 0.129754 
vt 0.747026 0.123457 
vt 0.718352 0.128401 
vt 0.717019 0.167626 
vt 0.746032 0.128192 
vt 0.748619 0.125283 
vt 0.74468 0.128401 
vt 0.746032 0.129751 
vt 0.746032 0.174092 
vt 0.748619 0.177374 
vt 0.746032 0.172313 
vt 0.74468 0.175702 
vt 0.718354 0.173737 
vt 0.74468 0.173737 
vt 0.718353 0.168867 
vt 0.74468 0.168867 
vt 0.746032 0.167627 
vt 0.74468 0.160825 
vt 0.718353 0.160825 
vt 0.746032 0.160198 
vt 0.74468 0.151851 
vt 0.717019 0.160198 
vt 0.746032 0.151827 
vt 0.718353 0.151851 
vt 0.746032 0.142267 
vt 0.746032 0.134481 
vt 0.74468 0.141741 
vt 0.74468 0.133337 
vt 0.718353 0.141741 
vt 0.717019 0.142268 
vt 0.718353 0.133337 
vt 0.717019 0.134483 
vt 0.717019 0.151827 
vt 0.755457 0.179024 
vt 0.784073 0.175768 
vt 0.786414 0.179024 
vt 0.7578 0.173812 
vt 0.784073 0.173812 
vt 0.785422 0.172396 
vt 0.785422 0.174165 
vt 0.786414 0.179024 
vt 0.788004 0.177206 
vt 0.785422 0.128494 
vt 0.788004 0.177206 
vt 0.788004 0.125373 
vt 0.785422 0.167732 
vt 0.786414 0.123613 
vt 0.788004 0.125373 
vt 0.784073 0.126942 
vt 0.785422 0.130045 
vt 0.755456 0.123613 
vt 0.786414 0.123613 
vt 0.784073 0.128701 
vt 0.785422 0.134751 
vt 0.757799 0.133613 
vt 0.784073 0.133613 
vt 0.784073 0.141975 
vt 0.785422 0.142498 
vt 0.785422 0.152012 
vt 0.784073 0.152036 
vt 0.785422 0.160341 
vt 0.927103 0.187905 
vt 0.989236 0.270524 
vt 0.927103 0.270524 
vt 0.989236 0.187905 
vt 0.850706 0.270669 
vt 0.788697 0.187905 
vt 0.850706 0.187905 
vt 0.788697 0.270524 
vt 0.785422 0.128494 
vt 0.785422 0.172396 
vt 0.785422 0.130045 
vt 0.854375 0.270524 
vt 0.854375 0.187905 
vt 0.92348 0.187905 
vt 0.92348 0.270524 
vt 0.784452 0.270524 
vt 0.714573 0.187905 
vt 0.784452 0.187905 
vt 0.714573 0.270524 

usemtl Rig1Mtl

f 1588/1588/1588 1589/1589/1589 1590/1590/1590 
f 1589/1589/1589 1588/1588/1588 1591/1591/1591 
f 1592/1592/1592 1593/1593/1593 1594/1594/1594 
f 1593/1593/1593 1592/1592/1592 1595/1595/1595 
f 1596/1596/1596 1597/1597/1597 1598/1598/1598 
f 1598/1598/1598 1599/1599/1599 1596/1596/1596 
f 1600/1600/1600 1601/1601/1601 1602/1602/1602 
f 1601/1601/1601 1600/1600/1600 1603/1603/1603 
f 1604/1604/1604 1605/1605/1605 1606/1606/1606 
f 1606/1606/1606 1605/1605/1605 1607/1607/1607 
f 1604/1604/1604 1608/1608/1608 1605/1605/1605 
f 1607/1607/1607 1609/1609/1609 1610/1610/1610 
f 1609/1609/1609 1611/1611/1611 1610/1610/1610 
f 1612/1612/1612 1607/1607/1607 1605/1605/1605 
f 1609/1609/1609 1607/1607/1607 1613/1613/1613 
f 1607/1607/1607 1612/1612/1612 1613/1613/1613 
f 1613/1613/1613 1611/1611/1611 1609/1609/1609 
f 1614/1614/1614 1612/1612/1612 1605/1605/1605 
f 1614/1614/1614 1613/1613/1613 1612/1612/1612 
f 1605/1605/1605 1608/1608/1608 1614/1614/1614 
f 1611/1611/1611 1613/1613/1613 1614/1614/1614 
f 1608/1608/1608 1615/1615/1615 1614/1614/1614 
f 1614/1614/1614 1616/1616/1616 1611/1611/1611 
f 1615/1615/1615 1616/1616/1616 1614/1614/1614 
f 1617/1617/1617 1611/1611/1611 1616/1616/1616 
f 1616/1616/1616 1618/1618/1618 1617/1617/1617 
f 1618/1618/1618 1616/1616/1616 1619/1619/1619 
f 1615/1615/1615 1619/1619/1619 1616/1616/1616 
f 1619/1619/1619 1620/1620/1620 1618/1618/1618 
f 1620/1620/1620 1619/1619/1619 1621/1621/1621 
f 1622/1622/1622 1619/1619/1619 1615/1615/1615 
f 1615/1615/1615 1623/1623/1623 1622/1622/1622 
f 1624/1624/1624 1622/1622/1622 1623/1623/1623 
f 1625/1625/1625 1622/1622/1622 1624/1624/1624 
f 1619/1619/1619 1622/1622/1622 1626/1626/1626 
f 1626/1626/1626 1627/1627/1627 1619/1619/1619 
f 1628/1628/1628 1629/1629/1629 1630/1630/1630 
f 1629/1629/1629 1631/1631/1631 1630/1630/1630 
f 1629/1629/1629 1632/1632/1632 1631/1631/1631 
f 1633/1633/1633 1631/1631/1631 1632/1632/1632 
f 1634/1634/1634 1630/1630/1630 1631/1631/1631 
f 1631/1631/1631 1633/1633/1633 1635/1635/1635 
f 1635/1635/1635 1634/1634/1634 1631/1631/1631 
f 1636/1636/1636 1635/1635/1635 1633/1633/1633 
f 1635/1635/1635 1636/1636/1636 1637/1637/1637 
f 1636/1636/1636 1638/1638/1638 1637/1637/1637 
f 1637/1637/1637 1639/1639/1639 1635/1635/1635 
f 1639/1639/1639 1634/1634/1634 1635/1635/1635 
f 1636/1636/1636 1640/1640/1640 1638/1638/1638 
f 1639/1639/1639 1637/1637/1637 1641/1641/1641 
f 1637/1637/1637 1638/1638/1638 1641/1641/1641 
f 1634/1634/1634 1639/1639/1639 1642/1642/1642 
f 1638/1638/1638 1640/1640/1640 1643/1643/1643 
f 1640/1640/1640 1644/1644/1644 1643/1643/1643 
f 1645/1645/1645 1641/1641/1641 1638/1638/1638 
f 1646/1646/1646 1638/1638/1638 1643/1643/1643 
f 1638/1638/1638 1646/1646/1646 1645/1645/1645 
f 1647/1647/1647 1643/1643/1643 1644/1644/1644 
f 1644/1644/1644 1648/1648/1648 1647/1647/1647 
f 1628/1628/1628 1647/1647/1647 1648/1648/1648 
f 1649/1649/1649 1643/1643/1643 1647/1647/1647 
f 1643/1643/1643 1649/1649/1649 1646/1646/1646 
f 1647/1647/1647 1628/1628/1628 1650/1650/1650 
f 1650/1650/1650 1649/1649/1649 1647/1647/1647 
f 1628/1628/1628 1630/1630/1630 1650/1650/1650 
f 1651/1651/1651 1650/1650/1650 1630/1630/1630 
f 1630/1630/1630 1634/1634/1634 1651/1651/1651 
f 1649/1649/1649 1650/1650/1650 1652/1652/1652 
f 1650/1650/1650 1651/1651/1651 1652/1652/1652 
f 1634/1634/1634 1653/1653/1653 1651/1651/1651 
f 1652/1652/1652 1651/1651/1651 1653/1653/1653 
f 1653/1653/1653 1634/1634/1634 1642/1642/1642 
f 1654/1654/1654 1649/1649/1649 1652/1652/1652 
f 1652/1652/1652 1653/1653/1653 1654/1654/1654 
f 1649/1649/1649 1654/1654/1654 1655/1655/1655 
f 1646/1646/1646 1649/1649/1649 1655/1655/1655 
f 1653/1653/1653 1656/1656/1656 1654/1654/1654 
f 1656/1656/1656 1655/1655/1655 1654/1654/1654 
f 1656/1656/1656 1653/1653/1653 1657/1657/1657 
f 1657/1657/1657 1653/1653/1653 1642/1642/1642 
f 1655/1655/1655 1656/1656/1656 1658/1658/1658 
f 1657/1657/1657 1659/1659/1659 1656/1656/1656 
f 1659/1659/1659 1658/1658/1658 1656/1656/1656 
f 1657/1657/1657 1642/1642/1642 1660/1660/1660 
f 1661/1661/1661 1655/1655/1655 1658/1658/1658 
f 1658/1658/1658 1659/1659/1659 1661/1661/1661 
f 1659/1659/1659 1657/1657/1657 1662/1662/1662 
f 1660/1660/1660 1662/1662/1662 1657/1657/1657 
f 1659/1659/1659 1663/1663/1663 1661/1661/1661 
f 1661/1661/1661 1664/1664/1664 1655/1655/1655 
f 1664/1664/1664 1661/1661/1661 1663/1663/1663 
f 1655/1655/1655 1664/1664/1664 1646/1646/1646 
f 1663/1663/1663 1659/1659/1659 1665/1665/1665 
f 1664/1664/1664 1663/1663/1663 1665/1665/1665 
f 1662/1662/1662 1665/1665/1665 1659/1659/1659 
f 1666/1666/1666 1646/1646/1646 1664/1664/1664 
f 1665/1665/1665 1666/1666/1666 1664/1664/1664 
f 1646/1646/1646 1666/1666/1666 1645/1645/1645 
f 1665/1665/1665 1662/1662/1662 1667/1667/1667 
f 1667/1667/1667 1666/1666/1666 1665/1665/1665 
f 1662/1662/1662 1668/1668/1668 1667/1667/1667 
f 1669/1669/1669 1645/1645/1645 1666/1666/1666 
f 1666/1666/1666 1667/1667/1667 1669/1669/1669 
f 1645/1645/1645 1669/1669/1669 1641/1641/1641 
f 1669/1669/1669 1639/1639/1639 1641/1641/1641 
f 1669/1669/1669 1667/1667/1667 1670/1670/1670 
f 1639/1639/1639 1669/1669/1669 1670/1670/1670 
f 1670/1670/1670 1667/1667/1667 1668/1668/1668 
f 1642/1642/1642 1639/1639/1639 1670/1670/1670 
f 1668/1668/1668 1662/1662/1662 1671/1671/1671 
f 1671/1671/1671 1670/1670/1670 1668/1668/1668 
f 1670/1670/1670 1671/1671/1671 1642/1642/1642 
f 1662/1662/1662 1660/1660/1660 1671/1671/1671 
f 1642/1642/1642 1671/1671/1671 1660/1660/1660 
f 1672/1672/1672 1673/1673/1673 1674/1674/1674 
f 1673/1673/1673 1672/1672/1672 1623/1623/1623 
f 1675/1675/1675 1673/1673/1673 1623/1623/1623 
f 1623/1623/1623 1615/1615/1615 1675/1675/1675 
f 1673/1673/1673 1675/1675/1675 1676/1676/1676 
f 1608/1608/1608 1676/1676/1676 1675/1675/1675 
f 1615/1615/1615 1608/1608/1608 1675/1675/1675 
f 1677/1677/1677 1673/1673/1673 1676/1676/1676 
f 1676/1676/1676 1608/1608/1608 1604/1604/1604 
f 1604/1604/1604 1677/1677/1677 1676/1676/1676 
f 1673/1673/1673 1677/1677/1677 1678/1678/1678 
f 1678/1678/1678 1679/1679/1679 1673/1673/1673 
f 1679/1679/1679 1678/1678/1678 1680/1680/1680 
f 1677/1677/1677 1681/1681/1681 1678/1678/1678 
f 1681/1681/1681 1682/1682/1682 1678/1678/1678 
f 1682/1682/1682 1681/1681/1681 1683/1683/1683 
f 1677/1677/1677 1604/1604/1604 1684/1684/1684 
f 1685/1685/1685 1686/1686/1686 1681/1681/1681 
f 1681/1681/1681 1687/1687/1687 1685/1685/1685 
f 1684/1684/1684 1688/1688/1688 1677/1677/1677 
f 1688/1688/1688 1687/1687/1687 1681/1681/1681 
f 1689/1689/1689 1690/1690/1690 1687/1687/1687 
f 1689/1689/1689 1687/1687/1687 1618/1618/1618 
f 1687/1687/1687 1688/1688/1688 1691/1691/1691 
f 1618/1618/1618 1687/1687/1687 1617/1617/1617 
f 1691/1691/1691 1617/1617/1617 1687/1687/1687 
f 1691/1691/1691 1688/1688/1688 1692/1692/1692 
f 1688/1688/1688 1684/1684/1684 1692/1692/1692 
f 1691/1691/1691 1693/1693/1693 1617/1617/1617 
f 1693/1693/1693 1691/1691/1691 1694/1694/1694 
f 1694/1694/1694 1691/1691/1691 1692/1692/1692 
f 1611/1611/1611 1617/1617/1617 1693/1693/1693 
f 1694/1694/1694 1610/1610/1610 1693/1693/1693 
f 1610/1610/1610 1611/1611/1611 1693/1693/1693 
f 1695/1695/1695 1694/1694/1694 1692/1692/1692 
f 1610/1610/1610 1694/1694/1694 1695/1695/1695 
f 1695/1695/1695 1692/1692/1692 1696/1696/1696 
f 1692/1692/1692 1697/1697/1697 1696/1696/1696 
f 1697/1697/1697 1692/1692/1692 1684/1684/1684 
f 1696/1696/1696 1698/1698/1698 1695/1695/1695 
f 1698/1698/1698 1696/1696/1696 1697/1697/1697 
f 1699/1699/1699 1698/1698/1698 1697/1697/1697 
f 1697/1697/1697 1684/1684/1684 1699/1699/1699 
f 1699/1699/1699 1684/1684/1684 1606/1606/1606 
f 1698/1698/1698 1699/1699/1699 1606/1606/1606 
f 1604/1604/1604 1606/1606/1606 1684/1684/1684 
f 1607/1607/1607 1695/1695/1695 1698/1698/1698 
f 1606/1606/1606 1607/1607/1607 1698/1698/1698 
f 1695/1695/1695 1607/1607/1607 1610/1610/1610 
f 1700/1700/1700 1701/1701/1701 1702/1702/1702 
f 1701/1701/1701 1700/1700/1700 1703/1703/1703 
f 1704/1704/1704 1705/1705/1705 1706/1706/1706 
f 1705/1705/1705 1704/1704/1704 1707/1707/1707 
f 1708/1708/1708 1709/1709/1709 1710/1710/1710 
f 1711/1711/1711 1712/1712/1712 1713/1713/1713 
f 1711/1711/1711 1713/1713/1713 1714/1714/1714 
f 1715/1715/1715 1716/1716/1716 1717/1717/1717 
f 1716/1716/1716 1715/1715/1715 1718/1718/1718 

g Rig3

v -5.06639e-07 6.70588 0.552697 
v -5.66244e-07 6.62958 0.677936 
v 0.0348085 6.72535 0.561194 
v 0.0348084 6.64459 0.694214 
v 0.0348085 6.75372 0.409029 
v 0.0348084 6.52372 0.780403 
v -4.47035e-07 6.73268 0.409028 
v -6.25849e-07 6.51552 0.75912 
v 0.0348523 6.38114 0.811155 
v -6.55651e-07 6.38112 0.785715 
v -3.8743e-07 6.70585 0.265556 
v 0.0348086 6.72537 0.256861 
v -3.27826e-07 6.62958 0.147596 
v 0.0348087 6.64463 0.131879 
v 0.0348087 6.52376 0.0456775 
v -2.68221e-07 6.51558 0.0663799 
v 0.0348527 6.38118 0.0104496 
v -2.98023e-07 6.38116 0.0361156 
v 0.773825 5.32716 0.802025 
v 0.747602 5.3598 0.837217 
v 0.741302 5.32716 0.825995 
v 0.780764 5.3598 0.810014 
v 0.756818 5.228 0.756303 
v 0.725855 5.21917 0.777046 
v 0.713634 5.11321 0.683738 
v 0.743364 5.1304 0.66617 
v 0.700933 5.03383 0.554913 
v 0.729381 5.05496 0.546843 
v 0.698047 5.0114 0.399936 
v 0.726206 5.03597 0.400307 
v 0.732817 5.05615 0.271999 
v 0.704046 5.03507 0.262387 
v 0.743364 5.13165 0.158138 
v 0.713619 5.11409 0.139129 
v 0.756818 5.22864 0.0691195 
v 0.725831 5.21958 0.0472968 
v 0.741268 5.32642 -0.00191319 
v 0.773825 5.3272 0.0227681 
v 0.747568 5.35899 -0.0163789 
v 0.780765 5.35985 0.0116312 
v 0.727268 6.72535 0.561194 
v 0.756854 6.62957 0.677936 
v 0.756854 6.70588 0.552698 
v 0.727268 6.64459 0.694214 
v 0.727268 6.75372 0.409029 
v 0.727268 6.52372 0.780404 
v 0.756855 6.73268 0.409028 
v 0.756854 6.51552 0.75912 
v 0.727227 6.38114 0.811154 
v 0.756854 6.38112 0.785629 
v 0.756855 6.70585 0.265557 
v 0.727269 6.72537 0.256861 
v 0.756855 6.62958 0.147597 
v 0.727269 6.64463 0.131879 
v 0.727269 6.52376 0.0456778 
v 0.756855 6.51558 0.0663803 
v 0.727228 6.38118 0.0104499 
v 0.756855 6.38116 0.036124 
v 0.727268 6.72535 0.561194 
v 0.0348085 6.72535 0.561194 
v 0.0348084 6.64459 0.694214 
v 0.0348085 6.75372 0.409029 
v 0.727268 6.64459 0.694214 
v 0.727268 6.75372 0.409029 
v 0.727268 6.52372 0.780404 
v 0.0348086 6.72537 0.256861 
v 0.0348084 6.52372 0.780403 
v 0.0348523 6.38114 0.811155 
v 0.727227 6.38114 0.811154 
v 0.727269 6.72537 0.256861 
v 0.0348087 6.64463 0.131879 
v 0.727269 6.64463 0.131879 
v 0.727269 6.52376 0.0456778 
v 0.0348087 6.52376 0.0456775 
v 0.0348527 6.38118 0.0104496 
v 0.727228 6.38118 0.0104499 
v 0.747568 5.35899 -0.0163789 
v 0.0993195 5.32642 -0.00191283 
v 0.092995 5.35899 -0.0163784 
v 0.741268 5.32642 -0.00191319 
v 0.725831 5.21958 0.0472968 
v 0.114741 5.21958 0.047297 
v 0.713619 5.11409 0.139129 
v 0.126941 5.11409 0.139129 
v 0.704046 5.03507 0.262387 
v 0.136505 5.03507 0.262387 
v 0.698047 5.0114 0.399936 
v 0.1425 5.0114 0.399936 
v 0.139621 5.03383 0.554913 
v 0.700933 5.03383 0.554913 
v 0.126941 5.11321 0.683738 
v 0.713634 5.11321 0.683738 
v 0.114741 5.21917 0.777046 
v 0.725855 5.21917 0.777046 
v 0.0993191 5.32716 0.825996 
v 0.741302 5.32716 0.825995 
v 0.747602 5.3598 0.837217 
v 0.0929945 5.3598 0.837218 
v 0.0348527 6.38118 0.0104496 
v 0.0348527 6.34876 -0.0163262 
v -2.98023e-07 6.38116 0.0361156 
v -2.98023e-07 6.34875 0.0116688 
v 0.0348533 6.34871 0.837272 
v -6.55651e-07 6.38112 0.785715 
v -1.66893e-06 6.34872 0.810173 
v 0.0348523 6.38114 0.811155 
v 0.092995 5.35899 -0.0163784 
v 0.0663486 5.3272 0.0227663 
v 0.0593756 5.35985 0.0116292 
v 0.0993195 5.32642 -0.00191283 
v 0.0833552 5.22864 0.0691182 
v 0.114741 5.21958 0.047297 
v 0.126941 5.11409 0.139129 
v 0.0968093 5.13165 0.158137 
v 0.136505 5.03507 0.262387 
v 0.107356 5.05615 0.271998 
v 0.1425 5.0114 0.399936 
v 0.113967 5.03597 0.400307 
v 0.110792 5.05496 0.546858 
v 0.139621 5.03383 0.554913 
v 0.096809 5.1304 0.666201 
v 0.126941 5.11321 0.683738 
v 0.0833548 5.228 0.756348 
v 0.114741 5.21917 0.777046 
v 0.0993191 5.32716 0.825996 
v 0.0663482 5.32716 0.802085 
v 0.0929945 5.3598 0.837218 
v 0.0593752 5.3598 0.810083 
v 0.756855 6.38116 0.036124 
v 0.747595 6.34876 -0.0163258 
v 0.727228 6.38118 0.0104499 
v 0.780764 6.34875 0.0116773 
v 0.756854 6.38112 0.785629 
v 0.74762 6.34871 0.837271 
v 0.780764 6.34872 0.810081 
v 0.727227 6.38114 0.811154 
v 0.747595 6.34876 -0.0163258 
v 0.0348527 6.34876 -0.0163262 
v 0.727228 6.38118 0.0104499 
v 0.0348527 6.38118 0.0104496 
v 0.0348533 6.34871 0.837272 
v 0.727227 6.38114 0.811154 
v 0.0348523 6.38114 0.811155 
v 0.74762 6.34871 0.837271 
v 0.756854 6.38114 0.40901 
v 0.780764 6.34875 0.0116773 
v 0.756855 6.38116 0.036124 
v 0.780764 6.34872 0.810081 
v 0.756854 6.38114 0.40901 
v 0.756854 6.38112 0.785629 
v 0.780764 6.34872 0.810081 
v 0.0348597 6.12299 -0.0163385 
v -1.37091e-06 5.78954 0.0116543 
v -1.3411e-06 6.12299 0.0116605 
v 0.0348627 5.78954 -0.0163566 
v -2.98023e-07 6.34875 0.0116688 
v 0.0348597 6.12299 -0.0163385 
v -1.3411e-06 6.12299 0.0116605 
v 0.0348527 6.34876 -0.0163262 
v 0.0348623 5.78951 0.837241 
v 0.0348593 6.12291 0.837259 
v -1.72853e-06 5.78951 0.810158 
v -1.69873e-06 6.12291 0.810177 
v 0.0348593 6.12291 0.837259 
v 0.0348533 6.34871 0.837272 
v -1.69873e-06 6.12291 0.810177 
v -1.66893e-06 6.34872 0.810173 
v 0.747568 5.78954 -0.0163563 
v 0.780765 5.78954 0.0116547 
v 0.780765 5.74068 0.011652 
v 0.747568 5.74068 -0.016359 
v 0.780765 6.12304 0.0116679 
v 0.780765 5.78954 0.0116547 
v 0.747578 6.12304 -0.0163381 
v 0.747568 5.78954 -0.0163563 
v 0.747578 6.12304 -0.0163381 
v 0.747595 6.34876 -0.0163258 
v 0.780764 6.34875 0.0116773 
v 0.780765 6.12304 0.0116679 
v 0.780765 5.35985 0.0116312 
v 0.747568 5.74068 -0.016359 
v 0.780765 5.74068 0.011652 
v 0.747568 5.35899 -0.0163789 
v 0.780764 5.74064 0.810011 
v 0.74762 5.78951 0.837241 
v 0.747614 5.74064 0.837238 
v 0.780764 5.78951 0.810016 
v 0.780764 6.12291 0.810039 
v 0.74762 5.78951 0.837241 
v 0.780764 5.78951 0.810016 
v 0.74762 6.12291 0.837259 
v 0.780764 6.12291 0.810039 
v 0.74762 6.34871 0.837271 
v 0.74762 6.12291 0.837259 
v 0.780764 6.34872 0.810081 
v 0.780764 5.3598 0.810014 
v 0.747614 5.74064 0.837238 
v 0.747602 5.3598 0.837217 
v 0.780764 5.74064 0.810011 
v 0.0929917 5.74068 -0.0163593 
v 0.0593756 5.35985 0.0116292 
v 0.0593756 5.74068 0.0116516 
v 0.092995 5.35899 -0.0163784 
v 0.0929945 5.3598 0.837218 
v 0.0929912 5.74064 0.837239 
v 0.0593752 5.3598 0.810083 
v 0.0593753 5.74064 0.810104 
v 0.0348623 5.78951 0.837241 
v 0.0593753 5.74064 0.810104 
v 0.0929912 5.74064 0.837239 
v -1.72853e-06 5.78951 0.810158 
v 0.0593756 5.74068 0.0116516 
v -1.37091e-06 5.78954 0.0116543 
v 0.0348627 5.78954 -0.0163566 
v 0.0929917 5.74068 -0.0163593 
v 0.773825 5.3272 0.0227681 
v 0.780764 5.3598 0.810014 
v 0.773825 5.32716 0.802025 
v 0.780765 5.35985 0.0116312 
v 0.756818 5.22864 0.0691195 
v 0.756818 5.228 0.756303 
v 0.743364 5.13165 0.158138 
v 0.743364 5.1304 0.66617 
v 0.726206 5.03597 0.400307 
v 0.732817 5.05615 0.271999 
v 0.729381 5.05496 0.546843 
v 0.747568 5.78954 -0.0163563 
v 0.0348597 6.12299 -0.0163385 
v 0.747578 6.12304 -0.0163381 
v 0.0348627 5.78954 -0.0163566 
v 0.0929917 5.74068 -0.0163593 
v 0.747568 5.74068 -0.016359 
v 0.0348527 6.34876 -0.0163262 
v 0.747595 6.34876 -0.0163258 
v 0.747578 6.12304 -0.0163381 
v 0.0348597 6.12299 -0.0163385 
v 0.747568 5.74068 -0.016359 
v 0.092995 5.35899 -0.0163784 
v 0.0929917 5.74068 -0.0163593 
v 0.747568 5.35899 -0.0163789 
v 0.74762 5.78951 0.837241 
v 0.0929912 5.74064 0.837239 
v 0.747614 5.74064 0.837238 
v 0.0348623 5.78951 0.837241 
v 0.74762 6.12291 0.837259 
v 0.0348623 5.78951 0.837241 
v 0.74762 5.78951 0.837241 
v 0.0348593 6.12291 0.837259 
v 0.74762 6.34871 0.837271 
v 0.0348593 6.12291 0.837259 
v 0.74762 6.12291 0.837259 
v 0.0348533 6.34871 0.837272 
v 0.747602 5.3598 0.837217 
v 0.0929912 5.74064 0.837239 
v 0.0929945 5.3598 0.837218 
v 0.747614 5.74064 0.837238 
v 0.0663486 5.3272 0.0227663 
v 0.0593752 5.3598 0.810083 
v 0.0593756 5.35985 0.0116292 
v 0.0663482 5.32716 0.802085 
v 0.0833552 5.22864 0.0691182 
v 0.0833548 5.228 0.756348 
v 0.0968093 5.13165 0.158137 
v 0.096809 5.1304 0.666201 
v 0.113967 5.03597 0.400307 
v 0.110792 5.05496 0.546858 
v 0.107356 5.05615 0.271998 
v -1.3411e-06 6.12299 0.0116605 
v -1.66893e-06 6.34872 0.810173 
v -2.98023e-07 6.34875 0.0116688 
v -1.69873e-06 6.12291 0.810177 
v -1.37091e-06 5.78954 0.0116543 
v -1.69873e-06 6.12291 0.810177 
v -1.3411e-06 6.12299 0.0116605 
v -1.72853e-06 5.78951 0.810158 
v -2.98023e-07 6.34875 0.0116688 
v -4.76837e-07 6.38114 0.409008 
v -2.98023e-07 6.38116 0.0361156 
v -1.66893e-06 6.34872 0.810173 
v -5.06639e-07 6.70588 0.552697 
v -4.76837e-07 6.38114 0.409008 
v -5.66244e-07 6.62958 0.677936 
v -6.25849e-07 6.51552 0.75912 
v -6.55651e-07 6.38112 0.785715 
v -4.47035e-07 6.73268 0.409028 
v -3.8743e-07 6.70585 0.265556 
v -3.27826e-07 6.62958 0.147596 
v -2.68221e-07 6.51558 0.0663799 
v -2.98023e-07 6.38116 0.0361156 
v -1.66893e-06 6.34872 0.810173 
v -6.55651e-07 6.38112 0.785715 
v -4.76837e-07 6.38114 0.409008 
v 0.780765 5.78954 0.0116547 
v 0.780764 6.12291 0.810039 
v 0.780764 5.78951 0.810016 
v 0.780765 6.12304 0.0116679 
v 0.780765 5.78954 0.0116547 
v 0.780764 5.74064 0.810011 
v 0.780765 5.74068 0.011652 
v 0.780764 5.78951 0.810016 
v 0.780764 6.12291 0.810039 
v 0.780765 6.12304 0.0116679 
v 0.780764 6.34875 0.0116773 
v 0.780764 6.34872 0.810081 
v 0.780765 5.35985 0.0116312 
v 0.780764 5.74064 0.810011 
v 0.780764 5.3598 0.810014 
v 0.780765 5.74068 0.011652 
v 0.756854 6.62957 0.677936 
v 0.756854 6.38114 0.40901 
v 0.756854 6.70588 0.552698 
v 0.756855 6.73268 0.409028 
v 0.756854 6.51552 0.75912 
v 0.756854 6.38112 0.785629 
v 0.756855 6.70585 0.265557 
v 0.756855 6.62958 0.147597 
v 0.756855 6.51558 0.0663803 
v 0.756855 6.38116 0.036124 
v 0.0593756 5.74068 0.0116516 
v 0.0593752 5.3598 0.810083 
v 0.0593753 5.74064 0.810104 
v 0.0593756 5.35985 0.0116292 
v 0.0593753 5.74064 0.810104 
v -1.37091e-06 5.78954 0.0116543 
v 0.0593756 5.74068 0.0116516 
v -1.72853e-06 5.78951 0.810158 

vn -0.519685 0.795276 0.307087 
vn -0.535433 0.622047 0.566929 
vn -0.519685 0.795276 0.307087 
vn -0.535433 0.614173 0.574803 
vn -0.519685 0.858268 0 
vn -0.559055 0.330709 0.76378 
vn -0.519685 0.858268 0 
vn -0.559055 0.338583 0.755906 
vn -0.559055 0.165354 0.811024 
vn -0.559055 0.165354 0.811024 
vn -0.519685 0.795276 -0.307087 
vn -0.519685 0.795276 -0.314961 
vn -0.527559 0.614173 -0.582677 
vn -0.527559 0.614173 -0.590551 
vn -0.551181 0.346457 -0.76378 
vn -0.551181 0.346457 -0.755906 
vn -0.559055 0.188976 -0.80315 
vn -0.559055 0.188976 -0.80315 
vn 0.566929 -0.393701 0.724409 
vn 0.582677 -0.338583 0.740157 
vn 0.566929 -0.393701 0.724409 
vn 0.582677 -0.338583 0.740157 
vn 0.582677 -0.503937 0.629921 
vn 0.582677 -0.503937 0.637795 
vn 0.614173 -0.637795 0.464567 
vn 0.614173 -0.637795 0.464567 
vn 0.629921 -0.740157 0.228346 
vn 0.629921 -0.740157 0.23622 
vn 0.637795 -0.771654 0.00787402 
vn 0.637795 -0.771654 0 
vn 0.637795 -0.724409 -0.251969 
vn 0.637795 -0.724409 -0.251969 
vn 0.629921 -0.622047 -0.464567 
vn 0.629921 -0.622047 -0.472441 
vn 0.598425 -0.503937 -0.622047 
vn 0.598425 -0.496063 -0.622047 
vn 0.582677 -0.409449 -0.700787 
vn 0.574803 -0.409449 -0.700787 
vn 0.582677 -0.393701 -0.708661 
vn 0.582677 -0.393701 -0.708661 
vn 0.582677 0.755906 0.291339 
vn 0.598425 0.590551 0.543307 
vn 0.582677 0.755906 0.291339 
vn 0.598425 0.582677 0.543307 
vn 0.582677 0.811024 0 
vn 0.622047 0.314961 0.716535 
vn 0.582677 0.811024 0 
vn 0.622047 0.314961 0.716535 
vn 0.622047 0.15748 0.76378 
vn 0.622047 0.15748 0.76378 
vn 0.582677 0.755906 -0.299213 
vn 0.582677 0.755906 -0.299213 
vn 0.590551 0.582677 -0.551181 
vn 0.590551 0.582677 -0.559055 
vn 0.614173 0.322835 -0.724409 
vn 0.614173 0.330709 -0.716535 
vn 0.622047 0.181102 -0.76378 
vn 0.622047 0.181102 -0.76378 
vn 0 0.937008 0.354331 
vn 0 0.937008 0.354331 
vn 0 0.740157 0.677165 
vn 0 1 0 
vn 0 0.740157 0.677165 
vn 0 1 0 
vn 0 0.409449 0.913386 
vn 0 0.929134 -0.362205 
vn 0 0.409449 0.913386 
vn 0 0.212598 0.976378 
vn 0 0.212598 0.976378 
vn 0 0.929134 -0.362205 
vn 0 0.724409 -0.692913 
vn 0 0.724409 -0.692913 
vn 0 0.417323 -0.905512 
vn 0 0.417323 -0.905512 
vn 0 0.23622 -0.968504 
vn 0 0.23622 -0.968504 
vn 0 -0.409449 -0.913386 
vn 0 -0.417323 -0.913386 
vn 0 -0.409449 -0.913386 
vn 0 -0.417323 -0.913386 
vn 0 -0.543307 -0.84252 
vn 0 -0.543307 -0.84252 
vn 0 -0.755906 -0.661417 
vn 0 -0.755906 -0.661417 
vn 0 -0.929134 -0.377953 
vn 0 -0.929134 -0.377953 
vn 0 -1 -0.00787402 
vn 0 -1 -0.00787402 
vn 0 -0.937008 0.346457 
vn 0 -0.937008 0.346457 
vn 0 -0.76378 0.645669 
vn 0 -0.76378 0.645669 
vn 0 -0.543307 0.84252 
vn 0 -0.543307 0.84252 
vn 0 -0.385827 0.92126 
vn 0 -0.385827 0.92126 
vn 0 -0.322835 0.944882 
vn 0 -0.322835 0.944882 
vn -0.519685 0.527559 -0.669291 
vn -0.519685 0.527559 -0.669291 
vn -0.519685 0.527559 -0.669291 
vn -0.519685 0.527559 -0.669291 
vn -0.511811 0.527559 0.677165 
vn -0.511811 0.527559 0.677165 
vn -0.511811 0.527559 0.677165 
vn -0.511811 0.527559 0.677165 
vn -0.574803 -0.401575 -0.716535 
vn -0.574803 -0.417323 -0.708661 
vn -0.574803 -0.401575 -0.716535 
vn -0.574803 -0.409449 -0.708661 
vn -0.598425 -0.503937 -0.622047 
vn -0.598425 -0.503937 -0.622047 
vn -0.622047 -0.622047 -0.472441 
vn -0.622047 -0.622047 -0.472441 
vn -0.637795 -0.732283 -0.251969 
vn -0.637795 -0.732283 -0.251969 
vn -0.629921 -0.779528 0.00787402 
vn -0.629921 -0.779528 0 
vn -0.629921 -0.740157 0.23622 
vn -0.629921 -0.740157 0.228346 
vn -0.606299 -0.645669 0.464567 
vn -0.606299 -0.645669 0.464567 
vn -0.582677 -0.503937 0.637795 
vn -0.582677 -0.503937 0.637795 
vn -0.559055 -0.393701 0.724409 
vn -0.559055 -0.401575 0.724409 
vn -0.574803 -0.338583 0.748031 
vn -0.574803 -0.338583 0.748031 
vn 0.448819 0.724409 -0.527559 
vn 0.448819 0.724409 -0.527559 
vn 0.448819 0.724409 -0.527559 
vn 0.448819 0.724409 -0.527559 
vn 0.448819 0.716535 0.535433 
vn 0.448819 0.716535 0.535433 
vn 0.448819 0.716535 0.535433 
vn 0.448819 0.716535 0.535433 
vn 0 0.637795 -0.771654 
vn 0 0.637795 -0.771654 
vn 0 0.637795 -0.771654 
vn 0 0.637795 -0.771654 
vn 0 0.629921 0.779528 
vn 0 0.629921 0.779528 
vn 0 0.629921 0.779528 
vn 0 0.629921 0.779528 
vn 0.80315 0.590551 0 
vn 0.80315 0.590551 0 
vn 0.80315 0.590551 0 
vn 0.80315 0.590551 0 
vn 0.80315 0.590551 0 
vn 0.80315 0.590551 0 
vn 0.80315 0.590551 0 
vn -0.629921 0 -0.779528 
vn -0.629921 0 -0.779528 
vn -0.629921 0 -0.779528 
vn -0.629921 0 -0.779528 
vn -0.629921 0 -0.779528 
vn -0.629921 0 -0.779528 
vn -0.629921 0 -0.779528 
vn -0.629921 0 -0.779528 
vn -0.614173 0 0.787402 
vn -0.614173 0 0.787402 
vn -0.614173 0 0.787402 
vn -0.614173 0 0.787402 
vn -0.614173 0 0.787402 
vn -0.614173 0 0.787402 
vn -0.614173 0 0.787402 
vn -0.614173 0 0.787402 
vn 0.645669 0 -0.76378 
vn 0.645669 0 -0.76378 
vn 0.645669 0 -0.76378 
vn 0.645669 0 -0.76378 
vn 0.645669 0 -0.76378 
vn 0.645669 0 -0.76378 
vn 0.645669 0 -0.76378 
vn 0.645669 0 -0.76378 
vn 0.645669 0 -0.76378 
vn 0.645669 0 -0.76378 
vn 0.645669 0 -0.76378 
vn 0.645669 0 -0.76378 
vn 0.645669 0 -0.76378 
vn 0.645669 0 -0.76378 
vn 0.645669 0 -0.76378 
vn 0.645669 0 -0.76378 
vn 0.637795 0 0.771654 
vn 0.637795 0 0.771654 
vn 0.637795 0 0.771654 
vn 0.637795 0 0.771654 
vn 0.637795 0 0.771654 
vn 0.637795 0 0.771654 
vn 0.637795 0 0.771654 
vn 0.637795 0 0.771654 
vn 0.637795 0 0.771654 
vn 0.637795 0 0.771654 
vn 0.637795 0 0.771654 
vn 0.637795 0 0.771654 
vn 0.637795 0 0.771654 
vn 0.637795 0 0.771654 
vn 0.637795 0 0.771654 
vn 0.637795 0 0.771654 
vn -0.637795 0 -0.771654 
vn -0.637795 0 -0.771654 
vn -0.637795 0 -0.771654 
vn -0.637795 0 -0.771654 
vn -0.629921 0 0.779528 
vn -0.629921 0 0.779528 
vn -0.629921 0 0.779528 
vn -0.629921 0 0.779528 
vn -0.496063 -0.598425 0.629921 
vn -0.496063 -0.598425 0.629921 
vn -0.496063 -0.598425 0.629921 
vn -0.496063 -0.598425 0.629921 
vn -0.503937 -0.606299 -0.614173 
vn -0.503937 -0.606299 -0.614173 
vn -0.503937 -0.606299 -0.614173 
vn -0.503937 -0.606299 -0.614173 
vn 0.984252 -0.181102 0 
vn 0.976378 -0.204724 0 
vn 0.984252 -0.181102 0 
vn 0.976378 -0.204724 0 
vn 0.984252 -0.165354 0 
vn 0.984252 -0.165354 0 
vn 0.992126 -0.141732 0 
vn 0.992126 -0.141732 0 
vn 0.984252 -0.165354 0.00787402 
vn 0.984252 -0.165354 0.00787402 
vn 0.984252 -0.165354 0.00787402 
vn 0 0 -1 
vn 0 0 -1 
vn 0 0 -1 
vn 0 0 -1 
vn 0 0 -1 
vn 0 0 -1 
vn 0 0 -1 
vn 0 0 -1 
vn 0 0 -1 
vn 0 0 -1 
vn 0 0 -1 
vn 0 0 -1 
vn 0 0 -1 
vn 0 0 -1 
vn 0 0 1 
vn 0 0 1 
vn 0 0 1 
vn 0 0 1 
vn 0 0 1 
vn 0 0 1 
vn 0 0 1 
vn 0 0 1 
vn 0 0 1 
vn 0 0 1 
vn 0 0 1 
vn 0 0 1 
vn 0 0 1 
vn 0 0 1 
vn 0 0 1 
vn 0 0 1 
vn -0.984252 -0.181102 0 
vn -0.976378 -0.212598 0 
vn -0.976378 -0.212598 0 
vn -0.984252 -0.181102 0 
vn -0.984252 -0.165354 0 
vn -0.984252 -0.165354 0 
vn -0.992126 -0.141732 0 
vn -0.992126 -0.141732 0 
vn -0.984252 -0.165354 0.00787402 
vn -0.984252 -0.165354 0.00787402 
vn -0.984252 -0.165354 0.00787402 
vn -1 0 0 
vn -1 0 0 
vn -1 0 0 
vn -1 0 0 
vn -1 0 0 
vn -1 0 0 
vn -1 0 0 
vn -1 0 0 
vn -1 0 0 
vn -1 0 0 
vn -1 0 0 
vn -1 0 0 
vn -1 0 0 
vn -1 0 0 
vn -1 0 0 
vn -1 0 0 
vn -1 0 0 
vn -1 0 0 
vn -1 0 0 
vn -1 0 0 
vn -1 0 0 
vn -1 0 0 
vn -1 0 0 
vn -1 0 0 
vn -1 0 0 
vn 1 0 0 
vn 1 0 0 
vn 1 0 0 
vn 1 0 0 
vn 1 0 0 
vn 1 0 0 
vn 1 0 0 
vn 1 0 0 
vn 1 0 0 
vn 1 0 0 
vn 1 0 0 
vn 1 0 0 
vn 1 0 0 
vn 1 0 0 
vn 1 0 0 
vn 1 0 0 
vn 1 0 0 
vn 1 0 0 
vn 1 0 0 
vn 1 0 0 
vn 1 0 0 
vn 1 0 0 
vn 1 0 0 
vn 1 0 0 
vn 1 0 0 
vn 1 0 0 
vn -1 0 0 
vn -1 0 0 
vn -1 0 0 
vn -1 0 0 
vn -0.637795 -0.771654 0 
vn -0.637795 -0.771654 0 
vn -0.637795 -0.771654 0 
vn -0.637795 -0.771654 0 

vt 0.740557 0.468911 
vt 0.731905 0.468911 
vt 0.740285 0.46594 
vt 0.731905 0.46594 
vt 0.748968 0.46594 
vt 0.72411 0.46594 
vt 0.749092 0.468911 
vt 0.72411 0.468911 
vt 0.71644 0.46594 
vt 0.71644 0.468911 
vt 0.757192 0.468911 
vt 0.75741 0.46594 
vt 0.765183 0.468911 
vt 0.765183 0.46594 
vt 0.773082 0.46594 
vt 0.773082 0.468911 
vt 0.781173 0.46594 
vt 0.781173 0.468911 
vt 0.79105 0.396024 
vt 0.790024 0.391171 
vt 0.7924 0.394466 
vt 0.788434 0.392939 
vt 0.79105 0.397576 
vt 0.7924 0.396228 
vt 0.7924 0.401146 
vt 0.79105 0.402288 
vt 0.7924 0.409519 
vt 0.79105 0.410044 
vt 0.7924 0.419593 
vt 0.79105 0.419569 
vt 0.79105 0.427909 
vt 0.792401 0.428534 
vt 0.79105 0.43531 
vt 0.792401 0.436546 
vt 0.79105 0.43998 
vt 0.792401 0.441398 
vt 0.792401 0.443356 
vt 0.79105 0.441752 
vt 0.790026 0.446655 
vt 0.788434 0.444834 
vt 0.739977 0.415284 
vt 0.731905 0.412486 
vt 0.740143 0.412486 
vt 0.731905 0.415284 
vt 0.748263 0.415284 
vt 0.72411 0.415284 
vt 0.748144 0.412486 
vt 0.72411 0.412486 
vt 0.71644 0.415284 
vt 0.71644 0.412486 
vt 0.756476 0.412486 
vt 0.756745 0.415284 
vt 0.765183 0.412486 
vt 0.765183 0.415284 
vt 0.773082 0.415284 
vt 0.773082 0.412486 
vt 0.781173 0.415284 
vt 0.781173 0.412486 
vt 0.739977 0.415284 
vt 0.740285 0.46594 
vt 0.731905 0.46594 
vt 0.748968 0.46594 
vt 0.731905 0.415284 
vt 0.748263 0.415284 
vt 0.72411 0.415284 
vt 0.75741 0.46594 
vt 0.72411 0.46594 
vt 0.71644 0.46594 
vt 0.71644 0.415284 
vt 0.756745 0.415284 
vt 0.765183 0.46594 
vt 0.765183 0.415284 
vt 0.773082 0.415284 
vt 0.773082 0.46594 
vt 0.781173 0.46594 
vt 0.781173 0.415284 
vt 0.790026 0.446655 
vt 0.819039 0.443356 
vt 0.821412 0.446655 
vt 0.792401 0.443356 
vt 0.792401 0.441398 
vt 0.819039 0.441398 
vt 0.792401 0.436546 
vt 0.819039 0.436546 
vt 0.792401 0.428534 
vt 0.819039 0.428534 
vt 0.7924 0.419593 
vt 0.819039 0.419593 
vt 0.819039 0.409519 
vt 0.7924 0.409519 
vt 0.819039 0.401146 
vt 0.7924 0.401146 
vt 0.819039 0.396228 
vt 0.7924 0.396228 
vt 0.819039 0.394466 
vt 0.7924 0.394466 
vt 0.790024 0.391171 
vt 0.821412 0.391171 
vt 0.781173 0.46594 
vt 0.783366 0.46594 
vt 0.781173 0.468911 
vt 0.783366 0.468911 
vt 0.714252 0.46594 
vt 0.71644 0.468911 
vt 0.714252 0.468911 
vt 0.71644 0.46594 
vt 0.821412 0.446655 
vt 0.820407 0.441752 
vt 0.823024 0.444834 
vt 0.819039 0.443356 
vt 0.820407 0.43998 
vt 0.819039 0.441398 
vt 0.819039 0.436546 
vt 0.820407 0.43531 
vt 0.819039 0.428534 
vt 0.820407 0.427909 
vt 0.819039 0.419593 
vt 0.820407 0.419569 
vt 0.820407 0.410043 
vt 0.819039 0.409519 
vt 0.820407 0.402286 
vt 0.819039 0.401146 
vt 0.820407 0.397573 
vt 0.819039 0.396228 
vt 0.819039 0.394466 
vt 0.820407 0.39602 
vt 0.821412 0.391171 
vt 0.823024 0.392934 
vt 0.781173 0.412486 
vt 0.783366 0.415284 
vt 0.781173 0.415284 
vt 0.783366 0.412486 
vt 0.71644 0.412486 
vt 0.714252 0.415284 
vt 0.714252 0.412486 
vt 0.71644 0.415284 
vt 0.783366 0.415284 
vt 0.783366 0.46594 
vt 0.781173 0.415284 
vt 0.781173 0.46594 
vt 0.714252 0.46594 
vt 0.71644 0.415284 
vt 0.71644 0.46594 
vt 0.714252 0.415284 
vt 0.748082 0.386886 
vt 0.769583 0.383932 
vt 0.768299 0.386886 
vt 0.726251 0.383932 
vt 0.748082 0.386886 
vt 0.727629 0.386886 
vt 0.726251 0.383932 
vt 0.850701 0.356713 
vt 0.85437 0.319644 
vt 0.85437 0.356713 
vt 0.850701 0.319644 
vt 0.85437 0.38256 
vt 0.850701 0.356713 
vt 0.85437 0.356713 
vt 0.850701 0.38256 
vt 0.927097 0.319644 
vt 0.927097 0.356713 
vt 0.923492 0.319644 
vt 0.923492 0.356713 
vt 0.927097 0.356713 
vt 0.927097 0.38256 
vt 0.923492 0.356713 
vt 0.923492 0.38256 
vt 0.788692 0.319644 
vt 0.784492 0.319644 
vt 0.784492 0.31285 
vt 0.788692 0.31285 
vt 0.784492 0.356713 
vt 0.784492 0.319644 
vt 0.788692 0.356713 
vt 0.788692 0.319644 
vt 0.788692 0.356713 
vt 0.788692 0.38256 
vt 0.784492 0.38256 
vt 0.784492 0.356713 
vt 0.784492 0.270524 
vt 0.788692 0.31285 
vt 0.784492 0.31285 
vt 0.788692 0.270524 
vt 0.992565 0.312851 
vt 0.989231 0.319644 
vt 0.989231 0.312851 
vt 0.992565 0.319644 
vt 0.992565 0.356713 
vt 0.989231 0.319644 
vt 0.992565 0.319644 
vt 0.989231 0.356713 
vt 0.992565 0.356713 
vt 0.989231 0.38256 
vt 0.989231 0.356713 
vt 0.992565 0.38256 
vt 0.992565 0.270524 
vt 0.989231 0.312851 
vt 0.989231 0.270524 
vt 0.992565 0.312851 
vt 0.850701 0.313715 
vt 0.85437 0.270586 
vt 0.85437 0.313219 
vt 0.850701 0.270669 
vt 0.927097 0.270524 
vt 0.927097 0.312851 
vt 0.923492 0.270524 
vt 0.923492 0.312851 
vt 0.927097 0.319644 
vt 0.923492 0.312851 
vt 0.927097 0.312851 
vt 0.923492 0.319644 
vt 0.85437 0.313219 
vt 0.85437 0.319644 
vt 0.850701 0.319644 
vt 0.850701 0.313715 
vt 0.79105 0.441752 
vt 0.788434 0.392939 
vt 0.79105 0.396024 
vt 0.788434 0.444834 
vt 0.79105 0.43998 
vt 0.79105 0.397576 
vt 0.79105 0.43531 
vt 0.79105 0.402288 
vt 0.79105 0.419569 
vt 0.79105 0.427909 
vt 0.79105 0.410044 
vt 0.788692 0.319644 
vt 0.850701 0.356713 
vt 0.788692 0.356713 
vt 0.850701 0.319644 
vt 0.850701 0.313715 
vt 0.788692 0.31285 
vt 0.850701 0.38256 
vt 0.788692 0.38256 
vt 0.788692 0.356713 
vt 0.850701 0.356713 
vt 0.788692 0.31285 
vt 0.850701 0.270669 
vt 0.850701 0.313715 
vt 0.788692 0.270524 
vt 0.989231 0.319644 
vt 0.927097 0.312851 
vt 0.989231 0.312851 
vt 0.927097 0.319644 
vt 0.989231 0.356713 
vt 0.927097 0.319644 
vt 0.989231 0.319644 
vt 0.927097 0.356713 
vt 0.989231 0.38256 
vt 0.927097 0.356713 
vt 0.989231 0.356713 
vt 0.927097 0.38256 
vt 0.989231 0.270524 
vt 0.927097 0.312851 
vt 0.927097 0.270524 
vt 0.989231 0.312851 
vt 0.820407 0.441752 
vt 0.823024 0.392934 
vt 0.823024 0.444834 
vt 0.820407 0.39602 
vt 0.820407 0.43998 
vt 0.820407 0.397573 
vt 0.820407 0.43531 
vt 0.820407 0.402286 
vt 0.820407 0.419569 
vt 0.820407 0.410043 
vt 0.820407 0.427909 
vt 0.85437 0.356713 
vt 0.923478 0.38256 
vt 0.85437 0.38256 
vt 0.92348 0.356713 
vt 0.85437 0.319644 
vt 0.92348 0.356713 
vt 0.85437 0.356713 
vt 0.923479 0.319644 
vt 0.770662 0.495618 
vt 0.748851 0.493401 
vt 0.769302 0.493401 
vt 0.72702 0.495618 
vt 0.740557 0.468911 
vt 0.748851 0.493401 
vt 0.733597 0.475417 
vt 0.729489 0.483842 
vt 0.728327 0.493401 
vt 0.749092 0.468911 
vt 0.757192 0.468911 
vt 0.763546 0.475024 
vt 0.767795 0.483422 
vt 0.769302 0.493401 
vt 0.72702 0.495618 
vt 0.728327 0.493401 
vt 0.748851 0.493401 
vt 0.784492 0.319644 
vt 0.714567 0.356713 
vt 0.714567 0.319644 
vt 0.784492 0.356713 
vt 0.784492 0.319644 
vt 0.714567 0.312851 
vt 0.784492 0.31285 
vt 0.714567 0.319644 
vt 0.714567 0.356713 
vt 0.784492 0.356713 
vt 0.784492 0.38256 
vt 0.714567 0.38256 
vt 0.784492 0.270524 
vt 0.714567 0.312851 
vt 0.714567 0.270524 
vt 0.784492 0.31285 
vt 0.733321 0.406583 
vt 0.748082 0.386886 
vt 0.740143 0.412486 
vt 0.748144 0.412486 
vt 0.728964 0.398257 
vt 0.727629 0.386886 
vt 0.756476 0.412486 
vt 0.762967 0.405622 
vt 0.767024 0.397141 
vt 0.768299 0.386886 
vt 0.85437 0.31285 
vt 0.923475 0.270524 
vt 0.923475 0.31285 
vt 0.85437 0.270524 
vt 0.923475 0.31285 
vt 0.85437 0.319644 
vt 0.85437 0.31285 
vt 0.923479 0.319644 

usemtl Rig1Mtl

f 1719/1719/1719 1720/1720/1720 1721/1721/1721 
f 1721/1721/1721 1720/1720/1720 1722/1722/1722 
f 1723/1723/1723 1719/1719/1719 1721/1721/1721 
f 1720/1720/1720 1724/1724/1724 1722/1722/1722 
f 1719/1719/1719 1723/1723/1723 1725/1725/1725 
f 1724/1724/1724 1720/1720/1720 1726/1726/1726 
f 1727/1727/1727 1724/1724/1724 1726/1726/1726 
f 1726/1726/1726 1728/1728/1728 1727/1727/1727 
f 1723/1723/1723 1729/1729/1729 1725/1725/1725 
f 1729/1729/1729 1723/1723/1723 1730/1730/1730 
f 1730/1730/1730 1731/1731/1731 1729/1729/1729 
f 1731/1731/1731 1730/1730/1730 1732/1732/1732 
f 1732/1732/1732 1733/1733/1733 1731/1731/1731 
f 1731/1731/1731 1733/1733/1733 1734/1734/1734 
f 1735/1735/1735 1734/1734/1734 1733/1733/1733 
f 1734/1734/1734 1735/1735/1735 1736/1736/1736 
f 1737/1737/1737 1738/1738/1738 1739/1739/1739 
f 1738/1738/1738 1737/1737/1737 1740/1740/1740 
f 1739/1739/1739 1741/1741/1741 1737/1737/1737 
f 1741/1741/1741 1739/1739/1739 1742/1742/1742 
f 1743/1743/1743 1741/1741/1741 1742/1742/1742 
f 1741/1741/1741 1743/1743/1743 1744/1744/1744 
f 1745/1745/1745 1744/1744/1744 1743/1743/1743 
f 1746/1746/1746 1744/1744/1744 1745/1745/1745 
f 1747/1747/1747 1746/1746/1746 1745/1745/1745 
f 1746/1746/1746 1747/1747/1747 1748/1748/1748 
f 1747/1747/1747 1749/1749/1749 1748/1748/1748 
f 1749/1749/1749 1747/1747/1747 1750/1750/1750 
f 1751/1751/1751 1749/1749/1749 1750/1750/1750 
f 1750/1750/1750 1752/1752/1752 1751/1751/1751 
f 1752/1752/1752 1753/1753/1753 1751/1751/1751 
f 1753/1753/1753 1752/1752/1752 1754/1754/1754 
f 1755/1755/1755 1753/1753/1753 1754/1754/1754 
f 1753/1753/1753 1755/1755/1755 1756/1756/1756 
f 1757/1757/1757 1756/1756/1756 1755/1755/1755 
f 1758/1758/1758 1756/1756/1756 1757/1757/1757 
f 1759/1759/1759 1760/1760/1760 1761/1761/1761 
f 1759/1759/1759 1762/1762/1762 1760/1760/1760 
f 1761/1761/1761 1763/1763/1763 1759/1759/1759 
f 1764/1764/1764 1760/1760/1760 1762/1762/1762 
f 1763/1763/1763 1761/1761/1761 1765/1765/1765 
f 1766/1766/1766 1760/1760/1760 1764/1764/1764 
f 1767/1767/1767 1766/1766/1766 1764/1764/1764 
f 1768/1768/1768 1766/1766/1766 1767/1767/1767 
f 1769/1769/1769 1763/1763/1763 1765/1765/1765 
f 1770/1770/1770 1763/1763/1763 1769/1769/1769 
f 1771/1771/1771 1770/1770/1770 1769/1769/1769 
f 1772/1772/1772 1770/1770/1770 1771/1771/1771 
f 1771/1771/1771 1773/1773/1773 1772/1772/1772 
f 1773/1773/1773 1771/1771/1771 1774/1774/1774 
f 1774/1774/1774 1775/1775/1775 1773/1773/1773 
f 1775/1775/1775 1774/1774/1774 1776/1776/1776 
f 1777/1777/1777 1778/1778/1778 1779/1779/1779 
f 1777/1777/1777 1780/1780/1780 1778/1778/1778 
f 1777/1777/1777 1779/1779/1779 1781/1781/1781 
f 1780/1780/1780 1777/1777/1777 1782/1782/1782 
f 1779/1779/1779 1783/1783/1783 1781/1781/1781 
f 1780/1780/1780 1782/1782/1782 1784/1784/1784 
f 1783/1783/1783 1779/1779/1779 1785/1785/1785 
f 1786/1786/1786 1783/1783/1783 1785/1785/1785 
f 1783/1783/1783 1786/1786/1786 1787/1787/1787 
f 1788/1788/1788 1784/1784/1784 1782/1782/1782 
f 1784/1784/1784 1788/1788/1788 1789/1789/1789 
f 1790/1790/1790 1789/1789/1789 1788/1788/1788 
f 1789/1789/1789 1790/1790/1790 1791/1791/1791 
f 1789/1789/1789 1791/1791/1791 1792/1792/1792 
f 1791/1791/1791 1793/1793/1793 1792/1792/1792 
f 1793/1793/1793 1791/1791/1791 1794/1794/1794 
f 1795/1795/1795 1796/1796/1796 1797/1797/1797 
f 1796/1796/1796 1795/1795/1795 1798/1798/1798 
f 1799/1799/1799 1796/1796/1796 1798/1798/1798 
f 1796/1796/1796 1799/1799/1799 1800/1800/1800 
f 1800/1800/1800 1799/1799/1799 1801/1801/1801 
f 1800/1800/1800 1801/1801/1801 1802/1802/1802 
f 1802/1802/1802 1801/1801/1801 1803/1803/1803 
f 1802/1802/1802 1803/1803/1803 1804/1804/1804 
f 1804/1804/1804 1803/1803/1803 1805/1805/1805 
f 1804/1804/1804 1805/1805/1805 1806/1806/1806 
f 1805/1805/1805 1807/1807/1807 1806/1806/1806 
f 1807/1807/1807 1805/1805/1805 1808/1808/1808 
f 1808/1808/1808 1809/1809/1809 1807/1807/1807 
f 1809/1809/1809 1808/1808/1808 1810/1810/1810 
f 1810/1810/1810 1811/1811/1811 1809/1809/1809 
f 1811/1811/1811 1810/1810/1810 1812/1812/1812 
f 1811/1811/1811 1812/1812/1812 1813/1813/1813 
f 1814/1814/1814 1813/1813/1813 1812/1812/1812 
f 1813/1813/1813 1814/1814/1814 1815/1815/1815 
f 1813/1813/1813 1815/1815/1815 1816/1816/1816 
f 1817/1817/1817 1818/1818/1818 1819/1819/1819 
f 1819/1819/1819 1818/1818/1818 1820/1820/1820 
f 1821/1821/1821 1822/1822/1822 1823/1823/1823 
f 1822/1822/1822 1821/1821/1821 1824/1824/1824 
f 1825/1825/1825 1826/1826/1826 1827/1827/1827 
f 1826/1826/1826 1825/1825/1825 1828/1828/1828 
f 1828/1828/1828 1829/1829/1829 1826/1826/1826 
f 1829/1829/1829 1828/1828/1828 1830/1830/1830 
f 1831/1831/1831 1829/1829/1829 1830/1830/1830 
f 1829/1829/1829 1831/1831/1831 1832/1832/1832 
f 1831/1831/1831 1833/1833/1833 1832/1832/1832 
f 1834/1834/1834 1832/1832/1832 1833/1833/1833 
f 1835/1835/1835 1834/1834/1834 1833/1833/1833 
f 1834/1834/1834 1835/1835/1835 1836/1836/1836 
f 1835/1835/1835 1837/1837/1837 1836/1836/1836 
f 1837/1837/1837 1835/1835/1835 1838/1838/1838 
f 1838/1838/1838 1839/1839/1839 1837/1837/1837 
f 1838/1838/1838 1840/1840/1840 1839/1839/1839 
f 1840/1840/1840 1841/1841/1841 1839/1839/1839 
f 1841/1841/1841 1840/1840/1840 1842/1842/1842 
f 1843/1843/1843 1841/1841/1841 1842/1842/1842 
f 1841/1841/1841 1843/1843/1843 1844/1844/1844 
f 1844/1844/1844 1843/1843/1843 1845/1845/1845 
f 1845/1845/1845 1846/1846/1846 1844/1844/1844 
f 1847/1847/1847 1848/1848/1848 1849/1849/1849 
f 1848/1848/1848 1847/1847/1847 1850/1850/1850 
f 1851/1851/1851 1852/1852/1852 1853/1853/1853 
f 1852/1852/1852 1851/1851/1851 1854/1854/1854 
f 1855/1855/1855 1856/1856/1856 1857/1857/1857 
f 1858/1858/1858 1857/1857/1857 1856/1856/1856 
f 1859/1859/1859 1860/1860/1860 1861/1861/1861 
f 1860/1860/1860 1859/1859/1859 1862/1862/1862 
f 1863/1863/1863 1864/1864/1864 1865/1865/1865 
f 1866/1866/1866 1864/1864/1864 1863/1863/1863 
f 1867/1867/1867 1868/1868/1868 1869/1869/1869 
f 1870/1870/1870 1871/1871/1871 1872/1872/1872 
f 1871/1871/1871 1870/1870/1870 1873/1873/1873 
f 1874/1874/1874 1875/1875/1875 1876/1876/1876 
f 1875/1875/1875 1874/1874/1874 1877/1877/1877 
f 1878/1878/1878 1879/1879/1879 1880/1880/1880 
f 1880/1880/1880 1879/1879/1879 1881/1881/1881 
f 1882/1882/1882 1883/1883/1883 1884/1884/1884 
f 1884/1884/1884 1883/1883/1883 1885/1885/1885 
f 1886/1886/1886 1887/1887/1887 1888/1888/1888 
f 1886/1886/1886 1888/1888/1888 1889/1889/1889 
f 1890/1890/1890 1891/1891/1891 1892/1892/1892 
f 1892/1892/1892 1891/1891/1891 1893/1893/1893 
f 1894/1894/1894 1895/1895/1895 1896/1896/1896 
f 1896/1896/1896 1897/1897/1897 1894/1894/1894 
f 1898/1898/1898 1899/1899/1899 1900/1900/1900 
f 1899/1899/1899 1898/1898/1898 1901/1901/1901 
f 1902/1902/1902 1903/1903/1903 1904/1904/1904 
f 1903/1903/1903 1902/1902/1902 1905/1905/1905 
f 1906/1906/1906 1907/1907/1907 1908/1908/1908 
f 1907/1907/1907 1906/1906/1906 1909/1909/1909 
f 1910/1910/1910 1911/1911/1911 1912/1912/1912 
f 1911/1911/1911 1910/1910/1910 1913/1913/1913 
f 1914/1914/1914 1915/1915/1915 1916/1916/1916 
f 1915/1915/1915 1914/1914/1914 1917/1917/1917 
f 1918/1918/1918 1919/1919/1919 1920/1920/1920 
f 1919/1919/1919 1918/1918/1918 1921/1921/1921 
f 1922/1922/1922 1923/1923/1923 1924/1924/1924 
f 1924/1924/1924 1923/1923/1923 1925/1925/1925 
f 1926/1926/1926 1927/1927/1927 1928/1928/1928 
f 1927/1927/1927 1926/1926/1926 1929/1929/1929 
f 1930/1930/1930 1931/1931/1931 1932/1932/1932 
f 1930/1930/1930 1932/1932/1932 1933/1933/1933 
f 1934/1934/1934 1935/1935/1935 1936/1936/1936 
f 1935/1935/1935 1934/1934/1934 1937/1937/1937 
f 1934/1934/1934 1936/1936/1936 1938/1938/1938 
f 1938/1938/1938 1936/1936/1936 1939/1939/1939 
f 1938/1938/1938 1939/1939/1939 1940/1940/1940 
f 1940/1940/1940 1939/1939/1939 1941/1941/1941 
f 1941/1941/1941 1942/1942/1942 1940/1940/1940 
f 1940/1940/1940 1942/1942/1942 1943/1943/1943 
f 1942/1942/1942 1941/1941/1941 1944/1944/1944 
f 1945/1945/1945 1946/1946/1946 1947/1947/1947 
f 1946/1946/1946 1945/1945/1945 1948/1948/1948 
f 1948/1948/1948 1945/1945/1945 1949/1949/1949 
f 1949/1949/1949 1945/1945/1945 1950/1950/1950 
f 1951/1951/1951 1952/1952/1952 1953/1953/1953 
f 1951/1951/1951 1953/1953/1953 1954/1954/1954 
f 1955/1955/1955 1956/1956/1956 1957/1957/1957 
f 1956/1956/1956 1955/1955/1955 1958/1958/1958 
f 1959/1959/1959 1960/1960/1960 1961/1961/1961 
f 1960/1960/1960 1959/1959/1959 1962/1962/1962 
f 1963/1963/1963 1964/1964/1964 1965/1965/1965 
f 1964/1964/1964 1963/1963/1963 1966/1966/1966 
f 1967/1967/1967 1968/1968/1968 1969/1969/1969 
f 1968/1968/1968 1967/1967/1967 1970/1970/1970 
f 1971/1971/1971 1972/1972/1972 1973/1973/1973 
f 1972/1972/1972 1971/1971/1971 1974/1974/1974 
f 1975/1975/1975 1976/1976/1976 1977/1977/1977 
f 1976/1976/1976 1975/1975/1975 1978/1978/1978 
f 1979/1979/1979 1978/1978/1978 1975/1975/1975 
f 1978/1978/1978 1979/1979/1979 1980/1980/1980 
f 1980/1980/1980 1979/1979/1979 1981/1981/1981 
f 1980/1980/1980 1981/1981/1981 1982/1982/1982 
f 1983/1983/1983 1982/1982/1982 1981/1981/1981 
f 1982/1982/1982 1983/1983/1983 1984/1984/1984 
f 1983/1983/1983 1981/1981/1981 1985/1985/1985 
f 1986/1986/1986 1987/1987/1987 1988/1988/1988 
f 1987/1987/1987 1986/1986/1986 1989/1989/1989 
f 1990/1990/1990 1991/1991/1991 1992/1992/1992 
f 1991/1991/1991 1990/1990/1990 1993/1993/1993 
f 1994/1994/1994 1995/1995/1995 1996/1996/1996 
f 1994/1994/1994 1997/1997/1997 1995/1995/1995 
f 1998/1998/1998 1999/1999/1999 2000/2000/2000 
f 2000/2000/2000 1999/1999/1999 2001/2001/2001 
f 2001/2001/2001 1999/1999/1999 2002/2002/2002 
f 2003/2003/2003 1999/1999/1999 1998/1998/1998 
f 2004/2004/2004 1999/1999/1999 2003/2003/2003 
f 2005/2005/2005 1999/1999/1999 2004/2004/2004 
f 2006/2006/2006 1999/1999/1999 2005/2005/2005 
f 2007/2007/2007 1999/1999/1999 2006/2006/2006 
f 2008/2008/2008 2009/2009/2009 2010/2010/2010 
f 2011/2011/2011 2012/2012/2012 2013/2013/2013 
f 2012/2012/2012 2011/2011/2011 2014/2014/2014 
f 2015/2015/2015 2016/2016/2016 2017/2017/2017 
f 2016/2016/2016 2015/2015/2015 2018/2018/2018 
f 2019/2019/2019 2020/2020/2020 2021/2021/2021 
f 2021/2021/2021 2022/2022/2022 2019/2019/2019 
f 2023/2023/2023 2024/2024/2024 2025/2025/2025 
f 2024/2024/2024 2023/2023/2023 2026/2026/2026 
f 2027/2027/2027 2028/2028/2028 2029/2029/2029 
f 2029/2029/2029 2028/2028/2028 2030/2030/2030 
f 2031/2031/2031 2028/2028/2028 2027/2027/2027 
f 2032/2032/2032 2028/2028/2028 2031/2031/2031 
f 2030/2030/2030 2028/2028/2028 2033/2033/2033 
f 2033/2033/2033 2028/2028/2028 2034/2034/2034 
f 2034/2034/2034 2028/2028/2028 2035/2035/2035 
f 2035/2035/2035 2028/2028/2028 2036/2036/2036 
f 2037/2037/2037 2038/2038/2038 2039/2039/2039 
f 2038/2038/2038 2037/2037/2037 2040/2040/2040 
f 2041/2041/2041 2042/2042/2042 2043/2043/2043 
f 2042/2042/2042 2041/2041/2041 2044/2044/2044 

g Rig4

v -0.780767 4.3537 0.810128 
v -0.747635 4.32018 0.810103 
v -0.747575 4.3537 0.837268 
v -0.0930068 4.3537 0.837269 
v -0.0929917 4.32018 0.81003 
v -0.0593778 4.3537 0.810135 
v -0.0929994 4.792 0.83727 
v -0.0930068 4.3537 0.837269 
v -0.0593778 4.3537 0.810135 
v -0.0593773 4.792 0.810135 
v -0.780767 4.3537 0.810128 
v -0.747587 4.792 0.837269 
v -0.780766 4.792 0.8101 
v -0.747575 4.3537 0.837268 
v -0.747575 4.3537 0.837268 
v -0.0929994 4.792 0.83727 
v -0.747587 4.792 0.837269 
v -0.0930068 4.3537 0.837269 
v -0.0929917 4.32018 0.81003 
v -0.747575 4.3537 0.837268 
v -0.747635 4.32018 0.810103 
v -0.0930068 4.3537 0.837269 
v -0.0929994 4.792 0.83727 
v -0.693589 4.93208 0.754377 
v -0.747587 4.792 0.837269 
v -0.146957 4.93208 0.754377 
v -0.654299 5.03757 0.679725 
v -0.186209 5.03757 0.679725 
v -0.627159 5.11658 0.556462 
v -0.213323 5.11658 0.556462 
v -0.620259 5.14024 0.418912 
v -0.220215 5.14024 0.418912 
v -0.213323 5.11781 0.263936 
v -0.627164 5.11781 0.263936 
v -0.186209 5.03841 0.135115 
v -0.654311 5.03841 0.135115 
v -0.146956 4.93245 0.0594513 
v -0.747568 4.32018 -0.0163259 
v -0.747635 4.32018 0.810103 
v -0.780766 4.3538 0.0116821 
v -0.780767 4.3537 0.810128 
v -0.0593774 4.3537 0.0116774 
v -0.0929917 4.32018 0.81003 
v -0.0930063 4.32018 -0.0163216 
v -0.0593778 4.3537 0.810135 
v -0.0593773 4.792 0.810135 
v -0.108488 4.92301 0.732556 
v -0.146957 4.93208 0.754377 
v -0.144061 5.02 0.660717 
v -0.186209 5.03757 0.679725 
v -0.213323 5.11658 0.556462 
v -0.170509 5.0955 0.546852 
v -0.220215 5.14024 0.418912 
v -0.178828 5.11567 0.418542 
v -0.170509 5.09667 0.271993 
v -0.213323 5.11781 0.263936 
v -0.144061 5.02122 0.152653 
v -0.186209 5.03841 0.135115 
v -0.146956 4.93245 0.0594513 
v -0.108488 4.92362 0.0801502 
v -0.092999 4.79127 -0.0163256 
v -0.0593769 4.79195 0.0116713 
v -0.108488 4.92301 0.732556 
v -0.108488 4.92362 0.0801502 
v -0.144061 5.02 0.660717 
v -0.144061 5.02122 0.152653 
v -0.178828 5.11567 0.418542 
v -0.170509 5.0955 0.546852 
v -0.170509 5.09667 0.271993 
v -0.716482 4.32018 -0.183305 
v -0.780754 4.3537 -0.110215 
v -0.747574 4.3537 -0.199126 
v -0.746511 4.32018 -0.0981849 
v -0.746511 4.32018 -0.0163219 
v -0.780766 4.3537 0.0116771 
v -0.669928 4.32018 -0.262714 
v -0.696136 4.3537 -0.283607 
v -0.638549 4.3537 -0.337359 
v -0.617809 4.32018 -0.313752 
v -0.569496 4.3537 -0.373993 
v -0.555312 4.32018 -0.347673 
v -0.494126 4.3537 -0.396202 
v -0.487099 4.32018 -0.3688 
v -0.420114 4.3537 -0.405733 
v -0.420114 4.32018 -0.377508 
v -0.353129 4.32018 -0.3688 
v -0.346101 4.3537 -0.396202 
v -0.284915 4.32018 -0.347673 
v -0.270731 4.3537 -0.373993 
v -0.222419 4.32018 -0.313752 
v -0.201678 4.3537 -0.337359 
v -0.1703 4.32018 -0.262714 
v -0.144091 4.3537 -0.283607 
v -0.0926532 4.3537 -0.199126 
v -0.123746 4.32018 -0.183305 
v -0.0594733 4.3537 -0.110215 
v -0.0937163 4.32018 -0.0981846 
v -0.0937163 4.32018 -0.0163216 
v -0.0594624 4.3537 0.0116774 
v -0.0593769 4.79195 0.0116713 
v -0.0593778 4.3537 0.810135 
v -0.0593774 4.3537 0.0116774 
v -0.0593773 4.792 0.810135 
v -0.780766 4.3538 0.0116821 
v -0.780766 4.792 0.8101 
v -0.780765 4.79195 0.0116906 
v -0.780767 4.3537 0.810128 
v -0.780754 4.39876 -0.0993298 
v -0.780754 4.3537 -0.110215 
v -0.780766 4.3537 0.0116771 
v -0.780754 4.43278 -0.0756689 
v -0.780754 4.46067 -0.0345508 
v -0.780766 4.46631 0.0116772 
v -0.0594733 4.39876 -0.0993295 
v -0.0594624 4.3537 0.0116774 
v -0.0594733 4.3537 -0.110215 
v -0.0594733 4.43278 -0.0756685 
v -0.0594733 4.46067 -0.0345505 
v -0.0594624 4.46631 0.0116775 
v -0.0930063 4.32018 -0.0163216 
v -0.0929917 4.32018 0.81003 
v -0.747568 4.32018 -0.0163259 
v -0.747635 4.32018 0.810103 
v -0.746511 4.32018 -0.0981849 
v -0.716482 4.32018 -0.183305 
v -0.420114 4.32018 -0.0163218 
v -0.746511 4.32018 -0.0163219 
v -0.669928 4.32018 -0.262714 
v -0.617809 4.32018 -0.313752 
v -0.555312 4.32018 -0.347673 
v -0.487099 4.32018 -0.3688 
v -0.420114 4.32018 -0.377508 
v -0.353129 4.32018 -0.3688 
v -0.284915 4.32018 -0.347673 
v -0.222419 4.32018 -0.313752 
v -0.1703 4.32018 -0.262714 
v -0.123746 4.32018 -0.183305 
v -0.0937163 4.32018 -0.0981846 
v -0.0937163 4.32018 -0.0163216 
v -0.747577 4.79127 -0.0163268 
v -0.780766 4.3538 0.0116821 
v -0.780765 4.79195 0.0116906 
v -0.747568 4.32018 -0.0163259 
v -0.092999 4.79127 -0.0163256 
v -0.0593774 4.3537 0.0116774 
v -0.0930063 4.32018 -0.0163216 
v -0.0593769 4.79195 0.0116713 
v -0.69361 4.93245 0.0594516 
v -0.747577 4.79127 -0.0163268 
v -0.69361 4.93245 0.0594516 
v -0.731687 4.92362 0.0801956 
v -0.780765 4.79195 0.0116906 
v -0.696115 5.02122 0.152684 
v -0.654311 5.03841 0.135115 
v -0.627164 5.11781 0.263936 
v -0.669666 5.09667 0.272007 
v -0.620259 5.14024 0.418912 
v -0.661347 5.11567 0.418542 
v -0.669666 5.0955 0.546852 
v -0.627159 5.11658 0.556462 
v -0.696115 5.02 0.660716 
v -0.654299 5.03757 0.679725 
v -0.731687 4.92301 0.732555 
v -0.693589 4.93208 0.754377 
v -0.780766 4.792 0.8101 
v -0.731687 4.92301 0.732555 
v -0.731687 4.92362 0.0801956 
v -0.696115 5.02 0.660716 
v -0.696115 5.02122 0.152684 
v -0.661347 5.11567 0.418542 
v -0.669666 5.09667 0.272007 
v -0.669666 5.0955 0.546852 
v -0.747574 4.4342 -0.183114 
v -0.747574 4.3537 -0.199126 
v -0.780754 4.3537 -0.110215 
v -0.780754 4.39876 -0.0993298 
v -0.696136 4.3537 -0.283607 
v -0.780754 4.43278 -0.0756689 
v -0.696136 4.46653 -0.261163 
v -0.638549 4.3537 -0.337359 
v -0.747574 4.50245 -0.137513 
v -0.780754 4.46067 -0.0345508 
v -0.696136 4.56219 -0.19725 
v -0.638549 4.48617 -0.310081 
v -0.569496 4.3537 -0.373993 
v -0.638549 4.59907 -0.235303 
v -0.569496 4.50112 -0.34467 
v -0.494126 4.3537 -0.396202 
v -0.747574 4.54805 -0.0692677 
v -0.747574 4.56406 0.0116663 
v -0.780766 4.46631 0.0116772 
v -0.696136 4.64854 0.0116664 
v -0.696136 4.6261 -0.101597 
v -0.638549 4.70059 0.0116664 
v -0.638549 4.67502 -0.122407 
v -0.569496 4.73893 0.0116665 
v -0.569496 4.70961 -0.136186 
v -0.494126 4.76091 0.0116666 
v -0.569496 4.6261 -0.261163 
v -0.494126 4.73206 -0.145348 
v -0.420114 4.77067 0.0116666 
v -0.494126 4.5101 -0.365463 
v -0.420114 4.3537 -0.405733 
v -0.494126 4.64137 -0.278121 
v -0.420114 4.51327 -0.373994 
v -0.346101 4.5101 -0.365463 
v -0.346101 4.3537 -0.396202 
v -0.420114 4.64854 -0.283606 
v -0.420114 4.73893 -0.148332 
v -0.346101 4.64137 -0.27812 
v -0.346101 4.73206 -0.145348 
v -0.346101 4.76091 0.0116666 
v -0.270731 4.6261 -0.261162 
v -0.270731 4.50112 -0.34467 
v -0.270731 4.3537 -0.373993 
v -0.270731 4.70961 -0.136186 
v -0.270731 4.73893 0.0116667 
v -0.201678 4.59907 -0.235302 
v -0.201678 4.48617 -0.31008 
v -0.201678 4.3537 -0.337359 
v -0.201678 4.67502 -0.122407 
v -0.201678 4.70059 0.0116666 
v -0.144091 4.46653 -0.261163 
v -0.144091 4.3537 -0.283607 
v -0.144091 4.56219 -0.197249 
v -0.144091 4.6261 -0.101596 
v -0.144091 4.64854 0.0116666 
v -0.0926533 4.4342 -0.183113 
v -0.0926532 4.3537 -0.199126 
v -0.0594733 4.3537 -0.110215 
v -0.0594733 4.39876 -0.0993295 
v -0.0594733 4.43278 -0.0756685 
v -0.0926533 4.54805 -0.0692674 
v -0.0926534 4.56406 0.0116666 
v -0.0926533 4.50245 -0.137512 
v -0.0594733 4.46067 -0.0345505 
v -0.0594624 4.46631 0.0116775 
v -0.092999 4.79127 -0.0163256 
v -0.747568 4.32018 -0.0163259 
v -0.747577 4.79127 -0.0163268 
v -0.0930063 4.32018 -0.0163216 

vn -0.535433 -0.527559 0.653543 
vn -0.535433 -0.527559 0.653543 
vn -0.535433 -0.527559 0.653543 
vn 0.527559 -0.535433 0.661417 
vn 0.527559 -0.535433 0.661417 
vn 0.527559 -0.535433 0.661417 
vn 0.629921 0 0.779528 
vn 0.629921 0 0.779528 
vn 0.629921 0 0.779528 
vn 0.629921 0 0.779528 
vn -0.629921 0 0.771654 
vn -0.629921 0 0.771654 
vn -0.629921 0 0.771654 
vn -0.629921 0 0.771654 
vn 0 0 1 
vn 0 0 1 
vn 0 0 1 
vn 0 0 1 
vn 0 -0.629921 0.779528 
vn 0 -0.629921 0.779528 
vn 0 -0.629921 0.779528 
vn 0 -0.629921 0.779528 
vn 0.173228 0.905512 0.393701 
vn 0 0.433071 0.905512 
vn -0.181102 0.905512 0.393701 
vn 0 0.433071 0.905512 
vn 0 0.724409 0.692913 
vn 0 0.724409 0.692913 
vn 0 0.929134 0.362205 
vn 0 0.929134 0.362205 
vn 0 1 0.015748 
vn 0 1 0.015748 
vn 0 0.937008 -0.338583 
vn 0 0.937008 -0.338583 
vn 0 0.732283 -0.685039 
vn 0 0.732283 -0.685039 
vn 0 0.417323 -0.905512 
vn -0.708661 -0.700787 0 
vn -0.708661 -0.700787 0 
vn -0.708661 -0.700787 0 
vn -0.708661 -0.700787 0 
vn 0.708661 -0.708661 0 
vn 0.708661 -0.708661 0 
vn 0.708661 -0.708661 0 
vn 0.708661 -0.708661 0 
vn 0.370079 0.905512 0.19685 
vn 0.653543 0.330709 0.685039 
vn 0.653543 0.322835 0.685039 
vn 0.653543 0.551181 0.519685 
vn 0.653543 0.543307 0.527559 
vn 0.645669 0.708661 0.275591 
vn 0.645669 0.716535 0.275591 
vn 0.637795 0.771654 0.00787402 
vn 0.637795 0.771654 0.00787402 
vn 0.637795 0.724409 -0.259843 
vn 0.637795 0.724409 -0.259843 
vn 0.637795 0.566929 -0.527559 
vn 0.637795 0.566929 -0.527559 
vn 0.629921 0.322835 -0.700787 
vn 0.629921 0.330709 -0.700787 
vn 0.181102 0.889764 -0.417323 
vn 0.377953 0.905512 -0.204724 
vn 1 0 0 
vn 1 0 0 
vn 1 0 0 
vn 1 0 0 
vn 1 0 0 
vn 1 0 0 
vn 1 0 0 
vn -0.622047 -0.724409 -0.299213 
vn -0.677165 -0.724409 -0.125984 
vn -0.622047 -0.724409 -0.299213 
vn -0.677165 -0.724409 -0.110236 
vn -0.700787 -0.716535 0 
vn -0.700787 -0.716535 0 
vn -0.551181 -0.708661 -0.440945 
vn -0.551181 -0.708661 -0.440945 
vn -0.433071 -0.685039 -0.590551 
vn -0.425197 -0.685039 -0.590551 
vn -0.291339 -0.661417 -0.692913 
vn -0.283465 -0.661417 -0.692913 
vn -0.15748 -0.645669 -0.748031 
vn -0.15748 -0.645669 -0.748031 
vn 0 -0.645669 -0.76378 
vn 0 -0.645669 -0.76378 
vn 0.15748 -0.645669 -0.748031 
vn 0.15748 -0.645669 -0.748031 
vn 0.283465 -0.661417 -0.692913 
vn 0.291339 -0.661417 -0.692913 
vn 0.425197 -0.685039 -0.590551 
vn 0.433071 -0.685039 -0.590551 
vn 0.551181 -0.708661 -0.440945 
vn 0.551181 -0.708661 -0.440945 
vn 0.622047 -0.724409 -0.299213 
vn 0.622047 -0.724409 -0.299213 
vn 0.677165 -0.724409 -0.125984 
vn 0.677165 -0.724409 -0.110236 
vn 0.700787 -0.716535 0 
vn 0.700787 -0.716535 0 
vn 1 0 0 
vn 1 0 0 
vn 1 0 0 
vn 1 0 0 
vn -1 0 0 
vn -1 0 0 
vn -1 0 0 
vn -1 0 0 
vn -0.984252 0.0787402 -0.181102 
vn -0.976378 0.0472441 -0.204724 
vn -1 0 0 
vn -0.984252 0.133858 -0.133858 
vn -0.984252 0.181102 -0.0708661 
vn -0.984252 0.181102 -0.0314961 
vn 0.984252 0.0787402 -0.181102 
vn 1 0 0 
vn 0.976378 0.0472441 -0.204724 
vn 0.984252 0.133858 -0.133858 
vn 0.984252 0.181102 -0.0708661 
vn 0.984252 0.181102 -0.0314961 
vn 0 -1 0 
vn 0 -1 0 
vn 0 -1 0 
vn 0 -1 0 
vn 0 -1 0 
vn 0 -1 0 
vn 0 -1 0 
vn 0 -1 0 
vn 0 -1 0 
vn 0 -1 0 
vn 0 -1 0 
vn 0 -1 0 
vn 0 -1 0 
vn 0 -1 0 
vn 0 -1 0 
vn 0 -1 0 
vn 0 -1 0 
vn 0 -1 0 
vn 0 -1 0 
vn 0 -1 0 
vn -0.645669 0 -0.76378 
vn -0.645669 0 -0.76378 
vn -0.645669 0 -0.76378 
vn -0.645669 0 -0.76378 
vn 0.637795 0 -0.771654 
vn 0.637795 0 -0.771654 
vn 0.637795 0 -0.771654 
vn 0.637795 0 -0.771654 
vn 0 0.417323 -0.905512 
vn -0.181102 0.889764 -0.417323 
vn -0.637795 0.322835 -0.700787 
vn -0.637795 0.322835 -0.692913 
vn -0.377953 0.905512 -0.204724 
vn -0.637795 0.566929 -0.519685 
vn -0.637795 0.559055 -0.527559 
vn -0.645669 0.716535 -0.259843 
vn -0.645669 0.724409 -0.259843 
vn -0.637795 0.771654 0.00787402 
vn -0.637795 0.771654 0.00787402 
vn -0.653543 0.708661 0.267717 
vn -0.653543 0.708661 0.275591 
vn -0.653543 0.551181 0.519685 
vn -0.661417 0.543307 0.519685 
vn -0.653543 0.330709 0.677165 
vn -0.653543 0.322835 0.685039 
vn -0.370079 0.905512 0.19685 
vn -1 0 0 
vn -1 0 0 
vn -1 0 0 
vn -1 0 0 
vn -1 0 0 
vn -1 0 0 
vn -1 0 0 
vn -0.897638 0.173228 -0.409449 
vn -0.889764 0.0866142 -0.440945 
vn -0.976378 0.0472441 -0.204724 
vn -0.984252 0.0787402 -0.181102 
vn -0.755906 0.125984 -0.637795 
vn -0.984252 0.133858 -0.133858 
vn -0.76378 0.244094 -0.598425 
vn -0.566929 0.165354 -0.811024 
vn -0.897638 0.314961 -0.314961 
vn -0.984252 0.181102 -0.0708661 
vn -0.76378 0.456693 -0.456693 
vn -0.574803 0.314961 -0.755906 
vn -0.370079 0.181102 -0.913386 
vn -0.574803 0.574803 -0.582677 
vn -0.377953 0.354331 -0.858268 
vn -0.19685 0.188976 -0.96063 
vn -0.897638 0.401575 -0.165354 
vn -0.897638 0.433071 -0.0787402 
vn -0.984252 0.181102 -0.0314961 
vn -0.755906 0.637795 -0.125984 
vn -0.76378 0.598425 -0.244094 
vn -0.566929 0.811024 -0.15748 
vn -0.574803 0.755906 -0.314961 
vn -0.377953 0.905512 -0.173228 
vn -0.385827 0.850394 -0.354331 
vn -0.19685 0.96063 -0.181102 
vn -0.385827 0.653543 -0.653543 
vn -0.204724 0.905512 -0.370079 
vn 0 0.984252 -0.188976 
vn -0.204724 0.370079 -0.905512 
vn 0 0.19685 -0.984252 
vn -0.204724 0.692913 -0.692913 
vn 0 0.377953 -0.92126 
vn 0.204724 0.370079 -0.905512 
vn 0.19685 0.188976 -0.96063 
vn 0 0.708661 -0.708661 
vn 0 0.92126 -0.377953 
vn 0.204724 0.692913 -0.692913 
vn 0.204724 0.905512 -0.370079 
vn 0.19685 0.96063 -0.181102 
vn 0.385827 0.653543 -0.653543 
vn 0.377953 0.354331 -0.858268 
vn 0.370079 0.181102 -0.913386 
vn 0.385827 0.850394 -0.354331 
vn 0.377953 0.905512 -0.173228 
vn 0.574803 0.574803 -0.582677 
vn 0.574803 0.314961 -0.755906 
vn 0.566929 0.165354 -0.811024 
vn 0.574803 0.755906 -0.314961 
vn 0.566929 0.811024 -0.15748 
vn 0.76378 0.244094 -0.598425 
vn 0.755906 0.125984 -0.637795 
vn 0.76378 0.456693 -0.456693 
vn 0.76378 0.598425 -0.244094 
vn 0.755906 0.637795 -0.125984 
vn 0.897638 0.173228 -0.409449 
vn 0.889764 0.0866142 -0.440945 
vn 0.976378 0.0472441 -0.204724 
vn 0.984252 0.0787402 -0.181102 
vn 0.984252 0.133858 -0.133858 
vn 0.897638 0.401575 -0.165354 
vn 0.897638 0.433071 -0.0787402 
vn 0.897638 0.314961 -0.314961 
vn 0.984252 0.181102 -0.0708661 
vn 0.984252 0.181102 -0.0314961 
vn 0 0 -1 
vn 0 0 -1 
vn 0 0 -1 
vn 0 0 -1 

vt 0.709149 0.0077799 
vt 0.705098 0.0077799 
vt 0.709149 0.00398934 
vt 0.64048 0.00398934 
vt 0.644432 0.0077799 
vt 0.64048 0.0077799 
vt 0.491863 0.0804041 
vt 0.491863 0.0531733 
vt 0.495371 0.0531733 
vt 0.495371 0.0804041 
vt 0.426072 0.0531733 
vt 0.430009 0.0804041 
vt 0.426072 0.0804041 
vt 0.430009 0.0531733 
vt 0.430009 0.0531733 
vt 0.491863 0.0804041 
vt 0.430009 0.0804041 
vt 0.491863 0.0531733 
vt 0.644432 0.0077799 
vt 0.709149 0.00398934 
vt 0.705098 0.0077799 
vt 0.64048 0.00398934 
vt 0.602266 0.0804086 
vt 0.631173 0.0750502 
vt 0.63354 0.0804085 
vt 0.604631 0.0750502 
vt 0.631173 0.0702246 
vt 0.604631 0.0702246 
vt 0.631173 0.0622567 
vt 0.604631 0.0622567 
vt 0.631173 0.0533652 
vt 0.604631 0.0533652 
vt 0.604631 0.0433474 
vt 0.631173 0.0433474 
vt 0.604631 0.0350202 
vt 0.631173 0.0350202 
vt 0.604631 0.0301292 
vt 0.705098 0.0790311 
vt 0.705098 0.0077799 
vt 0.709149 0.0790311 
vt 0.709149 0.0077799 
vt 0.640415 0.0790311 
vt 0.644432 0.0077799 
vt 0.644432 0.0790311 
vt 0.64048 0.0077799 
vt 0.60066 0.0786545 
vt 0.603268 0.0736397 
vt 0.604631 0.0750502 
vt 0.603268 0.068996 
vt 0.604631 0.0702246 
vt 0.604631 0.0622567 
vt 0.603268 0.0616355 
vt 0.604631 0.0533652 
vt 0.603268 0.0533413 
vt 0.603268 0.0438682 
vt 0.604631 0.0433474 
vt 0.603268 0.0361539 
vt 0.604631 0.0350202 
vt 0.604631 0.0301292 
vt 0.603268 0.0314672 
vt 0.602266 0.0252309 
vt 0.60066 0.0270406 
vt 0.603268 0.0736397 
vt 0.603268 0.0314672 
vt 0.603268 0.068996 
vt 0.603268 0.0361539 
vt 0.603268 0.0533413 
vt 0.603268 0.0616355 
vt 0.603268 0.0438682 
vt 0.704927 0.0983604 
vt 0.709149 0.0900827 
vt 0.709149 0.101512 
vt 0.704927 0.0887353 
vt 0.705042 0.0790311 
vt 0.709149 0.0790311 
vt 0.704927 0.111869 
vt 0.709149 0.115539 
vt 0.700111 0.115539 
vt 0.697083 0.111869 
vt 0.692123 0.115539 
vt 0.690056 0.111869 
vt 0.683357 0.115539 
vt 0.682388 0.111869 
vt 0.674795 0.115539 
vt 0.674931 0.111869 
vt 0.667245 0.111869 
vt 0.666232 0.115539 
vt 0.659411 0.111869 
vt 0.657371 0.115539 
vt 0.65243 0.111869 
vt 0.649438 0.115539 
vt 0.644547 0.111869 
vt 0.640415 0.115539 
vt 0.640415 0.101603 
vt 0.644547 0.0983703 
vt 0.640415 0.0901618 
vt 0.644547 0.0888278 
vt 0.644424 0.0790311 
vt 0.640415 0.0790311 
vt 0.495713 0.114997 
vt 0.426474 0.088975 
vt 0.495713 0.088975 
vt 0.426474 0.114997 
vt 0.565329 0.088975 
vt 0.634679 0.114997 
vt 0.565329 0.114997 
vt 0.634679 0.0889751 
vt 0.561322 0.0914476 
vt 0.561322 0.088975 
vt 0.565329 0.088975 
vt 0.56238 0.0937641 
vt 0.564113 0.0957381 
vt 0.565329 0.0958895 
vt 0.499437 0.0914476 
vt 0.495713 0.088975 
vt 0.499437 0.088975 
vt 0.49901 0.0937641 
vt 0.497943 0.0957381 
vt 0.495713 0.0958895 
vt 0.644432 0.0790311 
vt 0.644432 0.0077799 
vt 0.705098 0.0790311 
vt 0.705098 0.0077799 
vt 0.704927 0.0887353 
vt 0.704927 0.0983604 
vt 0.674728 0.0790311 
vt 0.705042 0.0790311 
vt 0.704927 0.111869 
vt 0.697083 0.111869 
vt 0.690056 0.111869 
vt 0.682388 0.111869 
vt 0.674931 0.111869 
vt 0.667245 0.111869 
vt 0.659411 0.111869 
vt 0.65243 0.111869 
vt 0.644547 0.111869 
vt 0.644547 0.0983703 
vt 0.644547 0.0888278 
vt 0.644424 0.0790311 
vt 0.561322 0.114997 
vt 0.565329 0.088975 
vt 0.565329 0.114997 
vt 0.561322 0.088975 
vt 0.499437 0.114997 
vt 0.495713 0.088975 
vt 0.499437 0.088975 
vt 0.495713 0.114997 
vt 0.631174 0.0301292 
vt 0.633539 0.0252308 
vt 0.631174 0.0301292 
vt 0.632518 0.0314702 
vt 0.635125 0.0270419 
vt 0.632518 0.0361559 
vt 0.631173 0.0350202 
vt 0.631173 0.0433474 
vt 0.632518 0.0438691 
vt 0.631173 0.0533652 
vt 0.632518 0.0533413 
vt 0.632518 0.0616355 
vt 0.631173 0.0622567 
vt 0.632518 0.0689959 
vt 0.631173 0.0702246 
vt 0.632518 0.0736396 
vt 0.631173 0.0750502 
vt 0.635125 0.0786523 
vt 0.632518 0.0736396 
vt 0.632518 0.0314702 
vt 0.632518 0.0689959 
vt 0.632518 0.0361559 
vt 0.632518 0.0533413 
vt 0.632518 0.0438691 
vt 0.632518 0.0616355 
vt 0.556554 0.0932356 
vt 0.556554 0.088975 
vt 0.561322 0.088975 
vt 0.561322 0.0914476 
vt 0.551149 0.088975 
vt 0.56238 0.0937641 
vt 0.551149 0.0937833 
vt 0.546262 0.088975 
vt 0.556554 0.0970428 
vt 0.564113 0.0957381 
vt 0.551149 0.0979059 
vt 0.546262 0.0942433 
vt 0.541293 0.088975 
vt 0.546262 0.0984102 
vt 0.541293 0.0945481 
vt 0.53601 0.088975 
vt 0.556554 0.101063 
vt 0.556554 0.105949 
vt 0.565329 0.0958895 
vt 0.551149 0.110841 
vt 0.551149 0.10401 
vt 0.546262 0.112843 
vt 0.546262 0.104929 
vt 0.541293 0.113878 
vt 0.541293 0.105635 
vt 0.53601 0.114555 
vt 0.541293 0.0988973 
vt 0.53601 0.105972 
vt 0.530971 0.114729 
vt 0.53601 0.0945953 
vt 0.530971 0.088975 
vt 0.53601 0.0993226 
vt 0.530971 0.0946194 
vt 0.525495 0.094602 
vt 0.525495 0.088975 
vt 0.530971 0.0993419 
vt 0.530971 0.106101 
vt 0.525495 0.0992936 
vt 0.525495 0.105915 
vt 0.525495 0.11451 
vt 0.520242 0.0988365 
vt 0.520242 0.0945673 
vt 0.520242 0.088975 
vt 0.520242 0.105505 
vt 0.520242 0.113786 
vt 0.51508 0.0983158 
vt 0.51508 0.0942732 
vt 0.51508 0.088975 
vt 0.51508 0.104741 
vt 0.51508 0.112701 
vt 0.509856 0.0938247 
vt 0.509856 0.088975 
vt 0.509856 0.0977806 
vt 0.509856 0.103728 
vt 0.509856 0.110617 
vt 0.504595 0.092978 
vt 0.504595 0.088975 
vt 0.499437 0.088975 
vt 0.499437 0.0914476 
vt 0.49901 0.0937641 
vt 0.504595 0.100583 
vt 0.504595 0.105601 
vt 0.504595 0.0968692 
vt 0.497943 0.0957381 
vt 0.495713 0.0958895 
vt 0.499437 0.114997 
vt 0.561322 0.088975 
vt 0.561322 0.114997 
vt 0.499437 0.088975 

usemtl Rig1Mtl

f 2045/2045/2045 2046/2046/2046 2047/2047/2047 
f 2048/2048/2048 2049/2049/2049 2050/2050/2050 
f 2051/2051/2051 2052/2052/2052 2053/2053/2053 
f 2053/2053/2053 2054/2054/2054 2051/2051/2051 
f 2055/2055/2055 2056/2056/2056 2057/2057/2057 
f 2056/2056/2056 2055/2055/2055 2058/2058/2058 
f 2059/2059/2059 2060/2060/2060 2061/2061/2061 
f 2060/2060/2060 2059/2059/2059 2062/2062/2062 
f 2063/2063/2063 2064/2064/2064 2065/2065/2065 
f 2064/2064/2064 2063/2063/2063 2066/2066/2066 
f 2067/2067/2067 2068/2068/2068 2069/2069/2069 
f 2068/2068/2068 2067/2067/2067 2070/2070/2070 
f 2068/2068/2068 2070/2070/2070 2071/2071/2071 
f 2072/2072/2072 2071/2071/2071 2070/2070/2070 
f 2072/2072/2072 2073/2073/2073 2071/2071/2071 
f 2073/2073/2073 2072/2072/2072 2074/2074/2074 
f 2074/2074/2074 2075/2075/2075 2073/2073/2073 
f 2075/2075/2075 2074/2074/2074 2076/2076/2076 
f 2077/2077/2077 2075/2075/2075 2076/2076/2076 
f 2075/2075/2075 2077/2077/2077 2078/2078/2078 
f 2079/2079/2079 2078/2078/2078 2077/2077/2077 
f 2078/2078/2078 2079/2079/2079 2080/2080/2080 
f 2081/2081/2081 2080/2080/2080 2079/2079/2079 
f 2082/2082/2082 2083/2083/2083 2084/2084/2084 
f 2084/2084/2084 2083/2083/2083 2085/2085/2085 
f 2086/2086/2086 2087/2087/2087 2088/2088/2088 
f 2087/2087/2087 2086/2086/2086 2089/2089/2089 
f 2090/2090/2090 2091/2091/2091 2067/2067/2067 
f 2067/2067/2067 2091/2091/2091 2092/2092/2092 
f 2092/2092/2092 2091/2091/2091 2093/2093/2093 
f 2094/2094/2094 2092/2092/2092 2093/2093/2093 
f 2095/2095/2095 2094/2094/2094 2093/2093/2093 
f 2095/2095/2095 2093/2093/2093 2096/2096/2096 
f 2096/2096/2096 2097/2097/2097 2095/2095/2095 
f 2097/2097/2097 2096/2096/2096 2098/2098/2098 
f 2099/2099/2099 2097/2097/2097 2098/2098/2098 
f 2097/2097/2097 2099/2099/2099 2100/2100/2100 
f 2101/2101/2101 2100/2100/2100 2099/2099/2099 
f 2102/2102/2102 2100/2100/2100 2101/2101/2101 
f 2101/2101/2101 2103/2103/2103 2102/2102/2102 
f 2101/2101/2101 2104/2104/2104 2103/2103/2103 
f 2104/2104/2104 2105/2105/2105 2103/2103/2103 
f 2105/2105/2105 2104/2104/2104 2106/2106/2106 
f 2106/2106/2106 2107/2107/2107 2090/2090/2090 
f 2107/2107/2107 2106/2106/2106 2108/2108/2108 
f 2107/2107/2107 2108/2108/2108 2109/2109/2109 
f 2109/2109/2109 2108/2108/2108 2110/2110/2110 
f 2110/2110/2110 2111/2111/2111 2109/2109/2109 
f 2109/2109/2109 2111/2111/2111 2112/2112/2112 
f 2111/2111/2111 2110/2110/2110 2113/2113/2113 
f 2114/2114/2114 2115/2115/2115 2116/2116/2116 
f 2115/2115/2115 2114/2114/2114 2117/2117/2117 
f 2118/2118/2118 2115/2115/2115 2117/2117/2117 
f 2115/2115/2115 2118/2118/2118 2119/2119/2119 
f 2116/2116/2116 2120/2120/2120 2114/2114/2114 
f 2120/2120/2120 2116/2116/2116 2121/2121/2121 
f 2122/2122/2122 2120/2120/2120 2121/2121/2121 
f 2120/2120/2120 2122/2122/2122 2123/2123/2123 
f 2124/2124/2124 2123/2123/2123 2122/2122/2122 
f 2123/2123/2123 2124/2124/2124 2125/2125/2125 
f 2124/2124/2124 2126/2126/2126 2125/2125/2125 
f 2127/2127/2127 2125/2125/2125 2126/2126/2126 
f 2128/2128/2128 2127/2127/2127 2126/2126/2126 
f 2127/2127/2127 2128/2128/2128 2129/2129/2129 
f 2128/2128/2128 2130/2130/2130 2129/2129/2129 
f 2130/2130/2130 2128/2128/2128 2131/2131/2131 
f 2131/2131/2131 2132/2132/2132 2130/2130/2130 
f 2132/2132/2132 2131/2131/2131 2133/2133/2133 
f 2133/2133/2133 2134/2134/2134 2132/2132/2132 
f 2134/2134/2134 2133/2133/2133 2135/2135/2135 
f 2135/2135/2135 2136/2136/2136 2134/2134/2134 
f 2136/2136/2136 2135/2135/2135 2137/2137/2137 
f 2138/2138/2138 2136/2136/2136 2137/2137/2137 
f 2136/2136/2136 2138/2138/2138 2139/2139/2139 
f 2140/2140/2140 2139/2139/2139 2138/2138/2138 
f 2139/2139/2139 2140/2140/2140 2141/2141/2141 
f 2140/2140/2140 2142/2142/2142 2141/2141/2141 
f 2142/2142/2142 2140/2140/2140 2143/2143/2143 
f 2144/2144/2144 2145/2145/2145 2146/2146/2146 
f 2145/2145/2145 2144/2144/2144 2147/2147/2147 
f 2148/2148/2148 2149/2149/2149 2150/2150/2150 
f 2149/2149/2149 2148/2148/2148 2151/2151/2151 
f 2152/2152/2152 2153/2153/2153 2154/2154/2154 
f 2155/2155/2155 2152/2152/2152 2154/2154/2154 
f 2156/2156/2156 2155/2155/2155 2154/2154/2154 
f 2157/2157/2157 2156/2156/2156 2154/2154/2154 
f 2158/2158/2158 2159/2159/2159 2160/2160/2160 
f 2161/2161/2161 2159/2159/2159 2158/2158/2158 
f 2162/2162/2162 2159/2159/2159 2161/2161/2161 
f 2163/2163/2163 2159/2159/2159 2162/2162/2162 
f 2164/2164/2164 2165/2165/2165 2166/2166/2166 
f 2166/2166/2166 2165/2165/2165 2167/2167/2167 
f 2168/2168/2168 2169/2169/2169 2170/2170/2170 
f 2171/2171/2171 2168/2168/2168 2170/2170/2170 
f 2169/2169/2169 2172/2172/2172 2170/2170/2170 
f 2172/2172/2172 2173/2173/2173 2170/2170/2170 
f 2173/2173/2173 2174/2174/2174 2170/2170/2170 
f 2174/2174/2174 2175/2175/2175 2170/2170/2170 
f 2175/2175/2175 2176/2176/2176 2170/2170/2170 
f 2176/2176/2176 2177/2177/2177 2170/2170/2170 
f 2177/2177/2177 2178/2178/2178 2170/2170/2170 
f 2178/2178/2178 2179/2179/2179 2170/2170/2170 
f 2179/2179/2179 2180/2180/2180 2170/2170/2170 
f 2180/2180/2180 2181/2181/2181 2170/2170/2170 
f 2181/2181/2181 2182/2182/2182 2170/2170/2170 
f 2182/2182/2182 2183/2183/2183 2170/2170/2170 
f 2184/2184/2184 2185/2185/2185 2186/2186/2186 
f 2184/2184/2184 2187/2187/2187 2185/2185/2185 
f 2188/2188/2188 2189/2189/2189 2190/2190/2190 
f 2189/2189/2189 2188/2188/2188 2191/2191/2191 
f 2080/2080/2080 2081/2081/2081 2192/2192/2192 
f 2105/2105/2105 2192/2192/2192 2081/2081/2081 
f 2105/2105/2105 2193/2193/2193 2192/2192/2192 
f 2194/2194/2194 2193/2193/2193 2195/2195/2195 
f 2196/2196/2196 2195/2195/2195 2193/2193/2193 
f 2197/2197/2197 2194/2194/2194 2195/2195/2195 
f 2194/2194/2194 2197/2197/2197 2198/2198/2198 
f 2197/2197/2197 2199/2199/2199 2198/2198/2198 
f 2197/2197/2197 2200/2200/2200 2199/2199/2199 
f 2200/2200/2200 2201/2201/2201 2199/2199/2199 
f 2201/2201/2201 2200/2200/2200 2202/2202/2202 
f 2203/2203/2203 2201/2201/2201 2202/2202/2202 
f 2201/2201/2201 2203/2203/2203 2204/2204/2204 
f 2205/2205/2205 2204/2204/2204 2203/2203/2203 
f 2204/2204/2204 2205/2205/2205 2206/2206/2206 
f 2207/2207/2207 2206/2206/2206 2205/2205/2205 
f 2206/2206/2206 2207/2207/2207 2208/2208/2208 
f 2207/2207/2207 2069/2069/2069 2208/2208/2208 
f 2069/2069/2069 2207/2207/2207 2209/2209/2209 
f 2196/2196/2196 2209/2209/2209 2210/2210/2210 
f 2210/2210/2210 2211/2211/2211 2196/2196/2196 
f 2211/2211/2211 2210/2210/2210 2212/2212/2212 
f 2212/2212/2212 2213/2213/2213 2211/2211/2211 
f 2214/2214/2214 2213/2213/2213 2212/2212/2212 
f 2213/2213/2213 2214/2214/2214 2215/2215/2215 
f 2214/2214/2214 2212/2212/2212 2216/2216/2216 
f 2217/2217/2217 2218/2218/2218 2219/2219/2219 
f 2217/2217/2217 2219/2219/2219 2220/2220/2220 
f 2217/2217/2217 2221/2221/2221 2218/2218/2218 
f 2222/2222/2222 2217/2217/2217 2220/2220/2220 
f 2221/2221/2221 2217/2217/2217 2223/2223/2223 
f 2223/2223/2223 2224/2224/2224 2221/2221/2221 
f 2217/2217/2217 2222/2222/2222 2225/2225/2225 
f 2226/2226/2226 2225/2225/2225 2222/2222/2222 
f 2217/2217/2217 2227/2227/2227 2223/2223/2223 
f 2227/2227/2227 2217/2217/2217 2225/2225/2225 
f 2224/2224/2224 2223/2223/2223 2228/2228/2228 
f 2228/2228/2228 2229/2229/2229 2224/2224/2224 
f 2223/2223/2223 2230/2230/2230 2228/2228/2228 
f 2230/2230/2230 2223/2223/2223 2227/2227/2227 
f 2231/2231/2231 2229/2229/2229 2228/2228/2228 
f 2230/2230/2230 2231/2231/2231 2228/2228/2228 
f 2231/2231/2231 2232/2232/2232 2229/2229/2229 
f 2233/2233/2233 2227/2227/2227 2225/2225/2225 
f 2225/2225/2225 2226/2226/2226 2233/2233/2233 
f 2226/2226/2226 2234/2234/2234 2233/2233/2233 
f 2235/2235/2235 2234/2234/2234 2226/2226/2226 
f 2236/2236/2236 2233/2233/2233 2234/2234/2234 
f 2233/2233/2233 2236/2236/2236 2237/2237/2237 
f 2227/2227/2227 2233/2233/2233 2237/2237/2237 
f 2238/2238/2238 2237/2237/2237 2236/2236/2236 
f 2239/2239/2239 2227/2227/2227 2237/2237/2237 
f 2237/2237/2237 2238/2238/2238 2239/2239/2239 
f 2227/2227/2227 2239/2239/2239 2230/2230/2230 
f 2240/2240/2240 2239/2239/2239 2238/2238/2238 
f 2239/2239/2239 2240/2240/2240 2241/2241/2241 
f 2230/2230/2230 2239/2239/2239 2241/2241/2241 
f 2241/2241/2241 2240/2240/2240 2242/2242/2242 
f 2243/2243/2243 2230/2230/2230 2241/2241/2241 
f 2231/2231/2231 2230/2230/2230 2243/2243/2243 
f 2242/2242/2242 2244/2244/2244 2241/2241/2241 
f 2243/2243/2243 2241/2241/2241 2244/2244/2244 
f 2245/2245/2245 2244/2244/2244 2242/2242/2242 
f 2243/2243/2243 2246/2246/2246 2231/2231/2231 
f 2232/2232/2232 2231/2231/2231 2246/2246/2246 
f 2246/2246/2246 2247/2247/2247 2232/2232/2232 
f 2246/2246/2246 2243/2243/2243 2248/2248/2248 
f 2248/2248/2248 2243/2243/2243 2244/2244/2244 
f 2247/2247/2247 2246/2246/2246 2249/2249/2249 
f 2248/2248/2248 2249/2249/2249 2246/2246/2246 
f 2250/2250/2250 2247/2247/2247 2249/2249/2249 
f 2247/2247/2247 2250/2250/2250 2251/2251/2251 
f 2252/2252/2252 2249/2249/2249 2248/2248/2248 
f 2248/2248/2248 2244/2244/2244 2253/2253/2253 
f 2253/2253/2253 2252/2252/2252 2248/2248/2248 
f 2244/2244/2244 2245/2245/2245 2253/2253/2253 
f 2254/2254/2254 2249/2249/2249 2252/2252/2252 
f 2249/2249/2249 2254/2254/2254 2250/2250/2250 
f 2253/2253/2253 2254/2254/2254 2252/2252/2252 
f 2245/2245/2245 2255/2255/2255 2253/2253/2253 
f 2254/2254/2254 2253/2253/2253 2255/2255/2255 
f 2255/2255/2255 2245/2245/2245 2256/2256/2256 
f 2254/2254/2254 2257/2257/2257 2250/2250/2250 
f 2255/2255/2255 2257/2257/2257 2254/2254/2254 
f 2251/2251/2251 2250/2250/2250 2258/2258/2258 
f 2257/2257/2257 2258/2258/2258 2250/2250/2250 
f 2258/2258/2258 2259/2259/2259 2251/2251/2251 
f 2256/2256/2256 2260/2260/2260 2255/2255/2255 
f 2257/2257/2257 2255/2255/2255 2260/2260/2260 
f 2260/2260/2260 2256/2256/2256 2261/2261/2261 
f 2262/2262/2262 2258/2258/2258 2257/2257/2257 
f 2260/2260/2260 2262/2262/2262 2257/2257/2257 
f 2259/2259/2259 2258/2258/2258 2263/2263/2263 
f 2258/2258/2258 2262/2262/2262 2263/2263/2263 
f 2263/2263/2263 2264/2264/2264 2259/2259/2259 
f 2260/2260/2260 2261/2261/2261 2265/2265/2265 
f 2262/2262/2262 2260/2260/2260 2265/2265/2265 
f 2265/2265/2265 2261/2261/2261 2266/2266/2266 
f 2264/2264/2264 2263/2263/2263 2267/2267/2267 
f 2267/2267/2267 2263/2263/2263 2262/2262/2262 
f 2267/2267/2267 2268/2268/2268 2264/2264/2264 
f 2265/2265/2265 2269/2269/2269 2262/2262/2262 
f 2269/2269/2269 2267/2267/2267 2262/2262/2262 
f 2266/2266/2266 2270/2270/2270 2265/2265/2265 
f 2269/2269/2269 2265/2265/2265 2270/2270/2270 
f 2270/2270/2270 2266/2266/2266 2271/2271/2271 
f 2268/2268/2268 2267/2267/2267 2272/2272/2272 
f 2269/2269/2269 2272/2272/2272 2267/2267/2267 
f 2268/2268/2268 2272/2272/2272 2273/2273/2273 
f 2272/2272/2272 2274/2274/2274 2273/2273/2273 
f 2274/2274/2274 2272/2272/2272 2275/2275/2275 
f 2276/2276/2276 2275/2275/2275 2272/2272/2272 
f 2270/2270/2270 2271/2271/2271 2277/2277/2277 
f 2277/2277/2277 2269/2269/2269 2270/2270/2270 
f 2277/2277/2277 2271/2271/2271 2278/2278/2278 
f 2272/2272/2272 2269/2269/2269 2279/2279/2279 
f 2279/2279/2279 2276/2276/2276 2272/2272/2272 
f 2279/2279/2279 2269/2269/2269 2277/2277/2277 
f 2279/2279/2279 2280/2280/2280 2276/2276/2276 
f 2280/2280/2280 2279/2279/2279 2277/2277/2277 
f 2278/2278/2278 2280/2280/2280 2277/2277/2277 
f 2280/2280/2280 2278/2278/2278 2281/2281/2281 
f 2282/2282/2282 2283/2283/2283 2284/2284/2284 
f 2283/2283/2283 2282/2282/2282 2285/2285/2285 

g Rig5

v -0.747587 4.79198 0.837269 
v -0.780766 5.35982 0.8101 
v -0.780766 4.79198 0.810109 
v -0.747586 5.35982 0.83727 
v -0.0593773 4.79198 0.810145 
v -0.0929962 5.35982 0.83727 
v -0.0929995 4.79198 0.83727 
v -0.0593768 5.35982 0.810135 
v -0.0593764 5.35971 0.0116643 
v -0.0593769 4.79198 0.01167 
v -0.0929958 5.35896 -0.0163265 
v -0.092999 4.79138 -0.0163243 
v -0.747586 5.35896 -0.0163266 
v -0.780765 4.79198 0.0116892 
v -0.780765 5.35971 0.0116992 
v -0.747577 4.79138 -0.0163256 
v -0.101636 4.75957 0.000942618 
v -0.747577 4.79138 -0.0163256 
v -0.092999 4.79138 -0.0163243 
v -0.73895 4.75957 0.000941634 
v -0.729715 4.65276 0.0639556 
v -0.761096 4.66183 0.0857778 
v -0.110864 4.65276 0.0639564 
v -0.716743 4.54727 0.138608 
v -0.0790797 4.66183 0.0857771 
v -0.123823 4.54727 0.138608 
v -0.0689029 4.76041 0.0277803 
v -0.092999 4.79138 -0.0163243 
v -0.0593769 4.79198 0.01167 
v -0.0689033 4.76041 0.792878 
v -0.0593769 4.79198 0.01167 
v -0.0593773 4.79198 0.810145 
v -0.0933712 4.56484 0.157616 
v -0.0929995 4.79198 0.83727 
v -0.0593773 4.79198 0.810145 
v -0.101636 4.76041 0.81888 
v -0.0790799 4.66122 0.738183 
v -0.747587 4.79198 0.837269 
v -0.0929995 4.79198 0.83727 
v -0.738986 4.76041 0.818878 
v -0.110865 4.65239 0.758882 
v -0.72974 4.65239 0.758881 
v -0.0933713 4.56362 0.66568 
v -0.716759 4.54643 0.683218 
v -0.123824 4.54643 0.683218 
v -0.746804 4.56362 0.665649 
v -0.761096 4.66122 0.738137 
v -0.771273 4.76041 0.792812 
v -0.747587 4.79198 0.837269 
v -0.780766 4.79198 0.810109 
v -0.780766 4.79198 0.810109 
v -0.780765 4.79198 0.0116892 
v -0.771272 4.76042 0.0277815 
v -0.780765 4.79198 0.0116892 
v -0.747577 4.79138 -0.0163256 
v -0.746804 4.56484 0.157616 
v -0.701133 4.46826 0.261871 
v -0.729609 4.48934 0.271481 
v -0.726207 4.46917 0.399791 
v -0.729609 4.48817 0.546326 
v -0.698048 4.4446 0.399421 
v -0.70114 4.46703 0.554396 
v -0.139416 4.46703 0.554397 
v -0.139416 4.46826 0.261871 
v -0.142501 4.4446 0.399421 
v -0.110567 4.48934 0.271481 
v -0.110567 4.48817 0.546341 
v -0.113968 4.46917 0.399791 
v -0.724932 5.39307 0.820894 
v -0.0929962 5.35982 0.83727 
v -0.115637 5.39307 0.820893 
v -0.747586 5.35982 0.83727 
v -0.755833 5.3922 0.793824 
v -0.780766 5.35982 0.8101 
v -0.780765 5.35971 0.0116992 
v -0.740084 5.4908 0.732555 
v -0.755832 5.39221 0.0222418 
v -0.747586 5.35896 -0.0163266 
v -0.724964 5.39221 -0.00404781 
v -0.740084 5.4914 0.080196 
v -0.115637 5.39221 -0.00404847 
v -0.0929958 5.35896 -0.0163265 
v -0.710637 5.49987 0.754377 
v -0.698041 5.60535 0.679725 
v -0.129918 5.49987 0.754377 
v -0.100092 5.4908 0.732556 
v -0.726207 5.58779 0.660717 
v -0.142501 5.60535 0.679725 
v -0.142501 5.68436 0.556462 
v -0.113968 5.58779 0.660718 
v -0.0843433 5.39221 0.793826 
v -0.0593768 5.35982 0.810135 
v -0.0593764 5.35971 0.0116643 
v -0.084343 5.39221 0.0221756 
v -0.100091 5.4914 0.0801506 
v -0.129918 5.50024 0.0594517 
v -0.71066 5.50024 0.059452 
v -0.698056 5.6062 0.135115 
v -0.142501 5.6062 0.135115 
v -0.726207 5.58901 0.152684 
v -0.113968 5.58901 0.152654 
v -0.698052 5.68559 0.263937 
v -0.142501 5.68559 0.263937 
v -0.726207 5.66446 0.272007 
v -0.698048 5.70802 0.418912 
v -0.726207 5.68346 0.418542 
v -0.726207 5.66328 0.546852 
v -0.698045 5.68436 0.556462 
v -0.142501 5.70802 0.418912 
v -0.113968 5.66328 0.546853 
v -0.113968 5.66446 0.271993 
v -0.113968 5.68346 0.418542 
v -0.0929995 4.79198 0.83727 
v -0.747586 5.35982 0.83727 
v -0.747587 4.79198 0.837269 
v -0.0929962 5.35982 0.83727 
v -0.0929958 5.35896 -0.0163265 
v -0.747577 4.79138 -0.0163256 
v -0.747586 5.35896 -0.0163266 
v -0.092999 4.79138 -0.0163243 
v -0.0790797 4.66183 0.0857771 
v -0.0689033 4.76041 0.792878 
v -0.0790799 4.66122 0.738183 
v -0.0593764 5.35971 0.0116643 
v -0.0593773 4.79198 0.810145 
v -0.0593769 4.79198 0.01167 
v -0.0593768 5.35982 0.810135 
v -0.780765 5.35971 0.0116992 
v -0.780766 4.79198 0.810109 
v -0.780766 5.35982 0.8101 
v -0.780765 4.79198 0.0116892 

vn -0.629921 0 0.771654 
vn -0.629921 0 0.771654 
vn -0.629921 0 0.771654 
vn -0.629921 0 0.771654 
vn 0.629921 0 0.779528 
vn 0.629921 0 0.779528 
vn 0.629921 0 0.779528 
vn 0.629921 0 0.779528 
vn 0.637795 0 -0.771654 
vn 0.637795 0 -0.771654 
vn 0.637795 0 -0.771654 
vn 0.637795 0 -0.771654 
vn -0.645669 0 -0.76378 
vn -0.645669 0 -0.76378 
vn -0.645669 0 -0.76378 
vn -0.645669 0 -0.76378 
vn 0.0314961 -0.503937 -0.866142 
vn 0 -0.480315 -0.88189 
vn 0 -0.480315 -0.88189 
vn -0.0314961 -0.503937 -0.866142 
vn -0.0393701 -0.543307 -0.834646 
vn -0.992126 -0.141732 -0.0472441 
vn 0.0393701 -0.543307 -0.834646 
vn -0.0393701 -0.724409 -0.692913 
vn 0.992126 -0.141732 -0.0472441 
vn 0.0393701 -0.724409 -0.692913 
vn 0.976378 -0.212598 -0.0551181 
vn 0.559055 -0.503937 -0.661417 
vn 0.559055 -0.503937 -0.661417 
vn 0.976378 -0.204724 0.0551181 
vn 0.96063 -0.291339 0 
vn 0.96063 -0.291339 0 
vn 0.976378 -0.212598 -0.0551181 
vn 0.527559 -0.527559 0.661417 
vn 0.527559 -0.527559 0.661417 
vn 0.0314961 -0.496063 0.866142 
vn 0.992126 -0.141732 0.0472441 
vn 0 -0.503937 0.866142 
vn 0 -0.503937 0.866142 
vn -0.0314961 -0.496063 0.866142 
vn 0.0314961 -0.535433 0.84252 
vn -0.0314961 -0.535433 0.84252 
vn 0.976378 -0.212598 0.0551181 
vn -0.0314961 -0.732283 0.677165 
vn 0.0314961 -0.732283 0.677165 
vn -0.976378 -0.212598 0.0551181 
vn -0.992126 -0.141732 0.0472441 
vn -0.976378 -0.204724 0.0551181 
vn -0.535433 -0.527559 0.661417 
vn -0.535433 -0.527559 0.661417 
vn -0.96063 -0.291339 0 
vn -0.96063 -0.291339 0 
vn -0.976378 -0.212598 -0.0551181 
vn -0.559055 -0.503937 -0.653543 
vn -0.559055 -0.503937 -0.653543 
vn -0.976378 -0.212598 -0.0551181 
vn -0.0314961 -0.929134 -0.370079 
vn -0.952756 -0.314961 -0.0393701 
vn -0.952756 -0.314961 0 
vn -0.944882 -0.322835 0.0393701 
vn -0.0393701 -1 -0.00787402 
vn -0.0314961 -0.937008 0.346457 
vn 0.0314961 -0.937008 0.346457 
vn 0.0314961 -0.929134 -0.370079 
vn 0.0393701 -1 -0.00787402 
vn 0.944882 -0.314961 -0.0472441 
vn 0.944882 -0.322835 0.0393701 
vn 0.952756 -0.314961 0 
vn -0.0314961 0.511811 0.858268 
vn 0.0629921 0.472441 0.88189 
vn 0.0314961 0.511811 0.858268 
vn -0.0629921 0.472441 0.88189 
vn -0.913386 0.401575 0.0551181 
vn -0.787402 0.622047 0.0393701 
vn -0.787402 0.614173 -0.0314961 
vn -0.984252 0.181102 0.0393701 
vn -0.92126 0.385827 -0.0551181 
vn -0.0629921 0.385827 -0.92126 
vn -0.0314961 0.464567 -0.88189 
vn -0.984252 0.181102 -0.0472441 
vn 0.0314961 0.464567 -0.88189 
vn 0.0629921 0.385827 -0.92126 
vn -0.0393701 0.551181 0.834646 
vn -0.0393701 0.724409 0.685039 
vn 0.0393701 0.551181 0.834646 
vn 0.984252 0.181102 0.0472441 
vn -0.984252 0.173228 0.0551181 
vn 0.0393701 0.724409 0.685039 
vn 0.0393701 0.929134 0.362205 
vn 0.984252 0.173228 0.0551181 
vn 0.913386 0.401575 0.0551181 
vn 0.787402 0.622047 0.0393701 
vn 0.787402 0.614173 -0.0314961 
vn 0.92126 0.385827 -0.0551181 
vn 0.984252 0.181102 -0.0472441 
vn 0.0314961 0.543307 -0.834646 
vn -0.0314961 0.543307 -0.834646 
vn -0.0314961 0.732283 -0.677165 
vn 0.0314961 0.732283 -0.677165 
vn -0.984252 0.181102 -0.0551181 
vn 0.984252 0.181102 -0.0551181 
vn -0.0393701 0.937008 -0.338583 
vn 0.0393701 0.937008 -0.338583 
vn -0.992126 0.133858 -0.0472441 
vn -0.0393701 1 0.00787402 
vn -0.992126 0.125984 0 
vn -0.992126 0.11811 0.0472441 
vn -0.0393701 0.929134 0.362205 
vn 0.0393701 1 0.00787402 
vn 0.992126 0.125984 0.0472441 
vn 0.992126 0.133858 -0.0472441 
vn 0.992126 0.125984 0 
vn 0 0 1 
vn 0 0 1 
vn 0 0 1 
vn 0 0 1 
vn 0 0 -1 
vn 0 0 -1 
vn 0 0 -1 
vn 0 0 -1 
vn 0.992126 -0.141732 -0.0472441 
vn 0.976378 -0.204724 0.0551181 
vn 0.992126 -0.141732 0.0472441 
vn 1 0 0 
vn 1 0 0 
vn 1 0 0 
vn 1 0 0 
vn -1 0 0 
vn -1 0 0 
vn -1 0 0 
vn -1 0 0 

vt 0.638793 0.187905 
vt 0.635458 0.270524 
vt 0.635458 0.187905 
vt 0.638793 0.270524 
vt 0.704532 0.187905 
vt 0.700926 0.270524 
vt 0.700926 0.187905 
vt 0.704532 0.270524 
vt 0.495656 0.270586 
vt 0.495656 0.187905 
vt 0.499325 0.270669 
vt 0.499325 0.187905 
vt 0.561334 0.270524 
vt 0.565788 0.187905 
vt 0.565788 0.270524 
vt 0.561334 0.187905 
vt 0.469609 0.175768 
vt 0.498225 0.179024 
vt 0.467268 0.179024 
vt 0.495881 0.175768 
vt 0.495882 0.173812 
vt 0.497214 0.172396 
vt 0.469609 0.173812 
vt 0.495882 0.168966 
vt 0.468259 0.172396 
vt 0.469609 0.168966 
vt 0.468259 0.174165 
vt 0.467268 0.179024 
vt 0.465678 0.177206 
vt 0.468259 0.128494 
vt 0.465678 0.177206 
vt 0.465678 0.125373 
vt 0.468259 0.167732 
vt 0.467268 0.123613 
vt 0.465678 0.125373 
vt 0.469609 0.126942 
vt 0.468259 0.130045 
vt 0.498225 0.123613 
vt 0.467268 0.123613 
vt 0.495883 0.126942 
vt 0.469609 0.128701 
vt 0.495883 0.128701 
vt 0.468259 0.134751 
vt 0.495883 0.133613 
vt 0.469609 0.133613 
vt 0.497214 0.134753 
vt 0.497214 0.130048 
vt 0.497214 0.128498 
vt 0.498225 0.123613 
vt 0.499794 0.125376 
vt 0.499794 0.125376 
vt 0.499794 0.177205 
vt 0.497214 0.174165 
vt 0.499794 0.177205 
vt 0.498225 0.179024 
vt 0.497214 0.167732 
vt 0.495882 0.160965 
vt 0.497214 0.160341 
vt 0.497214 0.152012 
vt 0.497214 0.142499 
vt 0.495882 0.152036 
vt 0.495882 0.141975 
vt 0.469609 0.141975 
vt 0.469609 0.160965 
vt 0.469609 0.152036 
vt 0.468259 0.160341 
vt 0.468259 0.142498 
vt 0.468259 0.152012 
vt 0.456489 0.175702 
vt 0.427817 0.179145 
vt 0.430163 0.175702 
vt 0.458837 0.179145 
vt 0.457824 0.174092 
vt 0.460409 0.177372 
vt 0.460409 0.125285 
vt 0.457824 0.172313 
vt 0.457824 0.128196 
vt 0.458837 0.123457 
vt 0.45649 0.126632 
vt 0.457824 0.129754 
vt 0.430163 0.126632 
vt 0.427817 0.123457 
vt 0.456489 0.173737 
vt 0.456489 0.168867 
vt 0.430163 0.173737 
vt 0.428811 0.172313 
vt 0.457824 0.167626 
vt 0.430163 0.168867 
vt 0.430163 0.160825 
vt 0.428811 0.167627 
vt 0.428811 0.174092 
vt 0.426224 0.177374 
vt 0.426224 0.125283 
vt 0.428811 0.128192 
vt 0.428811 0.129751 
vt 0.430163 0.128401 
vt 0.45649 0.128401 
vt 0.45649 0.133337 
vt 0.430163 0.133337 
vt 0.457824 0.134483 
vt 0.428811 0.134481 
vt 0.45649 0.141741 
vt 0.430163 0.141741 
vt 0.457824 0.142268 
vt 0.45649 0.151851 
vt 0.457824 0.151827 
vt 0.457824 0.160198 
vt 0.456489 0.160825 
vt 0.430163 0.151851 
vt 0.428811 0.160198 
vt 0.428811 0.142267 
vt 0.428811 0.151827 
vt 0.700926 0.187905 
vt 0.638793 0.270524 
vt 0.638793 0.187905 
vt 0.700926 0.270524 
vt 0.499325 0.270669 
vt 0.561334 0.187905 
vt 0.561334 0.270524 
vt 0.499325 0.187905 
vt 0.468259 0.172396 
vt 0.468259 0.128494 
vt 0.468259 0.130045 
vt 0.495656 0.270524 
vt 0.426551 0.187905 
vt 0.495656 0.187905 
vt 0.426551 0.270524 
vt 0.565788 0.270524 
vt 0.635458 0.187905 
vt 0.635458 0.270524 
vt 0.565788 0.187905 

usemtl Rig1Mtl

f 2286/2286/2286 2287/2287/2287 2288/2288/2288 
f 2287/2287/2287 2286/2286/2286 2289/2289/2289 
f 2290/2290/2290 2291/2291/2291 2292/2292/2292 
f 2291/2291/2291 2290/2290/2290 2293/2293/2293 
f 2294/2294/2294 2295/2295/2295 2296/2296/2296 
f 2296/2296/2296 2295/2295/2295 2297/2297/2297 
f 2298/2298/2298 2299/2299/2299 2300/2300/2300 
f 2299/2299/2299 2298/2298/2298 2301/2301/2301 
f 2302/2302/2302 2303/2303/2303 2304/2304/2304 
f 2303/2303/2303 2302/2302/2302 2305/2305/2305 
f 2302/2302/2302 2306/2306/2306 2305/2305/2305 
f 2307/2307/2307 2305/2305/2305 2306/2306/2306 
f 2306/2306/2306 2302/2302/2302 2308/2308/2308 
f 2306/2306/2306 2308/2308/2308 2309/2309/2309 
f 2309/2309/2309 2307/2307/2307 2306/2306/2306 
f 2302/2302/2302 2310/2310/2310 2308/2308/2308 
f 2311/2311/2311 2309/2309/2309 2308/2308/2308 
f 2310/2310/2310 2311/2311/2311 2308/2308/2308 
f 2310/2310/2310 2302/2302/2302 2312/2312/2312 
f 2313/2313/2313 2312/2312/2312 2302/2302/2302 
f 2312/2312/2312 2313/2313/2313 2314/2314/2314 
f 2315/2315/2315 2310/2310/2310 2312/2312/2312 
f 2316/2316/2316 2315/2315/2315 2312/2312/2312 
f 2315/2315/2315 2316/2316/2316 2317/2317/2317 
f 2311/2311/2311 2310/2310/2310 2318/2318/2318 
f 2319/2319/2319 2315/2315/2315 2320/2320/2320 
f 2315/2315/2315 2319/2319/2319 2321/2321/2321 
f 2310/2310/2310 2322/2322/2322 2318/2318/2318 
f 2321/2321/2321 2322/2322/2322 2315/2315/2315 
f 2323/2323/2323 2321/2321/2321 2324/2324/2324 
f 2321/2321/2321 2323/2323/2323 2325/2325/2325 
f 2322/2322/2322 2321/2321/2321 2326/2326/2326 
f 2327/2327/2327 2321/2321/2321 2325/2325/2325 
f 2327/2327/2327 2326/2326/2326 2321/2321/2321 
f 2326/2326/2326 2328/2328/2328 2322/2322/2322 
f 2318/2318/2318 2322/2322/2322 2328/2328/2328 
f 2329/2329/2329 2326/2326/2326 2327/2327/2327 
f 2326/2326/2326 2329/2329/2329 2330/2330/2330 
f 2328/2328/2328 2326/2326/2326 2330/2330/2330 
f 2329/2329/2329 2327/2327/2327 2331/2331/2331 
f 2325/2325/2325 2332/2332/2332 2327/2327/2327 
f 2327/2327/2327 2332/2332/2332 2331/2331/2331 
f 2332/2332/2332 2325/2325/2325 2333/2333/2333 
f 2334/2334/2334 2333/2333/2333 2325/2325/2325 
f 2333/2333/2333 2334/2334/2334 2335/2335/2335 
f 2336/2336/2336 2337/2337/2337 2333/2333/2333 
f 2333/2333/2333 2337/2337/2337 2338/2338/2338 
f 2339/2339/2339 2340/2340/2340 2338/2338/2338 
f 2340/2340/2340 2305/2305/2305 2338/2338/2338 
f 2305/2305/2305 2307/2307/2307 2338/2338/2338 
f 2333/2333/2333 2338/2338/2338 2307/2307/2307 
f 2333/2333/2333 2307/2307/2307 2332/2332/2332 
f 2341/2341/2341 2332/2332/2332 2307/2307/2307 
f 2332/2332/2332 2341/2341/2341 2331/2331/2331 
f 2307/2307/2307 2309/2309/2309 2341/2341/2341 
f 2309/2309/2309 2342/2342/2342 2341/2341/2341 
f 2309/2309/2309 2311/2311/2311 2342/2342/2342 
f 2343/2343/2343 2341/2341/2341 2342/2342/2342 
f 2344/2344/2344 2331/2331/2331 2341/2341/2341 
f 2344/2344/2344 2341/2341/2341 2343/2343/2343 
f 2331/2331/2331 2344/2344/2344 2345/2345/2345 
f 2343/2343/2343 2346/2346/2346 2344/2344/2344 
f 2346/2346/2346 2345/2345/2345 2344/2344/2344 
f 2346/2346/2346 2343/2343/2343 2342/2342/2342 
f 2347/2347/2347 2331/2331/2331 2345/2345/2345 
f 2345/2345/2345 2346/2346/2346 2347/2347/2347 
f 2347/2347/2347 2329/2329/2329 2331/2331/2331 
f 2347/2347/2347 2330/2330/2330 2329/2329/2329 
f 2330/2330/2330 2347/2347/2347 2348/2348/2348 
f 2346/2346/2346 2348/2348/2348 2347/2347/2347 
f 2348/2348/2348 2328/2328/2328 2330/2330/2330 
f 2342/2342/2342 2349/2349/2349 2346/2346/2346 
f 2349/2349/2349 2342/2342/2342 2311/2311/2311 
f 2349/2349/2349 2311/2311/2311 2318/2318/2318 
f 2350/2350/2350 2346/2346/2346 2349/2349/2349 
f 2348/2348/2348 2346/2346/2346 2350/2350/2350 
f 2318/2318/2318 2351/2351/2351 2349/2349/2349 
f 2351/2351/2351 2350/2350/2350 2349/2349/2349 
f 2350/2350/2350 2352/2352/2352 2348/2348/2348 
f 2352/2352/2352 2328/2328/2328 2348/2348/2348 
f 2350/2350/2350 2351/2351/2351 2353/2353/2353 
f 2352/2352/2352 2350/2350/2350 2353/2353/2353 
f 2318/2318/2318 2353/2353/2353 2351/2351/2351 
f 2353/2353/2353 2328/2328/2328 2352/2352/2352 
f 2328/2328/2328 2353/2353/2353 2318/2318/2318 
f 2354/2354/2354 2355/2355/2355 2356/2356/2356 
f 2357/2357/2357 2355/2355/2355 2354/2354/2354 
f 2354/2354/2354 2358/2358/2358 2357/2357/2357 
f 2359/2359/2359 2357/2357/2357 2358/2358/2358 
f 2358/2358/2358 2360/2360/2360 2359/2359/2359 
f 2354/2354/2354 2361/2361/2361 2358/2358/2358 
f 2360/2360/2360 2358/2358/2358 2362/2362/2362 
f 2362/2362/2362 2358/2358/2358 2361/2361/2361 
f 2362/2362/2362 2363/2363/2363 2360/2360/2360 
f 2363/2363/2363 2362/2362/2362 2364/2364/2364 
f 2365/2365/2365 2364/2364/2364 2362/2362/2362 
f 2362/2362/2362 2361/2361/2361 2365/2365/2365 
f 2366/2366/2366 2363/2363/2363 2364/2364/2364 
f 2363/2363/2363 2366/2366/2366 2367/2367/2367 
f 2361/2361/2361 2354/2354/2354 2368/2368/2368 
f 2356/2356/2356 2368/2368/2368 2354/2354/2354 
f 2369/2369/2369 2361/2361/2361 2368/2368/2368 
f 2368/2368/2368 2356/2356/2356 2370/2370/2370 
f 2368/2368/2368 2370/2370/2370 2369/2369/2369 
f 2356/2356/2356 2371/2371/2371 2370/2370/2370 
f 2361/2361/2361 2369/2369/2369 2372/2372/2372 
f 2365/2365/2365 2361/2361/2361 2372/2372/2372 
f 2373/2373/2373 2369/2369/2369 2370/2370/2370 
f 2371/2371/2371 2373/2373/2373 2370/2370/2370 
f 2374/2374/2374 2369/2369/2369 2373/2373/2373 
f 2373/2373/2373 2371/2371/2371 2375/2375/2375 
f 2374/2374/2374 2373/2373/2373 2375/2375/2375 
f 2371/2371/2371 2356/2356/2356 2376/2376/2376 
f 2355/2355/2355 2376/2376/2376 2356/2356/2356 
f 2376/2376/2376 2355/2355/2355 2377/2377/2377 
f 2377/2377/2377 2378/2378/2378 2376/2376/2376 
f 2376/2376/2376 2378/2378/2378 2379/2379/2379 
f 2379/2379/2379 2371/2371/2371 2376/2376/2376 
f 2367/2367/2367 2379/2379/2379 2378/2378/2378 
f 2371/2371/2371 2379/2379/2379 2380/2380/2380 
f 2366/2366/2366 2379/2379/2379 2367/2367/2367 
f 2366/2366/2366 2380/2380/2380 2379/2379/2379 
f 2371/2371/2371 2380/2380/2380 2375/2375/2375 
f 2380/2380/2380 2366/2366/2366 2381/2381/2381 
f 2382/2382/2382 2381/2381/2381 2366/2366/2366 
f 2382/2382/2382 2366/2366/2366 2364/2364/2364 
f 2364/2364/2364 2365/2365/2365 2382/2382/2382 
f 2383/2383/2383 2381/2381/2381 2382/2382/2382 
f 2365/2365/2365 2383/2383/2383 2382/2382/2382 
f 2384/2384/2384 2380/2380/2380 2381/2381/2381 
f 2381/2381/2381 2383/2383/2383 2384/2384/2384 
f 2383/2383/2383 2365/2365/2365 2385/2385/2385 
f 2380/2380/2380 2384/2384/2384 2386/2386/2386 
f 2375/2375/2375 2380/2380/2380 2386/2386/2386 
f 2387/2387/2387 2384/2384/2384 2383/2383/2383 
f 2387/2387/2387 2383/2383/2383 2385/2385/2385 
f 2372/2372/2372 2385/2385/2385 2365/2365/2365 
f 2384/2384/2384 2387/2387/2387 2388/2388/2388 
f 2384/2384/2384 2388/2388/2388 2386/2386/2386 
f 2385/2385/2385 2389/2389/2389 2387/2387/2387 
f 2390/2390/2390 2388/2388/2388 2387/2387/2387 
f 2389/2389/2389 2390/2390/2390 2387/2387/2387 
f 2385/2385/2385 2391/2391/2391 2389/2389/2389 
f 2391/2391/2391 2385/2385/2385 2372/2372/2372 
f 2390/2390/2390 2389/2389/2389 2391/2391/2391 
f 2391/2391/2391 2372/2372/2372 2392/2392/2392 
f 2392/2392/2392 2390/2390/2390 2391/2391/2391 
f 2372/2372/2372 2393/2393/2393 2392/2392/2392 
f 2390/2390/2390 2392/2392/2392 2393/2393/2393 
f 2393/2393/2393 2372/2372/2372 2369/2369/2369 
f 2369/2369/2369 2374/2374/2374 2393/2393/2393 
f 2393/2393/2393 2394/2394/2394 2390/2390/2390 
f 2394/2394/2394 2393/2393/2393 2374/2374/2374 
f 2388/2388/2388 2390/2390/2390 2394/2394/2394 
f 2395/2395/2395 2394/2394/2394 2374/2374/2374 
f 2374/2374/2374 2375/2375/2375 2395/2395/2395 
f 2394/2394/2394 2396/2396/2396 2388/2388/2388 
f 2386/2386/2386 2388/2388/2388 2396/2396/2396 
f 2394/2394/2394 2395/2395/2395 2397/2397/2397 
f 2375/2375/2375 2397/2397/2397 2395/2395/2395 
f 2396/2396/2396 2394/2394/2394 2397/2397/2397 
f 2386/2386/2386 2397/2397/2397 2375/2375/2375 
f 2397/2397/2397 2386/2386/2386 2396/2396/2396 
f 2398/2398/2398 2399/2399/2399 2400/2400/2400 
f 2399/2399/2399 2398/2398/2398 2401/2401/2401 
f 2402/2402/2402 2403/2403/2403 2404/2404/2404 
f 2403/2403/2403 2402/2402/2402 2405/2405/2405 
f 2406/2406/2406 2407/2407/2407 2408/2408/2408 
f 2409/2409/2409 2410/2410/2410 2411/2411/2411 
f 2410/2410/2410 2409/2409/2409 2412/2412/2412 
f 2413/2413/2413 2414/2414/2414 2415/2415/2415 
f 2414/2414/2414 2413/2413/2413 2416/2416/2416 

g Rig6

v -0.0348095 6.72536 0.561171 
v -5.66244e-07 6.62959 0.677919 
v -5.06639e-07 6.70589 0.552676 
v -0.0348096 6.64461 0.694196 
v -0.0348094 6.75373 0.409005 
v -0.0348096 6.52374 0.780392 
v -4.47035e-07 6.73269 0.409005 
v -6.25849e-07 6.51554 0.759109 
v -0.0348537 6.38116 0.811151 
v -6.55651e-07 6.38114 0.785711 
v -3.8743e-07 6.70584 0.265535 
v -0.0348094 6.72536 0.256838 
v -3.27826e-07 6.62957 0.147579 
v -0.0348093 6.64461 0.131861 
v -0.0348093 6.52374 0.0456662 
v -2.68221e-07 6.51556 0.0663692 
v -0.0348533 6.38116 0.0104462 
v -2.98023e-07 6.38114 0.0361122 
v -0.747604 5.35982 0.837269 
v -0.773826 5.32717 0.802078 
v -0.741304 5.32717 0.826048 
v -0.780766 5.35982 0.810066 
v -0.756819 5.22801 0.756361 
v -0.725857 5.21918 0.777105 
v -0.713636 5.11322 0.683803 
v -0.743365 5.1304 0.666235 
v -0.700934 5.03382 0.554982 
v -0.729382 5.05496 0.546912 
v -0.698048 5.01139 0.400007 
v -0.726207 5.03596 0.400377 
v -0.732818 5.05613 0.272067 
v -0.704048 5.03505 0.262456 
v -0.743365 5.13162 0.158202 
v -0.71362 5.11406 0.139194 
v -0.756819 5.22862 0.0691784 
v -0.725832 5.21955 0.0473562 
v -0.741269 5.32639 -0.00185969 
v -0.773826 5.32717 0.0228215 
v -0.747568 5.35896 -0.0163273 
v -0.780765 5.35982 0.0116829 
v -0.756855 6.70589 0.552676 
v -0.756855 6.62959 0.677919 
v -0.727269 6.72537 0.561171 
v -0.72727 6.64461 0.694196 
v -0.727269 6.75373 0.409005 
v -0.72727 6.52374 0.780392 
v -0.756855 6.73269 0.409005 
v -0.756856 6.51554 0.759109 
v -0.727229 6.38116 0.81115 
v -0.756856 6.38114 0.785625 
v -0.756855 6.70584 0.265535 
v -0.727269 6.72537 0.256838 
v -0.756855 6.62957 0.147579 
v -0.727269 6.64461 0.131861 
v -0.727269 6.52374 0.0456659 
v -0.756855 6.51556 0.0663688 
v -0.727228 6.38116 0.0104459 
v -0.756855 6.38114 0.0361198 
v -0.72727 6.64461 0.694196 
v -0.0348096 6.64461 0.694196 
v -0.727269 6.72537 0.561171 
v -0.72727 6.52374 0.780392 
v -0.0348095 6.72536 0.561171 
v -0.0348096 6.52374 0.780392 
v -0.0348537 6.38116 0.811151 
v -0.727229 6.38116 0.81115 
v -0.0348094 6.75373 0.409005 
v -0.727269 6.75373 0.409005 
v -0.0348094 6.72536 0.256838 
v -0.727269 6.72537 0.256838 
v -0.0348093 6.64461 0.131861 
v -0.727269 6.64461 0.131861 
v -0.727269 6.52374 0.0456659 
v -0.0348093 6.52374 0.0456662 
v -0.0348533 6.38116 0.0104462 
v -0.727228 6.38116 0.0104459 
v -0.0993203 5.32639 -0.00185874 
v -0.747568 5.35896 -0.0163273 
v -0.0929957 5.35896 -0.0163261 
v -0.741269 5.32639 -0.00185969 
v -0.725832 5.21955 0.0473562 
v -0.114742 5.21955 0.0473569 
v -0.71362 5.11406 0.139194 
v -0.126942 5.11406 0.139194 
v -0.704048 5.03505 0.262456 
v -0.136506 5.03505 0.262457 
v -0.698048 5.01139 0.400007 
v -0.142501 5.01139 0.400007 
v -0.139622 5.03382 0.554983 
v -0.700934 5.03382 0.554982 
v -0.126942 5.11322 0.683804 
v -0.713636 5.11322 0.683803 
v -0.114742 5.21918 0.777106 
v -0.725857 5.21918 0.777105 
v -0.0993207 5.32717 0.82605 
v -0.741304 5.32717 0.826048 
v -0.747604 5.35982 0.837269 
v -0.0929962 5.35982 0.83727 
v -0.0348533 6.38116 0.0104462 
v -2.98023e-07 6.38114 0.0361122 
v -0.0348532 6.34874 -0.0163279 
v -2.98023e-07 6.34873 0.0116672 
v -0.0348547 6.34873 0.83727 
v 3.27826e-07 6.34874 0.810171 
v -6.55651e-07 6.38114 0.785711 
v -0.0348537 6.38116 0.811151 
v -0.0663494 5.32717 0.0228204 
v -0.0929957 5.35896 -0.0163261 
v -0.0593764 5.35982 0.0116815 
v -0.0993203 5.32639 -0.00185874 
v -0.0833562 5.22861 0.0691776 
v -0.114742 5.21955 0.0473569 
v -0.126942 5.11406 0.139194 
v -0.0968103 5.13162 0.158202 
v -0.136506 5.03505 0.262457 
v -0.107357 5.05613 0.272067 
v -0.142501 5.01139 0.400007 
v -0.113968 5.03596 0.400377 
v -0.110794 5.05496 0.546927 
v -0.139622 5.03382 0.554983 
v -0.0968105 5.1304 0.666266 
v -0.126942 5.11322 0.683804 
v -0.0833564 5.22801 0.756407 
v -0.114742 5.21918 0.777106 
v -0.0993207 5.32717 0.82605 
v -0.0663498 5.32717 0.80214 
v -0.0929962 5.35982 0.83727 
v -0.0593768 5.35982 0.810135 
v -0.756855 6.38114 0.0361198 
v -0.747595 6.34874 -0.0163282 
v -0.780764 6.34873 0.0116749 
v -0.727228 6.38116 0.0104459 
v -0.756856 6.38114 0.785625 
v -0.747622 6.34873 0.837269 
v -0.727229 6.38116 0.81115 
v -0.780766 6.34874 0.810079 
v -0.727228 6.38116 0.0104459 
v -0.0348533 6.38116 0.0104462 
v -0.0348532 6.34874 -0.0163279 
v -0.747595 6.34874 -0.0163282 
v -0.0348547 6.34873 0.83727 
v -0.727229 6.38116 0.81115 
v -0.747622 6.34873 0.837269 
v -0.0348537 6.38116 0.811151 
v -0.780764 6.34873 0.0116749 
v -0.756855 6.38114 0.409006 
v -0.756855 6.38114 0.0361198 
v -0.780766 6.34874 0.810079 
v -0.756855 6.38114 0.409006 
v -0.780766 6.34874 0.810079 
v -0.756856 6.38114 0.785625 
v -0.0348603 6.12297 -0.0163278 
v 6.55651e-07 5.78952 0.0116832 
v -0.0348633 5.78952 -0.0163278 
v 6.85453e-07 6.12297 0.0116712 
v -2.98023e-07 6.34873 0.0116672 
v -0.0348603 6.12297 -0.0163278 
v -0.0348532 6.34874 -0.0163279 
v 6.85453e-07 6.12297 0.0116712 
v 2.68221e-07 5.78953 0.810187 
v -0.0348607 6.12293 0.83727 
v -0.0348637 5.78953 0.83727 
v 2.98023e-07 6.12293 0.810188 
v 2.98023e-07 6.12293 0.810188 
v -0.0348547 6.34873 0.83727 
v -0.0348607 6.12293 0.83727 
v 3.27826e-07 6.34874 0.810171 
v -0.747568 5.78952 -0.0163281 
v -0.780765 5.74065 0.0116828 
v -0.780765 5.78952 0.0116828 
v -0.747568 5.74065 -0.0163281 
v -0.747578 6.12302 -0.0163282 
v -0.780765 5.78952 0.0116828 
v -0.780765 6.12302 0.0116779 
v -0.747568 5.78952 -0.0163281 
v -0.747595 6.34874 -0.0163282 
v -0.747578 6.12302 -0.0163282 
v -0.780764 6.34873 0.0116749 
v -0.780765 6.12302 0.0116779 
v -0.780765 5.35982 0.0116829 
v -0.780765 5.74065 0.0116828 
v -0.747568 5.74065 -0.0163281 
v -0.747568 5.35896 -0.0163273 
v -0.780766 5.74065 0.810042 
v -0.747622 5.78953 0.837269 
v -0.780766 5.78953 0.810044 
v -0.747616 5.74065 0.837269 
v -0.780766 6.12293 0.810049 
v -0.780766 5.78953 0.810044 
v -0.747622 5.78953 0.837269 
v -0.747622 6.12293 0.837269 
v -0.780766 6.12293 0.810049 
v -0.747622 6.34873 0.837269 
v -0.780766 6.34874 0.810079 
v -0.747622 6.12293 0.837269 
v -0.780766 5.35982 0.810066 
v -0.747616 5.74065 0.837269 
v -0.780766 5.74065 0.810042 
v -0.747604 5.35982 0.837269 
v -0.0593764 5.74065 0.0116832 
v -0.0593764 5.35982 0.0116815 
v -0.0929923 5.74065 -0.0163278 
v -0.0929957 5.35896 -0.0163261 
v -0.0929928 5.74065 0.83727 
v -0.0929962 5.35982 0.83727 
v -0.0593768 5.35982 0.810135 
v -0.0593767 5.74065 0.810135 
v -0.0593767 5.74065 0.810135 
v -0.0348637 5.78953 0.83727 
v -0.0929928 5.74065 0.83727 
v 2.68221e-07 5.78953 0.810187 
v -0.0929923 5.74065 -0.0163278 
v -0.0348633 5.78952 -0.0163278 
v -0.0593764 5.74065 0.0116832 
v 6.55651e-07 5.78952 0.0116832 
v -0.773826 5.32717 0.0228215 
v -0.780766 5.35982 0.810066 
v -0.780765 5.35982 0.0116829 
v -0.773826 5.32717 0.802078 
v -0.756819 5.22862 0.0691784 
v -0.756819 5.22801 0.756361 
v -0.743365 5.13162 0.158202 
v -0.743365 5.1304 0.666235 
v -0.726207 5.03596 0.400377 
v -0.729382 5.05496 0.546912 
v -0.732818 5.05613 0.272067 
v -0.0348603 6.12297 -0.0163278 
v -0.747568 5.78952 -0.0163281 
v -0.747578 6.12302 -0.0163282 
v -0.0348633 5.78952 -0.0163278 
v -0.0929923 5.74065 -0.0163278 
v -0.747568 5.74065 -0.0163281 
v -0.0348532 6.34874 -0.0163279 
v -0.747578 6.12302 -0.0163282 
v -0.747595 6.34874 -0.0163282 
v -0.0348603 6.12297 -0.0163278 
v -0.747568 5.74065 -0.0163281 
v -0.0929957 5.35896 -0.0163261 
v -0.747568 5.35896 -0.0163273 
v -0.0929923 5.74065 -0.0163278 
v -0.0929928 5.74065 0.83727 
v -0.747622 5.78953 0.837269 
v -0.747616 5.74065 0.837269 
v -0.0348637 5.78953 0.83727 
v -0.0348637 5.78953 0.83727 
v -0.747622 6.12293 0.837269 
v -0.747622 5.78953 0.837269 
v -0.0348607 6.12293 0.83727 
v -0.0348607 6.12293 0.83727 
v -0.747622 6.34873 0.837269 
v -0.747622 6.12293 0.837269 
v -0.0348547 6.34873 0.83727 
v -0.747604 5.35982 0.837269 
v -0.0929928 5.74065 0.83727 
v -0.747616 5.74065 0.837269 
v -0.0929962 5.35982 0.83727 
v -0.0593764 5.35982 0.0116815 
v -0.0593768 5.35982 0.810135 
v -0.0663494 5.32717 0.0228204 
v -0.0663498 5.32717 0.80214 
v -0.0833562 5.22861 0.0691776 
v -0.0833564 5.22801 0.756407 
v -0.0968103 5.13162 0.158202 
v -0.0968105 5.1304 0.666266 
v -0.113968 5.03596 0.400377 
v -0.107357 5.05613 0.272067 
v -0.110794 5.05496 0.546927 
v -2.98023e-07 6.34873 0.0116672 
v 3.27826e-07 6.34874 0.810171 
v 6.85453e-07 6.12297 0.0116712 
v 2.98023e-07 6.12293 0.810188 
v 6.85453e-07 6.12297 0.0116712 
v 2.98023e-07 6.12293 0.810188 
v 6.55651e-07 5.78952 0.0116832 
v 2.68221e-07 5.78953 0.810187 
v -4.76837e-07 6.38114 0.409004 
v -2.98023e-07 6.34873 0.0116672 
v -2.98023e-07 6.38114 0.0361122 
v 3.27826e-07 6.34874 0.810171 
v -5.06639e-07 6.70589 0.552676 
v -5.66244e-07 6.62959 0.677919 
v -4.76837e-07 6.38114 0.409004 
v -6.25849e-07 6.51554 0.759109 
v -6.55651e-07 6.38114 0.785711 
v -4.47035e-07 6.73269 0.409005 
v -3.8743e-07 6.70584 0.265535 
v -3.27826e-07 6.62957 0.147579 
v -2.68221e-07 6.51556 0.0663692 
v -2.98023e-07 6.38114 0.0361122 
v 3.27826e-07 6.34874 0.810171 
v -4.76837e-07 6.38114 0.409004 
v -6.55651e-07 6.38114 0.785711 
v -0.780765 5.78952 0.0116828 
v -0.780766 6.12293 0.810049 
v -0.780765 6.12302 0.0116779 
v -0.780766 5.78953 0.810044 
v -0.780765 5.78952 0.0116828 
v -0.780766 5.74065 0.810042 
v -0.780766 5.78953 0.810044 
v -0.780765 5.74065 0.0116828 
v -0.780766 6.12293 0.810049 
v -0.780764 6.34873 0.0116749 
v -0.780765 6.12302 0.0116779 
v -0.780766 6.34874 0.810079 
v -0.780765 5.35982 0.0116829 
v -0.780766 5.74065 0.810042 
v -0.780765 5.74065 0.0116828 
v -0.780766 5.35982 0.810066 
v -0.756855 6.62959 0.677919 
v -0.756855 6.70589 0.552676 
v -0.756855 6.38114 0.409006 
v -0.756855 6.73269 0.409005 
v -0.756856 6.51554 0.759109 
v -0.756856 6.38114 0.785625 
v -0.756855 6.70584 0.265535 
v -0.756855 6.62957 0.147579 
v -0.756855 6.51556 0.0663688 
v -0.756855 6.38114 0.0361198 
v -0.0593764 5.74065 0.0116832 
v -0.0593768 5.35982 0.810135 
v -0.0593764 5.35982 0.0116815 
v -0.0593767 5.74065 0.810135 
v -0.0593767 5.74065 0.810135 
v -0.0593764 5.74065 0.0116832 
v 6.55651e-07 5.78952 0.0116832 
v 2.68221e-07 5.78953 0.810187 

vn 0.519685 0.795276 0.307087 
vn 0.535433 0.622047 0.566929 
vn 0.519685 0.795276 0.307087 
vn 0.535433 0.614173 0.574803 
vn 0.519685 0.858268 0 
vn 0.559055 0.330709 0.76378 
vn 0.519685 0.858268 0 
vn 0.559055 0.338583 0.755906 
vn 0.559055 0.165354 0.811024 
vn 0.559055 0.165354 0.811024 
vn 0.519685 0.795276 -0.307087 
vn 0.519685 0.795276 -0.314961 
vn 0.527559 0.614173 -0.582677 
vn 0.527559 0.614173 -0.590551 
vn 0.551181 0.346457 -0.76378 
vn 0.551181 0.346457 -0.755906 
vn 0.559055 0.188976 -0.80315 
vn 0.559055 0.188976 -0.80315 
vn -0.582677 -0.338583 0.740157 
vn -0.566929 -0.393701 0.724409 
vn -0.566929 -0.393701 0.724409 
vn -0.582677 -0.338583 0.740157 
vn -0.582677 -0.503937 0.629921 
vn -0.582677 -0.503937 0.637795 
vn -0.614173 -0.637795 0.464567 
vn -0.614173 -0.637795 0.464567 
vn -0.629921 -0.740157 0.228346 
vn -0.629921 -0.740157 0.23622 
vn -0.637795 -0.771654 0.00787402 
vn -0.637795 -0.771654 0 
vn -0.637795 -0.724409 -0.251969 
vn -0.637795 -0.724409 -0.251969 
vn -0.629921 -0.622047 -0.464567 
vn -0.629921 -0.622047 -0.472441 
vn -0.598425 -0.503937 -0.622047 
vn -0.598425 -0.496063 -0.622047 
vn -0.582677 -0.409449 -0.700787 
vn -0.574803 -0.409449 -0.700787 
vn -0.582677 -0.393701 -0.708661 
vn -0.582677 -0.393701 -0.708661 
vn -0.582677 0.755906 0.291339 
vn -0.598425 0.590551 0.543307 
vn -0.582677 0.755906 0.291339 
vn -0.598425 0.590551 0.543307 
vn -0.582677 0.811024 0 
vn -0.622047 0.314961 0.716535 
vn -0.582677 0.811024 0 
vn -0.622047 0.314961 0.716535 
vn -0.622047 0.15748 0.76378 
vn -0.622047 0.15748 0.76378 
vn -0.582677 0.755906 -0.299213 
vn -0.582677 0.755906 -0.299213 
vn -0.590551 0.582677 -0.551181 
vn -0.590551 0.582677 -0.559055 
vn -0.614173 0.322835 -0.724409 
vn -0.614173 0.330709 -0.716535 
vn -0.622047 0.181102 -0.76378 
vn -0.622047 0.181102 -0.76378 
vn 0 0.740157 0.677165 
vn 0 0.740157 0.677165 
vn 0 0.937008 0.354331 
vn 0 0.409449 0.913386 
vn 0 0.937008 0.354331 
vn 0 0.409449 0.913386 
vn 0 0.212598 0.976378 
vn 0 0.212598 0.976378 
vn 0 1 0 
vn 0 1 0 
vn 0 0.929134 -0.362205 
vn 0 0.929134 -0.362205 
vn 0 0.724409 -0.692913 
vn 0 0.724409 -0.692913 
vn 0 0.417323 -0.905512 
vn 0 0.417323 -0.905512 
vn 0 0.23622 -0.968504 
vn 0 0.23622 -0.968504 
vn 0 -0.417323 -0.913386 
vn 0 -0.409449 -0.913386 
vn 0 -0.409449 -0.913386 
vn 0 -0.417323 -0.913386 
vn 0 -0.543307 -0.84252 
vn 0 -0.543307 -0.84252 
vn 0 -0.755906 -0.661417 
vn 0 -0.755906 -0.661417 
vn 0 -0.929134 -0.377953 
vn 0 -0.929134 -0.377953 
vn 0 -1 -0.00787402 
vn 0 -1 -0.00787402 
vn 0 -0.937008 0.346457 
vn 0 -0.937008 0.346457 
vn 0 -0.76378 0.645669 
vn 0 -0.76378 0.645669 
vn 0 -0.543307 0.84252 
vn 0 -0.543307 0.84252 
vn 0 -0.385827 0.92126 
vn 0 -0.385827 0.92126 
vn 0 -0.322835 0.944882 
vn 0 -0.322835 0.944882 
vn 0.519685 0.527559 -0.669291 
vn 0.519685 0.527559 -0.669291 
vn 0.519685 0.527559 -0.669291 
vn 0.519685 0.527559 -0.669291 
vn 0.511811 0.527559 0.677165 
vn 0.511811 0.527559 0.677165 
vn 0.511811 0.527559 0.677165 
vn 0.511811 0.527559 0.677165 
vn 0.574803 -0.417323 -0.708661 
vn 0.574803 -0.401575 -0.716535 
vn 0.574803 -0.401575 -0.716535 
vn 0.574803 -0.409449 -0.708661 
vn 0.598425 -0.503937 -0.622047 
vn 0.598425 -0.503937 -0.622047 
vn 0.622047 -0.622047 -0.472441 
vn 0.622047 -0.622047 -0.472441 
vn 0.637795 -0.732283 -0.251969 
vn 0.637795 -0.732283 -0.251969 
vn 0.629921 -0.779528 0.00787402 
vn 0.629921 -0.779528 0 
vn 0.629921 -0.740157 0.23622 
vn 0.629921 -0.740157 0.228346 
vn 0.606299 -0.645669 0.464567 
vn 0.606299 -0.645669 0.464567 
vn 0.582677 -0.503937 0.637795 
vn 0.582677 -0.503937 0.637795 
vn 0.559055 -0.393701 0.724409 
vn 0.559055 -0.401575 0.724409 
vn 0.574803 -0.338583 0.748031 
vn 0.574803 -0.338583 0.748031 
vn -0.448819 0.724409 -0.527559 
vn -0.448819 0.724409 -0.527559 
vn -0.448819 0.724409 -0.527559 
vn -0.448819 0.724409 -0.527559 
vn -0.448819 0.716535 0.535433 
vn -0.448819 0.716535 0.535433 
vn -0.448819 0.716535 0.535433 
vn -0.448819 0.716535 0.535433 
vn 0 0.637795 -0.771654 
vn 0 0.637795 -0.771654 
vn 0 0.637795 -0.771654 
vn 0 0.637795 -0.771654 
vn 0 0.629921 0.779528 
vn 0 0.629921 0.779528 
vn 0 0.629921 0.779528 
vn 0 0.629921 0.779528 
vn -0.80315 0.590551 0 
vn -0.80315 0.590551 0 
vn -0.80315 0.590551 0 
vn -0.80315 0.590551 0 
vn -0.80315 0.590551 0 
vn -0.80315 0.590551 0 
vn -0.80315 0.590551 0 
vn 0.629921 0 -0.779528 
vn 0.629921 0 -0.779528 
vn 0.629921 0 -0.779528 
vn 0.629921 0 -0.779528 
vn 0.629921 0 -0.779528 
vn 0.629921 0 -0.779528 
vn 0.629921 0 -0.779528 
vn 0.629921 0 -0.779528 
vn 0.614173 0 0.787402 
vn 0.614173 0 0.787402 
vn 0.614173 0 0.787402 
vn 0.614173 0 0.787402 
vn 0.614173 0 0.787402 
vn 0.614173 0 0.787402 
vn 0.614173 0 0.787402 
vn 0.614173 0 0.787402 
vn -0.645669 0 -0.76378 
vn -0.645669 0 -0.76378 
vn -0.645669 0 -0.76378 
vn -0.645669 0 -0.76378 
vn -0.645669 0 -0.76378 
vn -0.645669 0 -0.76378 
vn -0.645669 0 -0.76378 
vn -0.645669 0 -0.76378 
vn -0.645669 0 -0.76378 
vn -0.645669 0 -0.76378 
vn -0.645669 0 -0.76378 
vn -0.645669 0 -0.76378 
vn -0.645669 0 -0.76378 
vn -0.645669 0 -0.76378 
vn -0.645669 0 -0.76378 
vn -0.645669 0 -0.76378 
vn -0.637795 0 0.771654 
vn -0.637795 0 0.771654 
vn -0.637795 0 0.771654 
vn -0.637795 0 0.771654 
vn -0.637795 0 0.771654 
vn -0.637795 0 0.771654 
vn -0.637795 0 0.771654 
vn -0.637795 0 0.771654 
vn -0.637795 0 0.771654 
vn -0.637795 0 0.771654 
vn -0.637795 0 0.771654 
vn -0.637795 0 0.771654 
vn -0.637795 0 0.771654 
vn -0.637795 0 0.771654 
vn -0.637795 0 0.771654 
vn -0.637795 0 0.771654 
vn 0.637795 0 -0.771654 
vn 0.637795 0 -0.771654 
vn 0.637795 0 -0.771654 
vn 0.637795 0 -0.771654 
vn 0.629921 0 0.779528 
vn 0.629921 0 0.779528 
vn 0.629921 0 0.779528 
vn 0.629921 0 0.779528 
vn 0.496063 -0.598425 0.629921 
vn 0.496063 -0.598425 0.629921 
vn 0.496063 -0.598425 0.629921 
vn 0.496063 -0.598425 0.629921 
vn 0.503937 -0.606299 -0.614173 
vn 0.503937 -0.606299 -0.614173 
vn 0.503937 -0.606299 -0.614173 
vn 0.503937 -0.606299 -0.614173 
vn -0.984252 -0.181102 0 
vn -0.976378 -0.204724 0 
vn -0.976378 -0.204724 0 
vn -0.984252 -0.181102 0 
vn -0.984252 -0.165354 0 
vn -0.984252 -0.165354 0 
vn -0.992126 -0.141732 0 
vn -0.992126 -0.141732 0 
vn -0.984252 -0.165354 0.00787402 
vn -0.984252 -0.165354 0.00787402 
vn -0.984252 -0.165354 0.00787402 
vn 0 0 -1 
vn 0 0 -1 
vn 0 0 -1 
vn 0 0 -1 
vn 0 0 -1 
vn 0 0 -1 
vn 0 0 -1 
vn 0 0 -1 
vn 0 0 -1 
vn 0 0 -1 
vn 0 0 -1 
vn 0 0 -1 
vn 0 0 -1 
vn 0 0 -1 
vn 0 0 1 
vn 0 0 1 
vn 0 0 1 
vn 0 0 1 
vn 0 0 1 
vn 0 0 1 
vn 0 0 1 
vn 0 0 1 
vn 0 0 1 
vn 0 0 1 
vn 0 0 1 
vn 0 0 1 
vn 0 0 1 
vn 0 0 1 
vn 0 0 1 
vn 0 0 1 
vn 0.976378 -0.212598 0 
vn 0.976378 -0.212598 0 
vn 0.984252 -0.181102 0 
vn 0.984252 -0.181102 0 
vn 0.984252 -0.165354 0 
vn 0.984252 -0.165354 0 
vn 0.992126 -0.141732 0 
vn 0.992126 -0.141732 0 
vn 0.984252 -0.165354 0.00787402 
vn 0.984252 -0.165354 0.00787402 
vn 0.984252 -0.165354 0.00787402 
vn 1 0 0 
vn 1 0 0 
vn 1 0 0 
vn 1 0 0 
vn 1 0 0 
vn 1 0 0 
vn 1 0 0 
vn 1 0 0 
vn 1 0 0 
vn 1 0 0 
vn 1 0 0 
vn 1 0 0 
vn 1 0 0 
vn 1 0 0 
vn 1 0 0 
vn 1 0 0 
vn 1 0 0 
vn 1 0 0 
vn 1 0 0 
vn 1 0 0 
vn 1 0 0 
vn 1 0 0 
vn 1 0 0 
vn 1 0 0 
vn 1 0 0 
vn -1 0 0 
vn -1 0 0 
vn -1 0 0 
vn -1 0 0 
vn -1 0 0 
vn -1 0 0 
vn -1 0 0 
vn -1 0 0 
vn -1 0 0 
vn -1 0 0 
vn -1 0 0 
vn -1 0 0 
vn -1 0 0 
vn -1 0 0 
vn -1 0 0 
vn -1 0 0 
vn -1 0 0 
vn -1 0 0 
vn -1 0 0 
vn -1 0 0 
vn -1 0 0 
vn -1 0 0 
vn -1 0 0 
vn -1 0 0 
vn -1 0 0 
vn -1 0 0 
vn 1 0 0 
vn 1 0 0 
vn 1 0 0 
vn 1 0 0 
vn 0.637795 -0.771654 0 
vn 0.637795 -0.771654 0 
vn 0.637795 -0.771654 0 
vn 0.637795 -0.771654 0 

vt 0.452075 0.41361 
vt 0.443695 0.410639 
vt 0.452347 0.410639 
vt 0.443695 0.41361 
vt 0.460758 0.41361 
vt 0.4359 0.41361 
vt 0.460883 0.410639 
vt 0.4359 0.410639 
vt 0.42823 0.41361 
vt 0.42823 0.410639 
vt 0.468983 0.410639 
vt 0.469201 0.41361 
vt 0.476974 0.410639 
vt 0.476974 0.41361 
vt 0.484872 0.41361 
vt 0.484872 0.410639 
vt 0.492963 0.41361 
vt 0.492963 0.410639 
vt 0.533225 0.391171 
vt 0.532199 0.396024 
vt 0.530849 0.394466 
vt 0.534815 0.392939 
vt 0.532199 0.397576 
vt 0.530849 0.396228 
vt 0.530849 0.401146 
vt 0.532199 0.402288 
vt 0.530849 0.409519 
vt 0.532199 0.410044 
vt 0.530849 0.419593 
vt 0.532199 0.419569 
vt 0.532199 0.427909 
vt 0.530848 0.428534 
vt 0.532199 0.43531 
vt 0.530848 0.436546 
vt 0.532199 0.43998 
vt 0.530848 0.441398 
vt 0.530848 0.443356 
vt 0.532199 0.441752 
vt 0.533223 0.446655 
vt 0.534815 0.444834 
vt 0.451934 0.467063 
vt 0.443695 0.467063 
vt 0.451767 0.464266 
vt 0.443695 0.464266 
vt 0.460054 0.464266 
vt 0.4359 0.464266 
vt 0.459935 0.467063 
vt 0.4359 0.467063 
vt 0.42823 0.464266 
vt 0.42823 0.467063 
vt 0.468266 0.467063 
vt 0.468535 0.464266 
vt 0.476974 0.467063 
vt 0.476974 0.464266 
vt 0.484872 0.464266 
vt 0.484872 0.467063 
vt 0.492963 0.464266 
vt 0.492963 0.467064 
vt 0.443695 0.464266 
vt 0.443695 0.41361 
vt 0.451767 0.464266 
vt 0.4359 0.464266 
vt 0.452075 0.41361 
vt 0.4359 0.41361 
vt 0.42823 0.41361 
vt 0.42823 0.464266 
vt 0.460758 0.41361 
vt 0.460054 0.464266 
vt 0.469201 0.41361 
vt 0.468535 0.464266 
vt 0.476974 0.41361 
vt 0.476974 0.464266 
vt 0.484872 0.464266 
vt 0.484872 0.41361 
vt 0.492963 0.41361 
vt 0.492963 0.464266 
vt 0.50421 0.443356 
vt 0.533223 0.446655 
vt 0.501837 0.446655 
vt 0.530848 0.443356 
vt 0.530848 0.441398 
vt 0.50421 0.441398 
vt 0.530848 0.436546 
vt 0.50421 0.436546 
vt 0.530848 0.428534 
vt 0.50421 0.428534 
vt 0.530849 0.419593 
vt 0.50421 0.419593 
vt 0.50421 0.409519 
vt 0.530849 0.409519 
vt 0.50421 0.401146 
vt 0.530849 0.401146 
vt 0.50421 0.396228 
vt 0.530849 0.396228 
vt 0.50421 0.394466 
vt 0.530849 0.394466 
vt 0.533225 0.391171 
vt 0.501837 0.391171 
vt 0.492963 0.41361 
vt 0.492963 0.410639 
vt 0.495157 0.41361 
vt 0.495157 0.410639 
vt 0.426042 0.41361 
vt 0.426042 0.410639 
vt 0.42823 0.410639 
vt 0.42823 0.41361 
vt 0.502842 0.441752 
vt 0.501837 0.446655 
vt 0.500225 0.444834 
vt 0.50421 0.443356 
vt 0.502842 0.43998 
vt 0.50421 0.441398 
vt 0.50421 0.436546 
vt 0.502842 0.43531 
vt 0.50421 0.428534 
vt 0.502842 0.427909 
vt 0.50421 0.419593 
vt 0.502842 0.419569 
vt 0.502842 0.410043 
vt 0.50421 0.409519 
vt 0.502842 0.402286 
vt 0.50421 0.401146 
vt 0.502842 0.397573 
vt 0.50421 0.396228 
vt 0.50421 0.394466 
vt 0.502842 0.39602 
vt 0.501837 0.391171 
vt 0.500225 0.392934 
vt 0.492963 0.467064 
vt 0.495157 0.464266 
vt 0.495157 0.467064 
vt 0.492963 0.464266 
vt 0.42823 0.467063 
vt 0.426042 0.464266 
vt 0.42823 0.464266 
vt 0.426042 0.467063 
vt 0.492963 0.464266 
vt 0.492963 0.41361 
vt 0.495157 0.41361 
vt 0.495157 0.464266 
vt 0.426042 0.41361 
vt 0.42823 0.464266 
vt 0.426042 0.464266 
vt 0.42823 0.41361 
vt 0.481373 0.495618 
vt 0.459872 0.492663 
vt 0.480089 0.492663 
vt 0.438042 0.495618 
vt 0.459872 0.492663 
vt 0.438042 0.495618 
vt 0.439419 0.492663 
vt 0.499325 0.356713 
vt 0.495656 0.319644 
vt 0.499325 0.319644 
vt 0.495656 0.356713 
vt 0.495656 0.38256 
vt 0.499325 0.356713 
vt 0.499325 0.38256 
vt 0.495656 0.356713 
vt 0.704532 0.319644 
vt 0.700926 0.356713 
vt 0.700926 0.319644 
vt 0.704532 0.356713 
vt 0.704532 0.356713 
vt 0.700926 0.38256 
vt 0.700926 0.356713 
vt 0.704532 0.38256 
vt 0.561334 0.319644 
vt 0.565325 0.31285 
vt 0.565325 0.319644 
vt 0.561334 0.31285 
vt 0.561334 0.356713 
vt 0.565325 0.319644 
vt 0.565325 0.356713 
vt 0.561334 0.319644 
vt 0.561334 0.38256 
vt 0.561334 0.356713 
vt 0.565325 0.38256 
vt 0.565325 0.356713 
vt 0.565325 0.270524 
vt 0.565325 0.31285 
vt 0.561334 0.31285 
vt 0.561334 0.270524 
vt 0.635458 0.312851 
vt 0.638793 0.319644 
vt 0.635458 0.319644 
vt 0.638793 0.312851 
vt 0.635458 0.356713 
vt 0.635458 0.319644 
vt 0.638793 0.319644 
vt 0.638793 0.356713 
vt 0.635458 0.356713 
vt 0.638793 0.38256 
vt 0.635458 0.38256 
vt 0.638793 0.356713 
vt 0.635458 0.270524 
vt 0.638793 0.312851 
vt 0.635458 0.312851 
vt 0.638793 0.270524 
vt 0.495656 0.313219 
vt 0.495656 0.270586 
vt 0.499325 0.313715 
vt 0.499325 0.270669 
vt 0.700926 0.312851 
vt 0.700926 0.270524 
vt 0.704532 0.270524 
vt 0.704532 0.312851 
vt 0.704532 0.312851 
vt 0.700926 0.319644 
vt 0.700926 0.312851 
vt 0.704532 0.319644 
vt 0.499325 0.313715 
vt 0.499325 0.319644 
vt 0.495656 0.313219 
vt 0.495656 0.319644 
vt 0.532199 0.441752 
vt 0.534815 0.392939 
vt 0.534815 0.444834 
vt 0.532199 0.396024 
vt 0.532199 0.43998 
vt 0.532199 0.397576 
vt 0.532199 0.43531 
vt 0.532199 0.402288 
vt 0.532199 0.419569 
vt 0.532199 0.410044 
vt 0.532199 0.427909 
vt 0.499325 0.356713 
vt 0.561334 0.319644 
vt 0.561334 0.356713 
vt 0.499325 0.319644 
vt 0.499325 0.313715 
vt 0.561334 0.31285 
vt 0.499325 0.38256 
vt 0.561334 0.356713 
vt 0.561334 0.38256 
vt 0.499325 0.356713 
vt 0.561334 0.31285 
vt 0.499325 0.270669 
vt 0.561334 0.270524 
vt 0.499325 0.313715 
vt 0.700926 0.312851 
vt 0.638793 0.319644 
vt 0.638793 0.312851 
vt 0.700926 0.319644 
vt 0.700926 0.319644 
vt 0.638793 0.356713 
vt 0.638793 0.319644 
vt 0.700926 0.356713 
vt 0.700926 0.356713 
vt 0.638793 0.38256 
vt 0.638793 0.356713 
vt 0.700926 0.38256 
vt 0.638793 0.270524 
vt 0.700926 0.312851 
vt 0.638793 0.312851 
vt 0.700926 0.270524 
vt 0.500225 0.444834 
vt 0.500225 0.392934 
vt 0.502842 0.441752 
vt 0.502842 0.39602 
vt 0.502842 0.43998 
vt 0.502842 0.397573 
vt 0.502842 0.43531 
vt 0.502842 0.402286 
vt 0.502842 0.419569 
vt 0.502842 0.427909 
vt 0.502842 0.410043 
vt 0.495656 0.38256 
vt 0.426548 0.38256 
vt 0.495656 0.356713 
vt 0.426546 0.356713 
vt 0.495656 0.356713 
vt 0.426546 0.356713 
vt 0.495656 0.319644 
vt 0.426547 0.319644 
vt 0.460642 0.386148 
vt 0.482453 0.383932 
vt 0.481092 0.386148 
vt 0.43881 0.383932 
vt 0.452347 0.410639 
vt 0.445387 0.404133 
vt 0.460642 0.386148 
vt 0.441279 0.395708 
vt 0.440118 0.386148 
vt 0.460883 0.410639 
vt 0.468983 0.410639 
vt 0.475336 0.404526 
vt 0.479585 0.396127 
vt 0.481092 0.386148 
vt 0.43881 0.383932 
vt 0.460642 0.386148 
vt 0.440118 0.386148 
vt 0.565325 0.319644 
vt 0.635458 0.356713 
vt 0.565325 0.356713 
vt 0.635458 0.319644 
vt 0.565325 0.319644 
vt 0.635458 0.312851 
vt 0.635458 0.319644 
vt 0.565325 0.31285 
vt 0.635458 0.356713 
vt 0.565325 0.38256 
vt 0.565325 0.356713 
vt 0.635458 0.38256 
vt 0.565325 0.270524 
vt 0.635458 0.312851 
vt 0.565325 0.31285 
vt 0.635458 0.270524 
vt 0.445112 0.472966 
vt 0.451934 0.467063 
vt 0.459872 0.492663 
vt 0.459935 0.467063 
vt 0.440755 0.481293 
vt 0.439419 0.492663 
vt 0.468266 0.467063 
vt 0.474757 0.473928 
vt 0.478815 0.482409 
vt 0.480089 0.492663 
vt 0.495656 0.31285 
vt 0.426551 0.270524 
vt 0.495656 0.270524 
vt 0.426551 0.31285 
vt 0.426551 0.31285 
vt 0.495656 0.31285 
vt 0.495656 0.319644 
vt 0.426547 0.319644 

usemtl Rig1Mtl

f 2417/2417/2417 2418/2418/2418 2419/2419/2419 
f 2417/2417/2417 2420/2420/2420 2418/2418/2418 
f 2419/2419/2419 2421/2421/2421 2417/2417/2417 
f 2422/2422/2422 2418/2418/2418 2420/2420/2420 
f 2421/2421/2421 2419/2419/2419 2423/2423/2423 
f 2418/2418/2418 2422/2422/2422 2424/2424/2424 
f 2425/2425/2425 2424/2424/2424 2422/2422/2422 
f 2426/2426/2426 2424/2424/2424 2425/2425/2425 
f 2427/2427/2427 2421/2421/2421 2423/2423/2423 
f 2421/2421/2421 2427/2427/2427 2428/2428/2428 
f 2429/2429/2429 2428/2428/2428 2427/2427/2427 
f 2428/2428/2428 2429/2429/2429 2430/2430/2430 
f 2429/2429/2429 2431/2431/2431 2430/2430/2430 
f 2431/2431/2431 2429/2429/2429 2432/2432/2432 
f 2432/2432/2432 2433/2433/2433 2431/2431/2431 
f 2433/2433/2433 2432/2432/2432 2434/2434/2434 
f 2435/2435/2435 2436/2436/2436 2437/2437/2437 
f 2436/2436/2436 2435/2435/2435 2438/2438/2438 
f 2439/2439/2439 2437/2437/2437 2436/2436/2436 
f 2437/2437/2437 2439/2439/2439 2440/2440/2440 
f 2439/2439/2439 2441/2441/2441 2440/2440/2440 
f 2441/2441/2441 2439/2439/2439 2442/2442/2442 
f 2443/2443/2443 2441/2441/2441 2442/2442/2442 
f 2443/2443/2443 2442/2442/2442 2444/2444/2444 
f 2444/2444/2444 2445/2445/2445 2443/2443/2443 
f 2445/2445/2445 2444/2444/2444 2446/2446/2446 
f 2447/2447/2447 2445/2445/2445 2446/2446/2446 
f 2445/2445/2445 2447/2447/2447 2448/2448/2448 
f 2447/2447/2447 2449/2449/2449 2448/2448/2448 
f 2450/2450/2450 2448/2448/2448 2449/2449/2449 
f 2451/2451/2451 2450/2450/2450 2449/2449/2449 
f 2450/2450/2450 2451/2451/2451 2452/2452/2452 
f 2451/2451/2451 2453/2453/2453 2452/2452/2452 
f 2453/2453/2453 2451/2451/2451 2454/2454/2454 
f 2455/2455/2455 2453/2453/2453 2454/2454/2454 
f 2456/2456/2456 2455/2455/2455 2454/2454/2454 
f 2457/2457/2457 2458/2458/2458 2459/2459/2459 
f 2459/2459/2459 2458/2458/2458 2460/2460/2460 
f 2461/2461/2461 2457/2457/2457 2459/2459/2459 
f 2462/2462/2462 2460/2460/2460 2458/2458/2458 
f 2463/2463/2463 2457/2457/2457 2461/2461/2461 
f 2462/2462/2462 2458/2458/2458 2464/2464/2464 
f 2464/2464/2464 2465/2465/2465 2462/2462/2462 
f 2465/2465/2465 2464/2464/2464 2466/2466/2466 
f 2467/2467/2467 2463/2463/2463 2461/2461/2461 
f 2461/2461/2461 2468/2468/2468 2467/2467/2467 
f 2469/2469/2469 2467/2467/2467 2468/2468/2468 
f 2468/2468/2468 2470/2470/2470 2469/2469/2469 
f 2471/2471/2471 2469/2469/2469 2470/2470/2470 
f 2469/2469/2469 2471/2471/2471 2472/2472/2472 
f 2471/2471/2471 2473/2473/2473 2472/2472/2472 
f 2472/2472/2472 2473/2473/2473 2474/2474/2474 
f 2475/2475/2475 2476/2476/2476 2477/2477/2477 
f 2478/2478/2478 2476/2476/2476 2475/2475/2475 
f 2479/2479/2479 2477/2477/2477 2476/2476/2476 
f 2478/2478/2478 2480/2480/2480 2476/2476/2476 
f 2478/2478/2478 2481/2481/2481 2480/2480/2480 
f 2481/2481/2481 2478/2478/2478 2482/2482/2482 
f 2483/2483/2483 2477/2477/2477 2479/2479/2479 
f 2483/2483/2483 2484/2484/2484 2477/2477/2477 
f 2485/2485/2485 2484/2484/2484 2483/2483/2483 
f 2485/2485/2485 2486/2486/2486 2484/2484/2484 
f 2487/2487/2487 2486/2486/2486 2485/2485/2485 
f 2487/2487/2487 2488/2488/2488 2486/2486/2486 
f 2488/2488/2488 2487/2487/2487 2489/2489/2489 
f 2490/2490/2490 2489/2489/2489 2487/2487/2487 
f 2491/2491/2491 2489/2489/2489 2490/2490/2490 
f 2489/2489/2489 2491/2491/2491 2492/2492/2492 
f 2493/2493/2493 2494/2494/2494 2495/2495/2495 
f 2494/2494/2494 2493/2493/2493 2496/2496/2496 
f 2493/2493/2493 2497/2497/2497 2496/2496/2496 
f 2497/2497/2497 2493/2493/2493 2498/2498/2498 
f 2497/2497/2497 2498/2498/2498 2499/2499/2499 
f 2500/2500/2500 2499/2499/2499 2498/2498/2498 
f 2499/2499/2499 2500/2500/2500 2501/2501/2501 
f 2502/2502/2502 2501/2501/2501 2500/2500/2500 
f 2501/2501/2501 2502/2502/2502 2503/2503/2503 
f 2504/2504/2504 2503/2503/2503 2502/2502/2502 
f 2505/2505/2505 2503/2503/2503 2504/2504/2504 
f 2503/2503/2503 2505/2505/2505 2506/2506/2506 
f 2507/2507/2507 2506/2506/2506 2505/2505/2505 
f 2506/2506/2506 2507/2507/2507 2508/2508/2508 
f 2509/2509/2509 2508/2508/2508 2507/2507/2507 
f 2508/2508/2508 2509/2509/2509 2510/2510/2510 
f 2510/2510/2510 2509/2509/2509 2511/2511/2511 
f 2510/2510/2510 2511/2511/2511 2512/2512/2512 
f 2511/2511/2511 2513/2513/2513 2512/2512/2512 
f 2513/2513/2513 2511/2511/2511 2514/2514/2514 
f 2515/2515/2515 2516/2516/2516 2517/2517/2517 
f 2516/2516/2516 2518/2518/2518 2517/2517/2517 
f 2519/2519/2519 2520/2520/2520 2521/2521/2521 
f 2519/2519/2519 2521/2521/2521 2522/2522/2522 
f 2523/2523/2523 2524/2524/2524 2525/2525/2525 
f 2524/2524/2524 2523/2523/2523 2526/2526/2526 
f 2527/2527/2527 2526/2526/2526 2523/2523/2523 
f 2526/2526/2526 2527/2527/2527 2528/2528/2528 
f 2527/2527/2527 2529/2529/2529 2528/2528/2528 
f 2529/2529/2529 2527/2527/2527 2530/2530/2530 
f 2531/2531/2531 2529/2529/2529 2530/2530/2530 
f 2530/2530/2530 2532/2532/2532 2531/2531/2531 
f 2532/2532/2532 2533/2533/2533 2531/2531/2531 
f 2533/2533/2533 2532/2532/2532 2534/2534/2534 
f 2535/2535/2535 2533/2533/2533 2534/2534/2534 
f 2533/2533/2533 2535/2535/2535 2536/2536/2536 
f 2535/2535/2535 2537/2537/2537 2536/2536/2536 
f 2536/2536/2536 2537/2537/2537 2538/2538/2538 
f 2539/2539/2539 2538/2538/2538 2537/2537/2537 
f 2538/2538/2538 2539/2539/2539 2540/2540/2540 
f 2539/2539/2539 2541/2541/2541 2540/2540/2540 
f 2541/2541/2541 2539/2539/2539 2542/2542/2542 
f 2542/2542/2542 2543/2543/2543 2541/2541/2541 
f 2543/2543/2543 2542/2542/2542 2544/2544/2544 
f 2545/2545/2545 2546/2546/2546 2547/2547/2547 
f 2546/2546/2546 2545/2545/2545 2548/2548/2548 
f 2549/2549/2549 2550/2550/2550 2551/2551/2551 
f 2550/2550/2550 2549/2549/2549 2552/2552/2552 
f 2553/2553/2553 2554/2554/2554 2555/2555/2555 
f 2553/2553/2553 2555/2555/2555 2556/2556/2556 
f 2557/2557/2557 2558/2558/2558 2559/2559/2559 
f 2558/2558/2558 2557/2557/2557 2560/2560/2560 
f 2561/2561/2561 2562/2562/2562 2563/2563/2563 
f 2561/2561/2561 2564/2564/2564 2562/2562/2562 
f 2565/2565/2565 2566/2566/2566 2567/2567/2567 
f 2568/2568/2568 2569/2569/2569 2570/2570/2570 
f 2569/2569/2569 2568/2568/2568 2571/2571/2571 
f 2572/2572/2572 2573/2573/2573 2574/2574/2574 
f 2573/2573/2573 2572/2572/2572 2575/2575/2575 
f 2576/2576/2576 2577/2577/2577 2578/2578/2578 
f 2577/2577/2577 2576/2576/2576 2579/2579/2579 
f 2580/2580/2580 2581/2581/2581 2582/2582/2582 
f 2581/2581/2581 2580/2580/2580 2583/2583/2583 
f 2584/2584/2584 2585/2585/2585 2586/2586/2586 
f 2585/2585/2585 2584/2584/2584 2587/2587/2587 
f 2588/2588/2588 2589/2589/2589 2590/2590/2590 
f 2589/2589/2589 2588/2588/2588 2591/2591/2591 
f 2592/2592/2592 2593/2593/2593 2594/2594/2594 
f 2594/2594/2594 2593/2593/2593 2595/2595/2595 
f 2596/2596/2596 2597/2597/2597 2598/2598/2598 
f 2598/2598/2598 2599/2599/2599 2596/2596/2596 
f 2600/2600/2600 2601/2601/2601 2602/2602/2602 
f 2601/2601/2601 2600/2600/2600 2603/2603/2603 
f 2604/2604/2604 2605/2605/2605 2606/2606/2606 
f 2606/2606/2606 2607/2607/2607 2604/2604/2604 
f 2608/2608/2608 2609/2609/2609 2610/2610/2610 
f 2609/2609/2609 2608/2608/2608 2611/2611/2611 
f 2612/2612/2612 2613/2613/2613 2614/2614/2614 
f 2613/2613/2613 2612/2612/2612 2615/2615/2615 
f 2616/2616/2616 2617/2617/2617 2618/2618/2618 
f 2618/2618/2618 2617/2617/2617 2619/2619/2619 
f 2620/2620/2620 2621/2621/2621 2622/2622/2622 
f 2622/2622/2622 2623/2623/2623 2620/2620/2620 
f 2624/2624/2624 2625/2625/2625 2626/2626/2626 
f 2625/2625/2625 2624/2624/2624 2627/2627/2627 
f 2628/2628/2628 2629/2629/2629 2630/2630/2630 
f 2631/2631/2631 2630/2630/2630 2629/2629/2629 
f 2632/2632/2632 2633/2633/2633 2634/2634/2634 
f 2633/2633/2633 2632/2632/2632 2635/2635/2635 
f 2635/2635/2635 2632/2632/2632 2636/2636/2636 
f 2635/2635/2635 2636/2636/2636 2637/2637/2637 
f 2637/2637/2637 2636/2636/2636 2638/2638/2638 
f 2637/2637/2637 2638/2638/2638 2639/2639/2639 
f 2640/2640/2640 2639/2639/2639 2638/2638/2638 
f 2639/2639/2639 2640/2640/2640 2641/2641/2641 
f 2640/2640/2640 2638/2638/2638 2642/2642/2642 
f 2643/2643/2643 2644/2644/2644 2645/2645/2645 
f 2644/2644/2644 2643/2643/2643 2646/2646/2646 
f 2644/2644/2644 2646/2646/2646 2647/2647/2647 
f 2644/2644/2644 2647/2647/2647 2648/2648/2648 
f 2649/2649/2649 2650/2650/2650 2651/2651/2651 
f 2650/2650/2650 2649/2649/2649 2652/2652/2652 
f 2653/2653/2653 2654/2654/2654 2655/2655/2655 
f 2654/2654/2654 2653/2653/2653 2656/2656/2656 
f 2657/2657/2657 2658/2658/2658 2659/2659/2659 
f 2658/2658/2658 2657/2657/2657 2660/2660/2660 
f 2661/2661/2661 2662/2662/2662 2663/2663/2663 
f 2662/2662/2662 2661/2661/2661 2664/2664/2664 
f 2665/2665/2665 2666/2666/2666 2667/2667/2667 
f 2666/2666/2666 2665/2665/2665 2668/2668/2668 
f 2669/2669/2669 2670/2670/2670 2671/2671/2671 
f 2670/2670/2670 2669/2669/2669 2672/2672/2672 
f 2673/2673/2673 2674/2674/2674 2675/2675/2675 
f 2675/2675/2675 2674/2674/2674 2676/2676/2676 
f 2676/2676/2676 2677/2677/2677 2675/2675/2675 
f 2677/2677/2677 2676/2676/2676 2678/2678/2678 
f 2677/2677/2677 2678/2678/2678 2679/2679/2679 
f 2679/2679/2679 2678/2678/2678 2680/2680/2680 
f 2680/2680/2680 2681/2681/2681 2679/2679/2679 
f 2679/2679/2679 2681/2681/2681 2682/2682/2682 
f 2681/2681/2681 2680/2680/2680 2683/2683/2683 
f 2684/2684/2684 2685/2685/2685 2686/2686/2686 
f 2686/2686/2686 2685/2685/2685 2687/2687/2687 
f 2688/2688/2688 2689/2689/2689 2690/2690/2690 
f 2690/2690/2690 2689/2689/2689 2691/2691/2691 
f 2692/2692/2692 2693/2693/2693 2694/2694/2694 
f 2695/2695/2695 2693/2693/2693 2692/2692/2692 
f 2696/2696/2696 2697/2697/2697 2698/2698/2698 
f 2697/2697/2697 2699/2699/2699 2698/2698/2698 
f 2699/2699/2699 2700/2700/2700 2698/2698/2698 
f 2701/2701/2701 2696/2696/2696 2698/2698/2698 
f 2702/2702/2702 2701/2701/2701 2698/2698/2698 
f 2703/2703/2703 2702/2702/2702 2698/2698/2698 
f 2704/2704/2704 2703/2703/2703 2698/2698/2698 
f 2705/2705/2705 2704/2704/2704 2698/2698/2698 
f 2706/2706/2706 2707/2707/2707 2708/2708/2708 
f 2709/2709/2709 2710/2710/2710 2711/2711/2711 
f 2710/2710/2710 2709/2709/2709 2712/2712/2712 
f 2713/2713/2713 2714/2714/2714 2715/2715/2715 
f 2714/2714/2714 2713/2713/2713 2716/2716/2716 
f 2717/2717/2717 2718/2718/2718 2719/2719/2719 
f 2718/2718/2718 2717/2717/2717 2720/2720/2720 
f 2721/2721/2721 2722/2722/2722 2723/2723/2723 
f 2722/2722/2722 2721/2721/2721 2724/2724/2724 
f 2725/2725/2725 2726/2726/2726 2727/2727/2727 
f 2726/2726/2726 2728/2728/2728 2727/2727/2727 
f 2729/2729/2729 2725/2725/2725 2727/2727/2727 
f 2730/2730/2730 2729/2729/2729 2727/2727/2727 
f 2728/2728/2728 2731/2731/2731 2727/2727/2727 
f 2731/2731/2731 2732/2732/2732 2727/2727/2727 
f 2732/2732/2732 2733/2733/2733 2727/2727/2727 
f 2733/2733/2733 2734/2734/2734 2727/2727/2727 
f 2735/2735/2735 2736/2736/2736 2737/2737/2737 
f 2736/2736/2736 2735/2735/2735 2738/2738/2738 
f 2739/2739/2739 2740/2740/2740 2741/2741/2741 
f 2741/2741/2741 2742/2742/2742 2739/2739/2739 

g Rig7

v -1.60075 6.85971 0.0761193 
v -1.47578 6.77016 0.265232 
v -1.29345 6.81807 0.110754 
v -1.26745 6.80238 0.142914 
v -1.63625 6.85247 0.101266 
v -1.31525 6.68791 0.429192 
v -1.68405 6.73797 0.387639 
v -1.35085 6.68057 0.454304 
v -1.65815 6.72222 0.419668 
v -1.59561 6.22322 -0.315412 
v -1.66786 6.47905 -0.217023 
v -1.55383 6.23812 -0.301775 
v -1.6601 6.26152 -0.309903 
v -1.70488 6.30864 -0.297187 
v -1.75426 6.41035 -0.261607 
v -1.76084 6.51017 -0.219477 
v -1.72309 6.60771 -0.170739 
v -1.5035 6.53848 -0.163046 
v -1.62404 6.67674 -0.123827 
v -1.52231 6.70909 -0.0923526 
v -1.40669 6.7089 -0.0725786 
v -1.33848 6.59816 -0.10885 
v -1.29779 6.67651 -0.0679204 
v -1.22792 6.63636 -0.0732835 
v -1.27862 6.47446 -0.152142 
v -1.17 6.51914 -0.114124 
v -1.16694 6.43991 -0.147938 
v -1.24869 6.41261 -0.173787 
v -1.18458 6.36328 -0.184133 
v -1.22055 6.35077 -0.195737 
v -1.68562 5.99543 0.20983 
v -1.64383 6.01034 0.223438 
v -1.75791 6.25113 0.308512 
v -1.75012 6.0337 0.21542 
v -1.79491 6.08078 0.22821 
v -1.84431 6.18244 0.263901 
v -1.8509 6.28224 0.306086 
v -1.8126 6.37159 0.351436 
v -1.59355 6.31059 0.362429 
v -1.71411 6.44879 0.401791 
v -1.61237 6.48114 0.433249 
v -1.49674 6.48098 0.452949 
v -1.42909 6.37198 0.41996 
v -1.38783 6.44863 0.457535 
v -1.31833 6.40755 0.454303 
v -1.35667 6.27712 0.303451 
v -1.25219 6.312 0.365516 
v -1.23184 6.23471 0.24576 
v -1.30879 6.22124 0.220339 
v -1.23951 6.19113 0.135484 
v -1.26559 6.18594 0.117922 
v -1.70472 6.48699 0.272978 
v -1.65815 6.72222 0.419668 
v -1.68405 6.73797 0.387639 
v -1.68012 6.46744 0.304035 
v -1.33552 6.42181 0.313 
v -1.35085 6.68057 0.454304 
v -1.37222 6.40733 0.332921 
v -1.31525 6.68791 0.429192 
v -1.26909 6.44082 0.424009 
v -1.25219 6.312 0.365516 
v -1.20296 6.34331 0.327899 
v -1.23184 6.23471 0.24576 
v -1.31833 6.40755 0.454303 
v -1.18497 6.27196 0.218543 
v -1.35988 6.49635 0.432574 
v -1.23951 6.19113 0.135484 
v -1.20029 6.21022 0.0923267 
v -1.38783 6.44863 0.457535 
v -1.48419 6.53543 0.428256 
v -1.49674 6.48098 0.452949 
v -1.6152 6.53666 0.40636 
v -1.61237 6.48114 0.433249 
v -1.73064 6.49938 0.370432 
v -1.71411 6.44879 0.401791 
v -1.83976 6.42017 0.317375 
v -1.8126 6.37159 0.351436 
v -1.88289 6.30817 0.261393 
v -1.8509 6.28224 0.306086 
v -1.84431 6.18244 0.263901 
v -1.87695 6.18805 0.210282 
v -1.79491 6.08078 0.22821 
v -1.82601 6.08123 0.172646 
v -1.76589 6.01658 0.154865 
v -1.75012 6.0337 0.21542 
v -1.68562 5.99543 0.20983 
v -1.67319 5.96918 0.150159 
v -1.67319 5.96918 0.150159 
v -1.64383 6.01034 0.223438 
v -1.60891 5.99254 0.171306 
v -1.59355 6.02158 0.186536 
v -1.69803 6.24006 0.263474 
v -1.75791 6.25113 0.308512 
v -1.22792 6.63636 -0.0732835 
v -1.1363 6.51199 -0.0610604 
v -1.17 6.51914 -0.114124 
v -1.19246 6.63279 -0.0183434 
v -1.12974 6.41161 -0.103445 
v -1.28404 6.68829 -0.0100065 
v -1.16694 6.43991 -0.147938 
v -1.29779 6.67651 -0.0679204 
v -1.18458 6.36328 -0.184133 
v -1.15869 6.31537 -0.150113 
v -1.40834 6.72739 -0.0143855 
v -1.40669 6.7089 -0.0725786 
v -1.53934 6.72864 -0.0363155 
v -1.52231 6.70909 -0.0923526 
v -1.62404 6.67674 -0.123827 
v -1.65478 6.69138 -0.0722796 
v -1.72309 6.60771 -0.170739 
v -1.7639 6.61216 -0.125328 
v -1.80703 6.50015 -0.181277 
v -1.76084 6.51017 -0.219477 
v -1.75426 6.41035 -0.261607 
v -1.8011 6.38001 -0.232331 
v -1.70488 6.30864 -0.297187 
v -1.75018 6.27316 -0.269909 
v -1.6601 6.26152 -0.309903 
v -1.69007 6.20848 -0.287614 
v -1.59561 6.22322 -0.315412 
v -1.59738 6.16106 -0.29226 
v -1.5331 6.18441 -0.27112 
v -1.59738 6.16106 -0.29226 
v -1.55383 6.23812 -0.301775 
v -1.51774 6.21345 -0.255895 
v -1.62219 6.432 -0.179101 
v -1.66786 6.47905 -0.217023 
v -1.29982 6.61112 0.0272356 
v -1.29345 6.81807 0.110754 
v -1.26745 6.80238 0.142914 
v -1.27522 6.59157 0.0582926 
v -1.60075 6.85971 0.0761193 
v -1.60762 6.67114 -0.00168466 
v -1.63625 6.85247 0.101266 
v -1.64432 6.65675 0.0182704 
v -1.26559 6.18594 0.117922 
v -1.2952 6.2003 0.0717596 
v -1.25454 6.19106 0.0747195 
v -1.30997 6.19407 0.123293 
v -1.20029 6.21022 0.0923267 
v -1.68012 6.46744 0.304035 
v -1.35085 6.68057 0.454304 
v -1.65815 6.72222 0.419668 
v -1.37222 6.40733 0.332921 
v -1.31525 6.68791 0.429192 
v -1.27522 6.59157 0.0582926 
v -1.26745 6.80238 0.142914 
v -1.33552 6.42181 0.313 
v -1.64432 6.65675 0.0182704 
v -1.68405 6.73797 0.387639 
v -1.63625 6.85247 0.101266 
v -1.70472 6.48699 0.272978 
v -1.59355 6.31059 0.362429 
v -1.43573 6.33427 0.349254 
v -1.42909 6.37198 0.41996 
v -1.56715 6.28702 0.306256 
v -1.69803 6.24006 0.263474 
v -1.75791 6.25113 0.308512 
v -1.5035 6.53848 -0.163046 
v -1.3599 6.52619 -0.0932754 
v -1.49131 6.47895 -0.136297 
v -1.33848 6.59816 -0.10885 
v -1.62219 6.432 -0.179101 
v -1.66786 6.47905 -0.217023 
v -1.29345 6.81807 0.110754 
v -1.60762 6.67114 -0.00168466 
v -1.60075 6.85971 0.0761193 
v -1.29982 6.61112 0.0272356 
v -1.43573 6.33427 0.349254 
v -1.35667 6.27712 0.303451 
v -1.42909 6.37198 0.41996 
v -1.38245 6.26894 0.271959 
v -1.30879 6.22124 0.220339 
v -1.34383 6.22217 0.201517 
v -1.30997 6.19407 0.123293 
v -1.26559 6.18594 0.117922 
v -1.21287 6.29606 -0.167782 
v -1.25367 6.30537 -0.170747 
v -1.22055 6.35077 -0.195737 
v -1.15869 6.31537 -0.150113 
v -1.28416 6.37308 -0.146629 
v -1.24869 6.41261 -0.173787 
v -1.31465 6.44079 -0.12251 
v -1.27862 6.47446 -0.152142 
v -1.3599 6.52619 -0.0932754 
v -1.33848 6.59816 -0.10885 
v -1.23467 6.52755 0.224058 
v -1.20296 6.34331 0.327899 
v -1.17798 6.40684 0.181421 
v -1.18497 6.27196 0.218543 
v -1.26909 6.44082 0.424009 
v -1.17134 6.30648 0.139034 
v -1.20029 6.21022 0.0923267 
v -1.12974 6.41161 -0.103445 
v -1.1363 6.51199 -0.0610604 
v -1.15869 6.31537 -0.150113 
v -1.19246 6.63279 -0.0183434 
v -1.25454 6.19106 0.0747195 
v -1.21287 6.29606 -0.167782 
v -1.25367 6.30537 -0.170747 
v -1.2952 6.2003 0.0717596 
v -1.28404 6.68829 -0.0100065 
v -1.32632 6.5839 0.23279 
v -1.40834 6.72739 -0.0143855 
v -1.35988 6.49635 0.432574 
v -1.45062 6.62299 0.228442 
v -1.53934 6.72864 -0.0363155 
v -1.48419 6.53543 0.428256 
v -1.58163 6.62432 0.206571 
v -1.6152 6.53666 0.40636 
v -1.73064 6.49938 0.370432 
v -1.69705 6.58697 0.170592 
v -1.65478 6.69138 -0.0722796 
v -1.83976 6.42017 0.317375 
v -1.80618 6.50764 0.11749 
v -1.7639 6.61216 -0.125328 
v -1.88289 6.30817 0.261393 
v -1.8493 6.39575 0.0615743 
v -1.80703 6.50015 -0.181277 
v -1.8011 6.38001 -0.232331 
v -1.84339 6.2757 0.0105233 
v -1.87695 6.18805 0.210282 
v -1.75018 6.27316 -0.269909 
v -1.79243 6.16878 -0.0271157 
v -1.82601 6.08123 0.172646 
v -1.69007 6.20848 -0.287614 
v -1.73233 6.1041 -0.0448667 
v -1.76589 6.01658 0.154865 
v -1.67319 5.96918 0.150159 
v -1.63966 6.05678 -0.0495116 
v -1.59738 6.16106 -0.29226 
v -1.5331 6.18441 -0.27112 
v -1.57534 6.08006 -0.0283905 
v -1.51774 6.21345 -0.255895 
v -1.60891 5.99254 0.171306 
v -1.55997 6.10901 -0.0132046 
v -1.59355 6.02158 0.186536 
v -1.4016 6.421 0.149243 
v -1.43573 6.33427 0.349254 
v -1.56715 6.28702 0.306256 
v -1.53299 6.37389 0.106295 
v -1.69803 6.24006 0.263474 
v -1.3599 6.52619 -0.0932754 
v -1.66386 6.32687 0.0634784 
v -1.49131 6.47895 -0.136297 
v -1.62219 6.432 -0.179101 
v -1.4016 6.421 0.149243 
v -1.38245 6.26894 0.271959 
v -1.43573 6.33427 0.349254 
v -1.35626 6.33566 0.120001 
v -1.34383 6.22217 0.201517 
v -1.31465 6.44079 -0.12251 
v -1.3599 6.52619 -0.0932754 
v -1.28416 6.37308 -0.146629 
v -1.32573 6.26798 0.0958806 
v -1.30997 6.19407 0.123293 
v -1.25367 6.30537 -0.170747 
v -1.2952 6.2003 0.0717596 
v -1.66386 6.32687 0.0634784 
v -1.69803 6.24006 0.263474 
v -1.55997 6.10901 -0.0132046 
v -1.59355 6.02158 0.186536 
v -1.51774 6.21345 -0.255895 
v -1.62219 6.432 -0.179101 

vn 0.0787402 0.92126 0.377953 
vn 0.0787402 0.92126 0.377953 
vn 0.0787402 0.92126 0.385827 
vn 0.0787402 0.92126 0.385827 
vn 0.0787402 0.92126 0.377953 
vn 0.0787402 0.92126 0.385827 
vn 0.0866142 0.92126 0.385827 
vn 0.0787402 0.92126 0.385827 
vn 0.0866142 0.92126 0.385827 
vn 0.15748 0.393701 -0.905512 
vn 0.15748 0.393701 -0.905512 
vn 0.15748 0.393701 -0.905512 
vn 0.15748 0.393701 -0.905512 
vn 0.15748 0.393701 -0.905512 
vn 0.15748 0.393701 -0.905512 
vn 0.15748 0.393701 -0.905512 
vn 0.15748 0.393701 -0.905512 
vn 0.15748 0.393701 -0.905512 
vn 0.15748 0.393701 -0.905512 
vn 0.15748 0.393701 -0.905512 
vn 0.15748 0.393701 -0.905512 
vn 0.15748 0.393701 -0.905512 
vn 0.15748 0.393701 -0.905512 
vn 0.15748 0.393701 -0.905512 
vn 0.15748 0.393701 -0.905512 
vn 0.15748 0.393701 -0.905512 
vn 0.15748 0.393701 -0.905512 
vn 0.15748 0.393701 -0.905512 
vn 0.15748 0.393701 -0.905512 
vn 0.15748 0.393701 -0.905512 
vn -0.15748 -0.393701 0.905512 
vn -0.15748 -0.393701 0.905512 
vn -0.15748 -0.393701 0.905512 
vn -0.15748 -0.393701 0.905512 
vn -0.15748 -0.393701 0.905512 
vn -0.15748 -0.393701 0.905512 
vn -0.15748 -0.393701 0.905512 
vn -0.15748 -0.393701 0.905512 
vn -0.15748 -0.393701 0.905512 
vn -0.15748 -0.393701 0.905512 
vn -0.15748 -0.393701 0.905512 
vn -0.165354 -0.385827 0.905512 
vn -0.133858 -0.511811 0.850394 
vn -0.165354 -0.370079 0.913386 
vn -0.0944882 -0.629921 0.771654 
vn -0.0393701 -0.80315 0.598425 
vn -0.0472441 -0.787402 0.614173 
vn -0.015748 -0.88189 0.472441 
vn -0.00787402 -0.889764 0.448819 
vn 0.023622 -0.937008 0.354331 
vn 0.023622 -0.937008 0.354331 
vn -0.818898 -0.181102 0.551181 
vn -0.818898 -0.181102 0.551181 
vn -0.818898 -0.181102 0.551181 
vn -0.818898 -0.181102 0.551181 
vn 0.566929 -0.370079 0.732283 
vn 0.566929 -0.370079 0.732283 
vn 0.566929 -0.370079 0.732283 
vn 0.566929 -0.370079 0.732283 
vn 0.543307 -0.015748 0.84252 
vn 0.685039 -0.362205 0.629921 
vn 0.692913 -0.433071 0.574803 
vn 0.692913 -0.622047 0.370079 
vn 0.456693 0.125984 0.88189 
vn 0.685039 -0.629921 0.354331 
vn 0.188976 0.377953 0.905512 
vn 0.527559 -0.84252 0.102362 
vn 0.511811 -0.850394 0.0944882 
vn 0.181102 0.377953 0.905512 
vn -0.023622 0.425197 0.905512 
vn -0.0314961 0.425197 0.905512 
vn -0.267717 0.409449 0.866142 
vn -0.267717 0.409449 0.874016 
vn -0.488189 0.322835 0.811024 
vn -0.480315 0.322835 0.811024 
vn -0.692913 0.141732 0.708661 
vn -0.700787 0.133858 0.700787 
vn -0.826772 -0.11811 0.551181 
vn -0.826772 -0.11811 0.551181 
vn -0.811024 -0.377953 0.448819 
vn -0.80315 -0.393701 0.448819 
vn -0.692913 -0.606299 0.385827 
vn -0.700787 -0.598425 0.385827 
vn -0.535433 -0.779528 0.338583 
vn -0.543307 -0.76378 0.338583 
vn -0.15748 -0.905512 0.385827 
vn -0.11811 -0.913386 0.393701 
vn -0.11811 -0.913386 0.393701 
vn 0.488189 -0.511811 0.708661 
vn 0.370079 -0.779528 0.511811 
vn 0.606299 -0.330709 0.724409 
vn 0.724409 -0.488189 0.488189 
vn 0.598425 0 0.80315 
vn 0.606299 0.716535 -0.346457 
vn 0.787402 0.393701 -0.472441 
vn 0.795276 0.385827 -0.472441 
vn 0.653543 0.661417 -0.370079 
vn 0.818898 0.15748 -0.551181 
vn 0.393701 0.88189 -0.267717 
vn 0.818898 0.165354 -0.551181 
vn 0.377953 0.88189 -0.267717 
vn 0.645669 -0.15748 -0.748031 
vn 0.637795 -0.165354 -0.755906 
vn 0.181102 0.937008 -0.291339 
vn 0.173228 0.944882 -0.291339 
vn -0.0629921 0.937008 -0.338583 
vn -0.0629921 0.937008 -0.338583 
vn -0.275591 0.874016 -0.401575 
vn -0.283465 0.866142 -0.409449 
vn -0.496063 0.692913 -0.527559 
vn -0.503937 0.685039 -0.527559 
vn -0.629921 0.401575 -0.661417 
vn -0.629921 0.401575 -0.661417 
vn -0.598425 0.15748 -0.787402 
vn -0.590551 0.141732 -0.795276 
vn -0.480315 -0.0629921 -0.874016 
vn -0.480315 -0.0551181 -0.874016 
vn -0.330709 -0.220472 -0.92126 
vn -0.314961 -0.228346 -0.92126 
vn 0.0708661 -0.330709 -0.937008 
vn 0.110236 -0.338583 -0.937008 
vn 0.590551 -0.212598 -0.779528 
vn 0.110236 -0.338583 -0.937008 
vn 0.724409 0.0944882 -0.685039 
vn 0.818898 0.212598 -0.527559 
vn 0.795276 0.496063 -0.346457 
vn 0.795276 0.496063 -0.346457 
vn 0.818898 0.188976 -0.543307 
vn 0.818898 0.188976 -0.543307 
vn 0.818898 0.188976 -0.543307 
vn 0.818898 0.188976 -0.543307 
vn -0.566929 0.338583 -0.748031 
vn -0.566929 0.338583 -0.748031 
vn -0.566929 0.338583 -0.748031 
vn -0.566929 0.338583 -0.748031 
vn 0.0629921 -0.992126 -0.125984 
vn -0.204724 -0.96063 -0.173228 
vn 0.0708661 -0.992126 -0.125984 
vn -0.204724 -0.96063 -0.173228 
vn 0.511811 -0.850394 0.0944882 
vn -0.15748 -0.393701 0.905512 
vn -0.15748 -0.393701 0.905512 
vn -0.15748 -0.393701 0.905512 
vn -0.15748 -0.393701 0.905512 
vn 0.984252 -0.11811 0.133858 
vn 0.984252 -0.11811 0.133858 
vn 0.984252 -0.11811 0.133858 
vn 0.984252 -0.11811 0.133858 
vn -0.984252 0.125984 -0.133858 
vn -0.984252 0.125984 -0.133858 
vn -0.984252 0.125984 -0.133858 
vn -0.984252 0.125984 -0.133858 
vn 0.173228 -0.874016 0.448819 
vn 0.165354 -0.874016 0.448819 
vn 0.165354 -0.874016 0.448819 
vn 0.173228 -0.874016 0.448819 
vn 0.173228 -0.88189 0.448819 
vn 0.173228 -0.88189 0.448819 
vn 0.393701 -0.307087 -0.866142 
vn 0.393701 -0.307087 -0.866142 
vn 0.393701 -0.307087 -0.866142 
vn 0.393701 -0.307087 -0.866142 
vn 0.393701 -0.307087 -0.866142 
vn 0.393701 -0.307087 -0.866142 
vn 0.15748 0.370079 -0.913386 
vn 0.15748 0.370079 -0.913386 
vn 0.15748 0.370079 -0.913386 
vn 0.15748 0.370079 -0.913386 
vn -0.322835 -0.818898 0.472441 
vn -0.299213 -0.834646 0.456693 
vn -0.322835 -0.818898 0.472441 
vn -0.283465 -0.850394 0.448819 
vn -0.204724 -0.913386 0.354331 
vn -0.204724 -0.913386 0.354331 
vn -0.15748 -0.952756 0.267717 
vn -0.15748 -0.952756 0.267717 
vn 0.212598 -0.425197 -0.88189 
vn -0.354331 -0.244094 -0.905512 
vn -0.149606 -0.251969 -0.96063 
vn 0.637795 -0.165354 -0.755906 
vn -0.614173 0 -0.787402 
vn -0.614173 0 -0.787402 
vn -0.606299 -0.015748 -0.795276 
vn -0.606299 -0.015748 -0.795276 
vn -0.598425 -0.023622 -0.80315 
vn -0.598425 -0.023622 -0.80315 
vn 0.732283 0.566929 0.370079 
vn 0.944882 0.212598 0.251969 
vn 0.96063 0.15748 0.23622 
vn 0.984252 -0.0944882 0.125984 
vn 0.708661 0.598425 0.377953 
vn 0.984252 -0.15748 0.102362 
vn 0.80315 -0.590551 -0.11811 
vn 0.984252 -0.15748 0.102362 
vn 0.96063 0.15748 0.23622 
vn 0.748031 -0.645669 -0.149606 
vn 0.740157 0.566929 0.370079 
vn 0.11811 -0.92126 -0.377953 
vn 0.11811 -0.92126 -0.377953 
vn -0.173228 -0.889764 -0.417323 
vn -0.173228 -0.889764 -0.417323 
vn 0.385827 0.818898 0.417323 
vn 0.385827 0.818898 0.425197 
vn 0.102362 0.905512 0.409449 
vn 0.385827 0.818898 0.425197 
vn 0.102362 0.905512 0.409449 
vn -0.220472 0.913386 0.354331 
vn 0.102362 0.905512 0.409449 
vn -0.220472 0.905512 0.354331 
vn -0.220472 0.905512 0.362205 
vn -0.519685 0.811024 0.267717 
vn -0.519685 0.811024 0.267717 
vn -0.511811 0.818898 0.259843 
vn -0.818898 0.566929 0.110236 
vn -0.811024 0.566929 0.110236 
vn -0.811024 0.574803 0.102362 
vn -0.976378 0.188976 -0.0787402 
vn -0.976378 0.19685 -0.0866142 
vn -0.976378 0.19685 -0.0866142 
vn -0.96063 -0.15748 -0.23622 
vn -0.96063 -0.15748 -0.228346 
vn -0.96063 -0.15748 -0.228346 
vn -0.826772 -0.456693 -0.338583 
vn -0.826772 -0.456693 -0.338583 
vn -0.826772 -0.456693 -0.338583 
vn -0.590551 -0.700787 -0.401575 
vn -0.590551 -0.700787 -0.401575 
vn -0.590551 -0.700787 -0.401575 
vn -0.00787402 -0.913386 -0.401575 
vn -0.00787402 -0.913386 -0.401575 
vn -0.00787402 -0.92126 -0.393701 
vn 0.692913 -0.700787 -0.181102 
vn 0.692913 -0.692913 -0.181102 
vn 0.889764 -0.448819 -0.0393701 
vn 0.692913 -0.692913 -0.188976 
vn 0.889764 -0.448819 -0.0393701 
vn 0.889764 -0.448819 -0.0472441 
vn 0.409449 -0.858268 -0.299213 
vn 0.409449 -0.858268 -0.307087 
vn 0.409449 -0.858268 -0.307087 
vn 0.409449 -0.858268 -0.307087 
vn 0.724409 -0.488189 0.488189 
vn 0.409449 -0.858268 -0.299213 
vn 0.409449 -0.858268 -0.307087 
vn 0.409449 -0.858268 -0.299213 
vn 0.409449 -0.858268 -0.299213 
vn -0.88189 -0.362205 -0.307087 
vn -0.889764 -0.346457 -0.299213 
vn -0.88189 -0.362205 -0.307087 
vn -0.897638 -0.330709 -0.299213 
vn -0.905512 -0.307087 -0.291339 
vn -0.897638 -0.330709 -0.299213 
vn -0.88189 -0.362205 -0.307087 
vn -0.905512 -0.307087 -0.291339 
vn -0.905512 -0.307087 -0.291339 
vn -0.905512 -0.299213 -0.291339 
vn -0.905512 -0.307087 -0.291339 
vn -0.905512 -0.307087 -0.291339 
vn 0.897638 0.322835 0.291339 
vn 0.897638 0.322835 0.291339 
vn 0.897638 0.322835 0.291339 
vn 0.897638 0.322835 0.291339 
vn 0.897638 0.322835 0.299213 
vn 0.897638 0.322835 0.299213 

vt 0.539858 0.52363 
vt 0.53568 0.518169 
vt 0.532103 0.523651 
vt 0.531319 0.522594 
vt 0.540639 0.522947 
vt 0.531319 0.513337 
vt 0.540639 0.513687 
vt 0.532103 0.512654 
vt 0.539858 0.512633 
vt 0.573697 0.518284 
vt 0.569477 0.53098 
vt 0.572213 0.518025 
vt 0.574467 0.521794 
vt 0.574535 0.524952 
vt 0.573593 0.530405 
vt 0.571733 0.534828 
vt 0.568902 0.538418 
vt 0.56315 0.530808 
vt 0.564813 0.539854 
vt 0.561156 0.539554 
vt 0.557523 0.53763 
vt 0.556825 0.530855 
vt 0.554494 0.534516 
vt 0.55271 0.531725 
vt 0.555464 0.523835 
vt 0.551675 0.525555 
vt 0.552015 0.521442 
vt 0.554787 0.520381 
vt 0.552911 0.517488 
vt 0.554182 0.517185 
vt 0.525959 0.518961 
vt 0.527446 0.518748 
vt 0.529954 0.531826 
vt 0.525154 0.522426 
vt 0.525014 0.525603 
vt 0.525862 0.531164 
vt 0.527666 0.535607 
vt 0.530333 0.538956 
vt 0.536239 0.531783 
vt 0.534598 0.540842 
vt 0.538285 0.540628 
vt 0.541928 0.538708 
vt 0.5425 0.532266 
vt 0.544865 0.535409 
vt 0.546344 0.532458 
vt 0.543121 0.523989 
vt 0.547004 0.525902 
vt 0.546436 0.519116 
vt 0.5438 0.518608 
vt 0.545338 0.513507 
vt 0.544334 0.512952 
vt 0.539974 0.575131 
vt 0.538263 0.562341 
vt 0.539721 0.562341 
vt 0.538519 0.575341 
vt 0.526692 0.576349 
vt 0.527943 0.562341 
vt 0.528137 0.576692 
vt 0.526483 0.562341 
vt 0.548504 0.532441 
vt 0.547004 0.525902 
vt 0.549163 0.524708 
vt 0.546436 0.519116 
vt 0.546344 0.532458 
vt 0.548491 0.518072 
vt 0.546488 0.537226 
vt 0.545338 0.513507 
vt 0.5468 0.511364 
vt 0.544865 0.535409 
vt 0.542967 0.541372 
vt 0.541928 0.538708 
vt 0.538657 0.543755 
vt 0.538285 0.540628 
vt 0.534256 0.543931 
vt 0.534598 0.540842 
vt 0.529486 0.541954 
vt 0.530333 0.538956 
vt 0.526123 0.537579 
vt 0.527666 0.535607 
vt 0.525862 0.531164 
vt 0.523858 0.532005 
vt 0.525014 0.525603 
vt 0.522941 0.525961 
vt 0.523109 0.521497 
vt 0.525154 0.522426 
vt 0.525959 0.518961 
vt 0.52437 0.516663 
vt 0.525386 0.51572 
vt 0.527446 0.518748 
vt 0.527786 0.51564 
vt 0.52889 0.516616 
vt 0.531349 0.528413 
vt 0.529954 0.531826 
vt 0.55271 0.531725 
vt 0.549655 0.525861 
vt 0.551675 0.525555 
vt 0.55063 0.532493 
vt 0.549951 0.520537 
vt 0.55298 0.536528 
vt 0.552015 0.521442 
vt 0.554494 0.534516 
vt 0.552911 0.517488 
vt 0.551248 0.515426 
vt 0.556521 0.540323 
vt 0.557523 0.53763 
vt 0.560783 0.54268 
vt 0.561156 0.539554 
vt 0.564813 0.539854 
vt 0.565127 0.542952 
vt 0.568902 0.538418 
vt 0.56986 0.541097 
vt 0.57327 0.536854 
vt 0.571733 0.534828 
vt 0.573593 0.530405 
vt 0.575583 0.531334 
vt 0.574535 0.524952 
vt 0.57658 0.525347 
vt 0.574467 0.521794 
vt 0.576505 0.520881 
vt 0.573697 0.518284 
vt 0.575293 0.516041 
vt 0.571898 0.514876 
vt 0.57428 0.515083 
vt 0.572213 0.518025 
vt 0.57077 0.515804 
vt 0.568137 0.527589 
vt 0.569477 0.53098 
vt 0.561897 0.573348 
vt 0.561816 0.562342 
vt 0.563278 0.562342 
vt 0.563348 0.573612 
vt 0.551503 0.562342 
vt 0.551535 0.571731 
vt 0.550045 0.562341 
vt 0.550092 0.572085 
vt 0.544334 0.512952 
vt 0.542941 0.511052 
vt 0.544351 0.510753 
vt 0.542931 0.513775 
vt 0.546364 0.510898 
vt 0.538519 0.575341 
vt 0.527943 0.562341 
vt 0.538263 0.562341 
vt 0.528137 0.576692 
vt 0.573599 0.562341 
vt 0.563348 0.573612 
vt 0.563278 0.562342 
vt 0.573461 0.576692 
vt 0.550092 0.572085 
vt 0.539721 0.562341 
vt 0.550045 0.562341 
vt 0.539974 0.575131 
vt 0.536239 0.531783 
vt 0.541256 0.528581 
vt 0.5425 0.532266 
vt 0.536247 0.528385 
vt 0.531349 0.528413 
vt 0.529954 0.531826 
vt 0.56315 0.530808 
vt 0.558273 0.527474 
vt 0.563202 0.527472 
vt 0.556825 0.530855 
vt 0.568137 0.527589 
vt 0.569477 0.53098 
vt 0.561816 0.562342 
vt 0.551535 0.571731 
vt 0.551503 0.562342 
vt 0.561897 0.573348 
vt 0.541256 0.528581 
vt 0.543121 0.523989 
vt 0.5425 0.532266 
vt 0.541932 0.522917 
vt 0.5438 0.518608 
vt 0.542476 0.518262 
vt 0.542931 0.513775 
vt 0.544334 0.512952 
vt 0.554187 0.514261 
vt 0.555551 0.515206 
vt 0.554182 0.517185 
vt 0.552163 0.514458 
vt 0.556536 0.518913 
vt 0.554787 0.520381 
vt 0.557264 0.522729 
vt 0.555464 0.523835 
vt 0.558273 0.527474 
vt 0.556825 0.530855 
vt 0.529119 0.553556 
vt 0.526083 0.558814 
vt 0.526082 0.553557 
vt 0.523714 0.556412 
vt 0.529124 0.560732 
vt 0.523714 0.553558 
vt 0.521309 0.553559 
vt 0.523713 0.544855 
vt 0.526081 0.544853 
vt 0.521308 0.544857 
vt 0.529116 0.544851 
vt 0.520003 0.55356 
vt 0.520002 0.544857 
vt 0.519092 0.544858 
vt 0.519097 0.553561 
vt 0.531446 0.544853 
vt 0.53146 0.553558 
vt 0.534275 0.544856 
vt 0.531441 0.560733 
vt 0.534287 0.553559 
vt 0.537159 0.544859 
vt 0.53427 0.560735 
vt 0.537165 0.553562 
vt 0.537154 0.560737 
vt 0.539901 0.56074 
vt 0.539907 0.553563 
vt 0.539905 0.544859 
vt 0.543048 0.560741 
vt 0.543048 0.553564 
vt 0.543051 0.54486 
vt 0.545924 0.560742 
vt 0.545915 0.553566 
vt 0.545927 0.54486 
vt 0.548763 0.54486 
vt 0.548747 0.553566 
vt 0.548762 0.560744 
vt 0.551459 0.544858 
vt 0.551444 0.553567 
vt 0.551457 0.560747 
vt 0.553413 0.544855 
vt 0.5534 0.553567 
vt 0.553412 0.560751 
vt 0.555672 0.560757 
vt 0.555663 0.553568 
vt 0.555675 0.544851 
vt 0.557228 0.544852 
vt 0.557218 0.553569 
vt 0.558014 0.544855 
vt 0.557226 0.560757 
vt 0.558003 0.553569 
vt 0.558012 0.560753 
vt 0.570237 0.553744 
vt 0.570238 0.560922 
vt 0.567068 0.560922 
vt 0.567068 0.553743 
vt 0.563911 0.560921 
vt 0.570239 0.545038 
vt 0.563912 0.553743 
vt 0.567068 0.545038 
vt 0.563911 0.545038 
vt 0.570237 0.553744 
vt 0.572442 0.559209 
vt 0.570238 0.560922 
vt 0.572428 0.553744 
vt 0.574121 0.557536 
vt 0.57243 0.54504 
vt 0.570239 0.545038 
vt 0.574124 0.545041 
vt 0.574122 0.553744 
vt 0.575462 0.555418 
vt 0.575818 0.545042 
vt 0.575816 0.553745 
vt 0.563912 0.553743 
vt 0.563911 0.560921 
vt 0.558417 0.553743 
vt 0.558397 0.560919 
vt 0.558397 0.545039 
vt 0.563911 0.545038 

usemtl Rig7Mtl

f 2743/2743/2743 2744/2744/2744 2745/2745/2745 
f 2745/2745/2745 2744/2744/2744 2746/2746/2746 
f 2747/2747/2747 2744/2744/2744 2743/2743/2743 
f 2746/2746/2746 2744/2744/2744 2748/2748/2748 
f 2749/2749/2749 2744/2744/2744 2747/2747/2747 
f 2748/2748/2748 2744/2744/2744 2750/2750/2750 
f 2751/2751/2751 2744/2744/2744 2749/2749/2749 
f 2750/2750/2750 2744/2744/2744 2751/2751/2751 
f 2752/2752/2752 2753/2753/2753 2754/2754/2754 
f 2755/2755/2755 2753/2753/2753 2752/2752/2752 
f 2756/2756/2756 2753/2753/2753 2755/2755/2755 
f 2753/2753/2753 2756/2756/2756 2757/2757/2757 
f 2757/2757/2757 2758/2758/2758 2753/2753/2753 
f 2753/2753/2753 2758/2758/2758 2759/2759/2759 
f 2760/2760/2760 2753/2753/2753 2759/2759/2759 
f 2760/2760/2760 2759/2759/2759 2761/2761/2761 
f 2762/2762/2762 2760/2760/2760 2761/2761/2761 
f 2763/2763/2763 2760/2760/2760 2762/2762/2762 
f 2763/2763/2763 2764/2764/2764 2760/2760/2760 
f 2764/2764/2764 2763/2763/2763 2765/2765/2765 
f 2764/2764/2764 2765/2765/2765 2766/2766/2766 
f 2767/2767/2767 2764/2764/2764 2766/2766/2766 
f 2767/2767/2767 2766/2766/2766 2768/2768/2768 
f 2769/2769/2769 2767/2767/2767 2768/2768/2768 
f 2767/2767/2767 2769/2769/2769 2770/2770/2770 
f 2770/2770/2770 2769/2769/2769 2771/2771/2771 
f 2770/2770/2770 2771/2771/2771 2772/2772/2772 
f 2773/2773/2773 2774/2774/2774 2775/2775/2775 
f 2776/2776/2776 2773/2773/2773 2775/2775/2775 
f 2775/2775/2775 2777/2777/2777 2776/2776/2776 
f 2777/2777/2777 2775/2775/2775 2778/2778/2778 
f 2778/2778/2778 2775/2775/2775 2779/2779/2779 
f 2780/2780/2780 2779/2779/2779 2775/2775/2775 
f 2775/2775/2775 2781/2781/2781 2780/2780/2780 
f 2780/2780/2780 2781/2781/2781 2782/2782/2782 
f 2783/2783/2783 2782/2782/2782 2781/2781/2781 
f 2781/2781/2781 2784/2784/2784 2783/2783/2783 
f 2781/2781/2781 2785/2785/2785 2784/2784/2784 
f 2785/2785/2785 2786/2786/2786 2784/2784/2784 
f 2785/2785/2785 2787/2787/2787 2786/2786/2786 
f 2788/2788/2788 2787/2787/2787 2785/2785/2785 
f 2787/2787/2787 2788/2788/2788 2789/2789/2789 
f 2790/2790/2790 2789/2789/2789 2788/2788/2788 
f 2790/2790/2790 2788/2788/2788 2791/2791/2791 
f 2792/2792/2792 2790/2790/2790 2791/2791/2791 
f 2792/2792/2792 2791/2791/2791 2793/2793/2793 
f 2794/2794/2794 2795/2795/2795 2796/2796/2796 
f 2795/2795/2795 2794/2794/2794 2797/2797/2797 
f 2798/2798/2798 2799/2799/2799 2800/2800/2800 
f 2799/2799/2799 2798/2798/2798 2801/2801/2801 
f 2802/2802/2802 2803/2803/2803 2804/2804/2804 
f 2803/2803/2803 2805/2805/2805 2804/2804/2804 
f 2803/2803/2803 2802/2802/2802 2806/2806/2806 
f 2807/2807/2807 2804/2804/2804 2805/2805/2805 
f 2808/2808/2808 2806/2806/2806 2802/2802/2802 
f 2809/2809/2809 2807/2807/2807 2805/2805/2805 
f 2807/2807/2807 2809/2809/2809 2810/2810/2810 
f 2806/2806/2806 2808/2808/2808 2811/2811/2811 
f 2812/2812/2812 2811/2811/2811 2808/2808/2808 
f 2811/2811/2811 2812/2812/2812 2813/2813/2813 
f 2814/2814/2814 2813/2813/2813 2812/2812/2812 
f 2813/2813/2813 2814/2814/2814 2815/2815/2815 
f 2814/2814/2814 2816/2816/2816 2815/2815/2815 
f 2815/2815/2815 2816/2816/2816 2817/2817/2817 
f 2816/2816/2816 2818/2818/2818 2817/2817/2817 
f 2817/2817/2817 2818/2818/2818 2819/2819/2819 
f 2818/2818/2818 2820/2820/2820 2819/2819/2819 
f 2819/2819/2819 2820/2820/2820 2821/2821/2821 
f 2820/2820/2820 2822/2822/2822 2821/2821/2821 
f 2822/2822/2822 2820/2820/2820 2823/2823/2823 
f 2823/2823/2823 2824/2824/2824 2822/2822/2822 
f 2824/2824/2824 2823/2823/2823 2825/2825/2825 
f 2824/2824/2824 2825/2825/2825 2826/2826/2826 
f 2826/2826/2826 2827/2827/2827 2824/2824/2824 
f 2826/2826/2826 2828/2828/2828 2827/2827/2827 
f 2828/2828/2828 2826/2826/2826 2829/2829/2829 
f 2830/2830/2830 2831/2831/2831 2828/2828/2828 
f 2831/2831/2831 2830/2830/2830 2832/2832/2832 
f 2833/2833/2833 2831/2831/2831 2832/2832/2832 
f 2833/2833/2833 2834/2834/2834 2831/2831/2831 
f 2835/2835/2835 2831/2831/2831 2834/2834/2834 
f 2836/2836/2836 2837/2837/2837 2838/2838/2838 
f 2837/2837/2837 2836/2836/2836 2839/2839/2839 
f 2840/2840/2840 2838/2838/2838 2837/2837/2837 
f 2841/2841/2841 2839/2839/2839 2836/2836/2836 
f 2838/2838/2838 2840/2840/2840 2842/2842/2842 
f 2836/2836/2836 2843/2843/2843 2841/2841/2841 
f 2840/2840/2840 2844/2844/2844 2842/2842/2842 
f 2840/2840/2840 2845/2845/2845 2844/2844/2844 
f 2846/2846/2846 2841/2841/2841 2843/2843/2843 
f 2843/2843/2843 2847/2847/2847 2846/2846/2846 
f 2847/2847/2847 2848/2848/2848 2846/2846/2846 
f 2847/2847/2847 2849/2849/2849 2848/2848/2848 
f 2849/2849/2849 2850/2850/2850 2848/2848/2848 
f 2850/2850/2850 2851/2851/2851 2848/2848/2848 
f 2852/2852/2852 2851/2851/2851 2850/2850/2850 
f 2851/2851/2851 2852/2852/2852 2853/2853/2853 
f 2854/2854/2854 2853/2853/2853 2852/2852/2852 
f 2852/2852/2852 2855/2855/2855 2854/2854/2854 
f 2854/2854/2854 2855/2855/2855 2856/2856/2856 
f 2854/2854/2854 2856/2856/2856 2857/2857/2857 
f 2858/2858/2858 2857/2857/2857 2856/2856/2856 
f 2857/2857/2857 2858/2858/2858 2859/2859/2859 
f 2860/2860/2860 2859/2859/2859 2858/2858/2858 
f 2859/2859/2859 2860/2860/2860 2861/2861/2861 
f 2862/2862/2862 2861/2861/2861 2860/2860/2860 
f 2861/2861/2861 2862/2862/2862 2863/2863/2863 
f 2862/2862/2862 2864/2864/2864 2865/2865/2865 
f 2864/2864/2864 2862/2862/2862 2866/2866/2866 
f 2867/2867/2867 2864/2864/2864 2866/2866/2866 
f 2866/2866/2866 2868/2868/2868 2867/2867/2867 
f 2868/2868/2868 2866/2866/2866 2869/2869/2869 
f 2870/2870/2870 2871/2871/2871 2872/2872/2872 
f 2872/2872/2872 2873/2873/2873 2870/2870/2870 
f 2874/2874/2874 2875/2875/2875 2876/2876/2876 
f 2877/2877/2877 2876/2876/2876 2875/2875/2875 
f 2878/2878/2878 2879/2879/2879 2880/2880/2880 
f 2879/2879/2879 2878/2878/2878 2881/2881/2881 
f 2880/2880/2880 2809/2809/2809 2878/2878/2878 
f 2809/2809/2809 2880/2880/2880 2882/2882/2882 
f 2883/2883/2883 2884/2884/2884 2885/2885/2885 
f 2884/2884/2884 2883/2883/2883 2886/2886/2886 
f 2887/2887/2887 2888/2888/2888 2889/2889/2889 
f 2888/2888/2888 2887/2887/2887 2890/2890/2890 
f 2891/2891/2891 2892/2892/2892 2893/2893/2893 
f 2892/2892/2892 2891/2891/2891 2894/2894/2894 
f 2895/2895/2895 2896/2896/2896 2897/2897/2897 
f 2896/2896/2896 2895/2895/2895 2898/2898/2898 
f 2899/2899/2899 2898/2898/2898 2895/2895/2895 
f 2895/2895/2895 2900/2900/2900 2899/2899/2899 
f 2901/2901/2901 2902/2902/2902 2903/2903/2903 
f 2902/2902/2902 2901/2901/2901 2904/2904/2904 
f 2905/2905/2905 2901/2901/2901 2903/2903/2903 
f 2901/2901/2901 2905/2905/2905 2906/2906/2906 
f 2907/2907/2907 2908/2908/2908 2909/2909/2909 
f 2908/2908/2908 2907/2907/2907 2910/2910/2910 
f 2911/2911/2911 2912/2912/2912 2913/2913/2913 
f 2912/2912/2912 2911/2911/2911 2914/2914/2914 
f 2914/2914/2914 2915/2915/2915 2912/2912/2912 
f 2915/2915/2915 2914/2914/2914 2916/2916/2916 
f 2917/2917/2917 2915/2915/2915 2916/2916/2916 
f 2915/2915/2915 2917/2917/2917 2918/2918/2918 
f 2919/2919/2919 2920/2920/2920 2921/2921/2921 
f 2921/2921/2921 2922/2922/2922 2919/2919/2919 
f 2922/2922/2922 2921/2921/2921 2844/2844/2844 
f 2923/2923/2923 2921/2921/2921 2920/2920/2920 
f 2921/2921/2921 2923/2923/2923 2924/2924/2924 
f 2925/2925/2925 2924/2924/2924 2923/2923/2923 
f 2924/2924/2924 2925/2925/2925 2926/2926/2926 
f 2927/2927/2927 2926/2926/2926 2925/2925/2925 
f 2926/2926/2926 2927/2927/2927 2928/2928/2928 
f 2929/2929/2929 2930/2930/2930 2931/2931/2931 
f 2930/2930/2930 2932/2932/2932 2931/2931/2931 
f 2930/2930/2930 2929/2929/2929 2933/2933/2933 
f 2931/2931/2931 2932/2932/2932 2934/2934/2934 
f 2935/2935/2935 2934/2934/2934 2932/2932/2932 
f 2936/2936/2936 2931/2931/2931 2934/2934/2934 
f 2936/2936/2936 2934/2934/2934 2935/2935/2935 
f 2931/2931/2931 2936/2936/2936 2937/2937/2937 
f 2937/2937/2937 2929/2929/2929 2931/2931/2931 
f 2936/2936/2936 2935/2935/2935 2938/2938/2938 
f 2929/2929/2929 2937/2937/2937 2939/2939/2939 
f 2938/2938/2938 2935/2935/2935 2940/2940/2940 
f 2940/2940/2940 2941/2941/2941 2938/2938/2938 
f 2940/2940/2940 2942/2942/2942 2941/2941/2941 
f 2942/2942/2942 2940/2940/2940 2943/2943/2943 
f 2944/2944/2944 2929/2929/2929 2939/2939/2939 
f 2929/2929/2929 2944/2944/2944 2945/2945/2945 
f 2945/2945/2945 2933/2933/2933 2929/2929/2929 
f 2946/2946/2946 2945/2945/2945 2944/2944/2944 
f 2933/2933/2933 2945/2945/2945 2947/2947/2947 
f 2945/2945/2945 2946/2946/2946 2948/2948/2948 
f 2948/2948/2948 2947/2947/2947 2945/2945/2945 
f 2949/2949/2949 2948/2948/2948 2946/2946/2946 
f 2947/2947/2947 2948/2948/2948 2950/2950/2950 
f 2950/2950/2950 2948/2948/2948 2951/2951/2951 
f 2948/2948/2948 2949/2949/2949 2951/2951/2951 
f 2951/2951/2951 2952/2952/2952 2950/2950/2950 
f 2951/2951/2951 2953/2953/2953 2952/2952/2952 
f 2949/2949/2949 2954/2954/2954 2951/2951/2951 
f 2953/2953/2953 2951/2951/2951 2954/2954/2954 
f 2955/2955/2955 2954/2954/2954 2949/2949/2949 
f 2954/2954/2954 2956/2956/2956 2953/2953/2953 
f 2955/2955/2955 2957/2957/2957 2954/2954/2954 
f 2956/2956/2956 2954/2954/2954 2957/2957/2957 
f 2957/2957/2957 2955/2955/2955 2958/2958/2958 
f 2957/2957/2957 2959/2959/2959 2956/2956/2956 
f 2958/2958/2958 2960/2960/2960 2957/2957/2957 
f 2959/2959/2959 2957/2957/2957 2960/2960/2960 
f 2960/2960/2960 2958/2958/2958 2961/2961/2961 
f 2962/2962/2962 2960/2960/2960 2961/2961/2961 
f 2963/2963/2963 2959/2959/2959 2960/2960/2960 
f 2960/2960/2960 2962/2962/2962 2963/2963/2963 
f 2959/2959/2959 2963/2963/2963 2964/2964/2964 
f 2965/2965/2965 2963/2963/2963 2962/2962/2962 
f 2966/2966/2966 2964/2964/2964 2963/2963/2963 
f 2963/2963/2963 2965/2965/2965 2966/2966/2966 
f 2964/2964/2964 2966/2966/2966 2967/2967/2967 
f 2966/2966/2966 2965/2965/2965 2968/2968/2968 
f 2969/2969/2969 2967/2967/2967 2966/2966/2966 
f 2968/2968/2968 2969/2969/2969 2966/2966/2966 
f 2967/2967/2967 2969/2969/2969 2970/2970/2970 
f 2969/2969/2969 2971/2971/2971 2970/2970/2970 
f 2968/2968/2968 2972/2972/2972 2969/2969/2969 
f 2971/2971/2971 2969/2969/2969 2972/2972/2972 
f 2972/2972/2972 2968/2968/2968 2973/2973/2973 
f 2972/2972/2972 2973/2973/2973 2974/2974/2974 
f 2975/2975/2975 2971/2971/2971 2972/2972/2972 
f 2974/2974/2974 2975/2975/2975 2972/2972/2972 
f 2976/2976/2976 2975/2975/2975 2974/2974/2974 
f 2971/2971/2971 2975/2975/2975 2977/2977/2977 
f 2976/2976/2976 2978/2978/2978 2975/2975/2975 
f 2978/2978/2978 2977/2977/2977 2975/2975/2975 
f 2978/2978/2978 2979/2979/2979 2977/2977/2977 
f 2980/2980/2980 2981/2981/2981 2982/2982/2982 
f 2980/2980/2980 2982/2982/2982 2983/2983/2983 
f 2984/2984/2984 2983/2983/2983 2982/2982/2982 
f 2983/2983/2983 2985/2985/2985 2980/2980/2980 
f 2983/2983/2983 2984/2984/2984 2986/2986/2986 
f 2985/2985/2985 2983/2983/2983 2987/2987/2987 
f 2986/2986/2986 2987/2987/2987 2983/2983/2983 
f 2987/2987/2987 2986/2986/2986 2988/2988/2988 
f 2989/2989/2989 2990/2990/2990 2991/2991/2991 
f 2990/2990/2990 2989/2989/2989 2992/2992/2992 
f 2992/2992/2992 2993/2993/2993 2990/2990/2990 
f 2989/2989/2989 2994/2994/2994 2992/2992/2992 
f 2994/2994/2994 2989/2989/2989 2995/2995/2995 
f 2996/2996/2996 2992/2992/2992 2994/2994/2994 
f 2993/2993/2993 2992/2992/2992 2997/2997/2997 
f 2992/2992/2992 2996/2996/2996 2997/2997/2997 
f 2997/2997/2997 2998/2998/2998 2993/2993/2993 
f 2999/2999/2999 2997/2997/2997 2996/2996/2996 
f 2998/2998/2998 2997/2997/2997 3000/3000/3000 
f 2997/2997/2997 2999/2999/2999 3000/3000/3000 
f 3001/3001/3001 3002/3002/3002 3003/3003/3003 
f 3002/3002/3002 3004/3004/3004 3003/3003/3003 
f 3001/3001/3001 3003/3003/3003 3005/3005/3005 
f 3006/3006/3006 3001/3001/3001 3005/3005/3005 

g Rig8

v -1.79197 6.67379 0.330365 
v -1.77242 6.67341 0.193498 
v -1.7649 6.62816 0.30785 
v -1.67701 6.5815 0.413422 
v -1.69535 6.6205 0.447567 
v -1.79963 6.7241 0.203666 
v -1.73225 6.7225 0.0876222 
v -1.75468 6.77729 0.0863543 
v -1.62644 6.81174 -0.00330558 
v -1.61668 6.75582 0.0064944 
v -1.53765 6.5771 0.537288 
v -1.69535 6.6205 0.447567 
v -1.53401 6.54478 0.494088 
v -1.67701 6.5815 0.413422 
v -1.25086 6.51825 0.548585 
v -1.2209 6.54101 0.598402 
v -1.18212 6.55285 0.569527 
v -1.20764 6.53039 0.519595 
v -1.67701 6.5815 0.413422 
v -1.7649 6.62816 0.30785 
v -1.21341 6.6403 0.26224 
v -1.77242 6.67341 0.193498 
v -1.53401 6.54478 0.494088 
v -1.73225 6.7225 0.0876222 
v -1.25086 6.51825 0.548585 
v -1.61668 6.75582 0.0064944 
v -1.20764 6.53039 0.519595 
v -1.45519 6.77255 -0.0375887 
v -1.16988 6.63708 0.267 
v -1.17107 6.7615 -0.0231065 
v -1.13196 6.74501 0.0111457 
v -1.13196 6.74501 0.0111457 
v -1.13742 6.81017 -0.0352112 
v -1.09114 6.79543 0.000870585 
v -1.17107 6.7615 -0.0231065 
v -1.44762 6.82697 -0.0518056 
v -1.45519 6.77255 -0.0375887 
v -1.62644 6.81174 -0.00330558 
v -1.61668 6.75582 0.0064944 
v -1.13774 6.67339 0.28665 
v -1.18212 6.55285 0.569527 
v -1.20764 6.53039 0.519595 
v -1.16988 6.63708 0.267 
v -1.13196 6.74501 0.0111457 
v -1.09114 6.79543 0.000870585 
v -1.10436 6.87563 0.690662 
v -1.0557 7.21432 0.850465 
v -1.13906 6.8746 0.723287 
v -1.02517 7.20433 0.814022 
v -1.18212 6.55285 0.569527 
v -1.2209 6.54101 0.598402 
v -1.43908 6.93867 0.679439 
v -1.53765 6.5771 0.537288 
v -1.69535 6.6205 0.447567 
v -1.33869 7.30689 0.824202 
v -1.59067 6.98924 0.598963 
v -1.48406 7.36474 0.753138 
v -1.68588 7.03981 0.488104 
v -1.48406 7.36474 0.753138 
v -1.57784 7.41254 0.64874 
v -1.59067 6.98924 0.598963 
v -1.59361 7.43864 0.527055 
v -1.79197 6.67379 0.330365 
v -1.69535 6.6205 0.447567 
v -1.69755 7.07812 0.363889 
v -1.56353 7.45151 0.406164 
v -1.79963 6.7241 0.203666 
v -1.65997 7.11133 0.244804 
v -1.75468 6.77729 0.0863543 
v -1.62644 6.81174 -0.00330558 
v -1.5428 7.1214 0.149404 
v -1.45762 7.43674 0.304918 
v -0.987775 7.30615 0.255191 
v -1.07271 6.96167 0.410369 
v -1.03993 7.04847 0.126874 
v -1.00647 7.25524 0.536359 
v -1.13774 6.67339 0.28665 
v -1.09114 6.79543 0.000870585 
v -1.18212 6.55285 0.569527 
v -1.10436 6.87563 0.690662 
v -1.02517 7.20433 0.814022 
v -1.5041 7.50063 0.633496 
v -1.57784 7.41254 0.64874 
v -1.48406 7.36474 0.753138 
v -1.59361 7.43864 0.527055 
v -1.42254 7.45905 0.724292 
v -1.51782 7.52332 0.527665 
v -1.33869 7.30689 0.824202 
v -1.56353 7.45151 0.406164 
v -1.48007 7.55002 0.628151 
v -1.49166 7.53452 0.422525 
v -1.45762 7.43674 0.304918 
v -1.48756 7.56716 0.528811 
v -1.39955 7.52167 0.33447 
v -1.47164 7.57703 0.435712 
v -1.30414 7.40096 0.238573 
v -1.44273 7.62399 0.456825 
v -1.38144 7.56716 0.35357 
v -1.26606 7.49055 0.276768 
v -1.36144 7.61741 0.393952 
v -1.02788 7.41918 0.262347 
v -1.03028 7.31889 0.221992 
v -1.24921 7.53863 0.307189 
v -1.02375 7.46455 0.293299 
v -0.990915 7.4081 0.291221 
v -0.987775 7.30615 0.255191 
v -0.990896 7.45031 0.315049 
v -1.01918 7.51467 0.346772 
v -1.00717 7.36382 0.535756 
v -1.00647 7.25524 0.536359 
v -1.02344 7.31954 0.777243 
v -1.02517 7.20433 0.814022 
v -1.04999 7.32823 0.808938 
v -1.0557 7.21432 0.850465 
v -1.01507 7.38266 0.756163 
v -1.29611 7.40874 0.786097 
v -1.04001 7.39525 0.779719 
v -1.00146 7.42934 0.534351 
v -1.00582 7.45237 0.710542 
v -0.990875 7.49693 0.360655 
v -1.02899 7.46928 0.725109 
v -0.997502 7.47473 0.533378 
v -0.998408 7.50124 0.648973 
v -0.990856 7.52486 0.424177 
v -1.01503 7.54577 0.417447 
v -0.990838 7.55115 0.53174 
v -1.02015 7.52161 0.656334 
v -1.01113 7.57505 0.531741 
v -1.19404 7.6591 0.531734 
v -1.21177 7.62644 0.423894 
v -1.22 7.59903 0.651024 
v -1.32614 7.67802 0.531731 
v -1.2306 7.59174 0.360076 
v -1.34325 7.64863 0.440316 
v -1.42348 7.65222 0.476974 
v -1.40458 7.6788 0.531729 
v -1.45411 7.61563 0.530078 
v -1.34853 7.63104 0.627352 
v -1.43224 7.6413 0.593068 
v -1.45352 7.60458 0.615387 
v -1.37044 7.58505 0.66776 
v -1.24542 7.54021 0.714608 
v -1.39779 7.51892 0.708044 
v -1.27202 7.47121 0.762742 
v -1.08433 7.06222 0.0922206 
v -0.987775 7.30615 0.255191 
v -1.03993 7.04847 0.126874 
v -1.03028 7.31889 0.221992 
v -1.13742 6.81017 -0.0352112 
v -1.09114 6.79543 0.000870585 
v -1.37653 7.11135 0.0920624 
v -1.30414 7.40096 0.238573 
v -1.45762 7.43674 0.304918 
v -1.44762 6.82697 -0.0518056 
v -1.5428 7.1214 0.149404 
v -1.62644 6.81174 -0.00330558 

vn -0.834646 -0.543307 0.0866142 
vn -0.866142 -0.409449 -0.291339 
vn -0.826772 -0.551181 0.11811 
vn -0.606299 -0.669291 0.433071 
vn -0.614173 -0.661417 0.425197 
vn -0.858268 -0.401575 -0.314961 
vn -0.692913 -0.299213 -0.653543 
vn -0.677165 -0.291339 -0.677165 
vn -0.377953 -0.220472 -0.897638 
vn -0.385827 -0.228346 -0.897638 
vn -0.330709 -0.779528 0.535433 
vn -0.614173 -0.661417 0.425197 
vn -0.346457 -0.771654 0.535433 
vn -0.606299 -0.669291 0.433071 
vn 0.0551181 -0.905512 0.417323 
vn 0.181102 -0.92126 0.338583 
vn 0.566929 -0.818898 0.0708661 
vn 0.645669 -0.76378 0 
vn -0.015748 -0.92126 -0.393701 
vn -0.00787402 -0.929134 -0.377953 
vn -0.015748 -0.92126 -0.393701 
vn -0.00787402 -0.92126 -0.393701 
vn -0.015748 -0.92126 -0.393701 
vn -0.00787402 -0.913386 -0.409449 
vn -0.015748 -0.92126 -0.393701 
vn -0.015748 -0.92126 -0.393701 
vn -0.015748 -0.92126 -0.393701 
vn -0.015748 -0.92126 -0.393701 
vn -0.023622 -0.92126 -0.393701 
vn -0.023622 -0.92126 -0.393701 
vn -0.0314961 -0.92126 -0.393701 
vn 0.661417 -0.606299 -0.440945 
vn 0.291339 -0.417323 -0.858268 
vn 0.614173 -0.590551 -0.527559 
vn 0.212598 -0.370079 -0.905512 
vn -0.0866142 -0.244094 -0.968504 
vn -0.11811 -0.23622 -0.968504 
vn -0.377953 -0.220472 -0.897638 
vn -0.385827 -0.228346 -0.897638 
vn 0.771654 -0.614173 -0.141732 
vn 0.566929 -0.818898 0.0708661 
vn 0.645669 -0.76378 0 
vn 0.771654 -0.614173 -0.141732 
vn 0.661417 -0.606299 -0.440945 
vn 0.614173 -0.590551 -0.527559 
vn 0.858268 -0.346457 0.370079 
vn 0.188976 -0.385827 0.905512 
vn 0.244094 -0.393701 0.889764 
vn 0.834646 -0.354331 0.417323 
vn 0.84252 -0.354331 0.409449 
vn 0.181102 -0.385827 0.905512 
vn -0.362205 -0.251969 0.897638 
vn -0.385827 -0.244094 0.889764 
vn -0.669291 -0.110236 0.732283 
vn -0.354331 -0.259843 0.897638 
vn -0.645669 -0.125984 0.748031 
vn -0.629921 -0.133858 0.76378 
vn -0.905512 0.0866142 0.417323 
vn -0.629921 -0.133858 0.76378 
vn -0.889764 0.0629921 0.448819 
vn -0.645669 -0.125984 0.748031 
vn -0.96063 0.275591 0.015748 
vn -0.913386 0.0944882 0.393701 
vn -0.669291 -0.110236 0.732283 
vn -0.96063 0.283465 -0.015748 
vn -0.80315 0.425197 -0.409449 
vn -0.96063 0.283465 -0.023622 
vn -0.779528 0.433071 -0.448819 
vn -0.795276 0.425197 -0.425197 
vn -0.448819 0.488189 -0.748031 
vn -0.425197 0.488189 -0.76378 
vn -0.440945 0.488189 -0.755906 
vn 0.944882 -0.0314961 -0.330709 
vn 0.968504 -0.23622 0.0393701 
vn 0.92126 0 -0.393701 
vn 0.968504 -0.23622 0.0314961 
vn 0.968504 -0.23622 0.0472441 
vn 0.905512 0.015748 -0.417323 
vn 0.84252 -0.354331 0.409449 
vn 0.858268 -0.346457 0.370079 
vn 0.834646 -0.354331 0.417323 
vn -0.685039 0.543307 0.488189 
vn -0.622047 0.606299 0.488189 
vn -0.377953 0.488189 0.787402 
vn -0.740157 0.661417 0.0787402 
vn -0.393701 0.448819 0.80315 
vn -0.80315 0.598425 0.0472441 
vn -0.110236 0.385827 0.913386 
vn -0.669291 0.653543 -0.354331 
vn -0.716535 0.511811 0.480315 
vn -0.692913 0.590551 -0.417323 
vn -0.409449 0.535433 -0.740157 
vn -0.850394 0.527559 0.023622 
vn -0.385827 0.519685 -0.76378 
vn -0.716535 0.574803 -0.401575 
vn -0.102362 0.425197 -0.897638 
vn -0.629921 0.692913 -0.354331 
vn -0.330709 0.590551 -0.732283 
vn -0.0708661 0.480315 -0.874016 
vn -0.204724 0.755906 -0.622047 
vn 0.362205 0.401575 -0.834646 
vn 0.393701 0.338583 -0.858268 
vn 0.00787402 0.614173 -0.787402 
vn 0.393701 0.551181 -0.732283 
vn 0.905512 0.181102 -0.377953 
vn 0.913386 0.165354 -0.377953 
vn 0.905512 0.251969 -0.346457 
vn 0.440945 0.708661 -0.543307 
vn 1 -0.0393701 0.0551181 
vn 1 0.00787402 0.0708661 
vn 0.929134 0.0708661 0.362205 
vn 0.905512 0.11811 0.409449 
vn 0.425197 0.283465 0.858268 
vn 0.472441 0.283465 0.834646 
vn 0.913386 0.0866142 0.385827 
vn -0.110236 0.385827 0.913386 
vn 0.425197 0.370079 0.826772 
vn 0.992126 -0.0787402 0.0393701 
vn 0.913386 0.212598 0.354331 
vn 0.897638 0.354331 -0.259843 
vn 0.448819 0.559055 0.692913 
vn 0.992126 -0.0866142 0.0314961 
vn 0.92126 0.291339 0.259843 
vn 0.92126 0.362205 -0.133858 
vn 0.511811 0.795276 -0.322835 
vn 0.92126 0.385827 0.0629921 
vn 0.503937 0.700787 0.503937 
vn 0.559055 0.826772 0.0787402 
vn 0.267717 0.96063 0.0787402 
vn 0.220472 0.889764 -0.401575 
vn 0.181102 0.795276 0.582677 
vn 0.0551181 0.992126 0.0708661 
vn 0.11811 0.779528 -0.622047 
vn -0.0393701 0.889764 -0.448819 
vn -0.488189 0.818898 -0.299213 
vn -0.354331 0.937008 0.0472441 
vn -0.826772 0.566929 0.00787402 
vn -0.0314961 0.795276 0.606299 
vn -0.503937 0.771654 0.385827 
vn -0.629921 0.622047 0.464567 
vn -0.19685 0.622047 0.755906 
vn 0.0629921 0.637795 0.76378 
vn -0.346457 0.480315 0.80315 
vn -0.0551181 0.472441 0.88189 
vn 0.377953 0.354331 -0.858268 
vn 0.944882 -0.0314961 -0.330709 
vn 0.92126 0 -0.393701 
vn 0.385827 0.346457 -0.850394 
vn 0.338583 0.362205 -0.866142 
vn 0.905512 0.015748 -0.417323 
vn -0.0944882 0.464567 -0.88189 
vn -0.102362 0.464567 -0.874016 
vn -0.440945 0.488189 -0.755906 
vn -0.11811 0.472441 -0.874016 
vn -0.425197 0.488189 -0.76378 
vn -0.448819 0.488189 -0.748031 

vt 0.616567 0.694608 
vt 0.600717 0.687576 
vt 0.616567 0.687576 
vt 0.635233 0.687576 
vt 0.635233 0.694608 
vt 0.600717 0.694608 
vt 0.584799 0.687576 
vt 0.584799 0.694608 
vt 0.565849 0.694608 
vt 0.565849 0.687576 
vt 0.658922 0.694608 
vt 0.635233 0.694608 
vt 0.658922 0.687576 
vt 0.635233 0.687576 
vt 0.698359 0.687576 
vt 0.698359 0.694608 
vt 0.704821 0.694608 
vt 0.704821 0.687576 
vt 0.492517 0.623655 
vt 0.499685 0.623655 
vt 0.467847 0.651383 
vt 0.499685 0.651316 
vt 0.48384 0.623655 
vt 0.499685 0.679062 
vt 0.467543 0.623655 
vt 0.492552 0.679062 
vt 0.465369 0.623655 
vt 0.483886 0.679062 
vt 0.465369 0.651414 
vt 0.467866 0.679062 
vt 0.465385 0.679062 
vt 0.496025 0.687576 
vt 0.50389 0.694608 
vt 0.496025 0.694608 
vt 0.50389 0.687576 
vt 0.542952 0.694608 
vt 0.542952 0.687576 
vt 0.565849 0.694608 
vt 0.565849 0.687576 
vt 0.459821 0.694608 
vt 0.426629 0.694608 
vt 0.426629 0.687576 
vt 0.459821 0.687576 
vt 0.496029 0.687576 
vt 0.496029 0.694608 
vt 0.704821 0.734922 
vt 0.698359 0.772736 
vt 0.698359 0.734922 
vt 0.704821 0.772736 
vt 0.704821 0.694608 
vt 0.698359 0.694608 
vt 0.658922 0.734922 
vt 0.658922 0.694608 
vt 0.635233 0.694608 
vt 0.658922 0.772736 
vt 0.635233 0.734922 
vt 0.635233 0.772736 
vt 0.616567 0.734922 
vt 0.635233 0.772736 
vt 0.616567 0.772736 
vt 0.635233 0.734922 
vt 0.600717 0.772736 
vt 0.616567 0.694608 
vt 0.635233 0.694608 
vt 0.600717 0.734922 
vt 0.584799 0.772736 
vt 0.600717 0.694608 
vt 0.584799 0.734922 
vt 0.584799 0.694608 
vt 0.565849 0.694608 
vt 0.565849 0.734922 
vt 0.565849 0.772736 
vt 0.496029 0.772736 
vt 0.459821 0.734922 
vt 0.496029 0.734922 
vt 0.459821 0.772736 
vt 0.459821 0.694608 
vt 0.496029 0.694608 
vt 0.426629 0.694608 
vt 0.426629 0.734922 
vt 0.426629 0.772736 
vt 0.456263 0.659316 
vt 0.459407 0.661211 
vt 0.453463 0.67055 
vt 0.460811 0.650382 
vt 0.451093 0.667439 
vt 0.457484 0.649899 
vt 0.444608 0.676955 
vt 0.45952 0.639645 
vt 0.455457 0.658554 
vt 0.45636 0.64056 
vt 0.453671 0.630703 
vt 0.45626 0.649731 
vt 0.451274 0.632783 
vt 0.455668 0.64147 
vt 0.444879 0.624892 
vt 0.454511 0.643044 
vt 0.450707 0.634199 
vt 0.443627 0.627729 
vt 0.450042 0.63746 
vt 0.429633 0.626586 
vt 0.428789 0.623577 
vt 0.443135 0.630129 
vt 0.42982 0.62906 
vt 0.427398 0.629145 
vt 0.426218 0.62652 
vt 0.427794 0.631015 
vt 0.429986 0.63349 
vt 0.427334 0.650914 
vt 0.426145 0.65155 
vt 0.427276 0.672414 
vt 0.426078 0.676271 
vt 0.428782 0.675185 
vt 0.42781 0.679456 
vt 0.427521 0.670211 
vt 0.443391 0.67301 
vt 0.428995 0.672243 
vt 0.427711 0.650432 
vt 0.427837 0.665813 
vt 0.428193 0.634776 
vt 0.429276 0.667029 
vt 0.427973 0.650098 
vt 0.428067 0.660126 
vt 0.428357 0.640214 
vt 0.429939 0.639536 
vt 0.428414 0.649536 
vt 0.429479 0.660688 
vt 0.429797 0.649429 
vt 0.440876 0.649176 
vt 0.441738 0.639883 
vt 0.441442 0.660021 
vt 0.448434 0.649217 
vt 0.442551 0.634476 
vt 0.449264 0.641351 
vt 0.453696 0.644644 
vt 0.452812 0.649298 
vt 0.454906 0.649546 
vt 0.448988 0.657906 
vt 0.453831 0.654926 
vt 0.454582 0.657109 
vt 0.44964 0.661732 
vt 0.442105 0.665959 
vt 0.450381 0.665661 
vt 0.442758 0.670593 
vt 0.50389 0.734922 
vt 0.496025 0.772736 
vt 0.496025 0.734922 
vt 0.50389 0.772736 
vt 0.50389 0.694608 
vt 0.496025 0.694608 
vt 0.542952 0.734922 
vt 0.542952 0.772736 
vt 0.565849 0.772736 
vt 0.542952 0.694608 
vt 0.565849 0.734922 
vt 0.565849 0.694608 

usemtl Rig7Mtl

f 3007/3007/3007 3008/3008/3008 3009/3009/3009 
f 3010/3010/3010 3007/3007/3007 3009/3009/3009 
f 3007/3007/3007 3010/3010/3010 3011/3011/3011 
f 3008/3008/3008 3007/3007/3007 3012/3012/3012 
f 3013/3013/3013 3008/3008/3008 3012/3012/3012 
f 3012/3012/3012 3014/3014/3014 3013/3013/3013 
f 3015/3015/3015 3013/3013/3013 3014/3014/3014 
f 3013/3013/3013 3015/3015/3015 3016/3016/3016 
f 3017/3017/3017 3018/3018/3018 3019/3019/3019 
f 3019/3019/3019 3018/3018/3018 3020/3020/3020 
f 3021/3021/3021 3017/3017/3017 3019/3019/3019 
f 3017/3017/3017 3021/3021/3021 3022/3022/3022 
f 3021/3021/3021 3023/3023/3023 3022/3022/3022 
f 3023/3023/3023 3021/3021/3021 3024/3024/3024 
f 3025/3025/3025 3026/3026/3026 3027/3027/3027 
f 3026/3026/3026 3028/3028/3028 3027/3027/3027 
f 3029/3029/3029 3025/3025/3025 3027/3027/3027 
f 3028/3028/3028 3030/3030/3030 3027/3027/3027 
f 3027/3027/3027 3031/3031/3031 3029/3029/3029 
f 3030/3030/3030 3032/3032/3032 3027/3027/3027 
f 3027/3027/3027 3033/3033/3033 3031/3031/3031 
f 3032/3032/3032 3034/3034/3034 3027/3027/3027 
f 3033/3033/3033 3027/3027/3027 3035/3035/3035 
f 3034/3034/3034 3036/3036/3036 3027/3027/3027 
f 3027/3027/3027 3037/3037/3037 3035/3035/3035 
f 3037/3037/3037 3027/3027/3027 3036/3036/3036 
f 3038/3038/3038 3039/3039/3039 3040/3040/3040 
f 3039/3039/3039 3038/3038/3038 3041/3041/3041 
f 3041/3041/3041 3042/3042/3042 3039/3039/3039 
f 3042/3042/3042 3041/3041/3041 3043/3043/3043 
f 3043/3043/3043 3044/3044/3044 3042/3042/3042 
f 3044/3044/3044 3043/3043/3043 3045/3045/3045 
f 3046/3046/3046 3047/3047/3047 3048/3048/3048 
f 3046/3046/3046 3048/3048/3048 3049/3049/3049 
f 3050/3050/3050 3046/3046/3046 3049/3049/3049 
f 3046/3046/3046 3050/3050/3050 3051/3051/3051 
f 3052/3052/3052 3053/3053/3053 3054/3054/3054 
f 3053/3053/3053 3052/3052/3052 3055/3055/3055 
f 3054/3054/3054 3056/3056/3056 3052/3052/3052 
f 3056/3056/3056 3054/3054/3054 3057/3057/3057 
f 3053/3053/3053 3058/3058/3058 3054/3054/3054 
f 3058/3058/3058 3057/3057/3057 3054/3054/3054 
f 3057/3057/3057 3058/3058/3058 3059/3059/3059 
f 3058/3058/3058 3060/3060/3060 3059/3059/3059 
f 3058/3058/3058 3053/3053/3053 3061/3061/3061 
f 3060/3060/3060 3058/3058/3058 3062/3062/3062 
f 3061/3061/3061 3062/3062/3062 3058/3058/3058 
f 3062/3062/3062 3061/3061/3061 3063/3063/3063 
f 3064/3064/3064 3065/3065/3065 3066/3066/3066 
f 3065/3065/3065 3064/3064/3064 3067/3067/3067 
f 3064/3064/3064 3066/3066/3066 3068/3068/3068 
f 3064/3064/3064 3069/3069/3069 3067/3067/3067 
f 3069/3069/3069 3070/3070/3070 3067/3067/3067 
f 3068/3068/3068 3071/3071/3071 3064/3064/3064 
f 3071/3071/3071 3069/3069/3069 3064/3064/3064 
f 3072/3072/3072 3071/3071/3071 3068/3068/3068 
f 3069/3069/3069 3071/3071/3071 3073/3073/3073 
f 3074/3074/3074 3073/3073/3073 3071/3071/3071 
f 3071/3071/3071 3072/3072/3072 3074/3074/3074 
f 3073/3073/3073 3074/3074/3074 3075/3075/3075 
f 3076/3076/3076 3075/3075/3075 3074/3074/3074 
f 3077/3077/3077 3076/3076/3076 3074/3074/3074 
f 3077/3077/3077 3074/3074/3074 3072/3072/3072 
f 3078/3078/3078 3077/3077/3077 3072/3072/3072 
f 3079/3079/3079 3080/3080/3080 3081/3081/3081 
f 3080/3080/3080 3079/3079/3079 3082/3082/3082 
f 3081/3081/3081 3080/3080/3080 3083/3083/3083 
f 3081/3081/3081 3083/3083/3083 3084/3084/3084 
f 3080/3080/3080 3085/3085/3085 3083/3083/3083 
f 3085/3085/3085 3080/3080/3080 3086/3086/3086 
f 3082/3082/3082 3086/3086/3086 3080/3080/3080 
f 3086/3086/3086 3082/3082/3082 3087/3087/3087 
f 3088/3088/3088 3089/3089/3089 3090/3090/3090 
f 3088/3088/3088 3091/3091/3091 3089/3089/3089 
f 3088/3088/3088 3090/3090/3090 3092/3092/3092 
f 3091/3091/3091 3088/3088/3088 3093/3093/3093 
f 3092/3092/3092 3090/3090/3090 3094/3094/3094 
f 3093/3093/3093 3095/3095/3095 3091/3091/3091 
f 3092/3092/3092 3096/3096/3096 3088/3088/3088 
f 3096/3096/3096 3093/3093/3093 3088/3088/3088 
f 3095/3095/3095 3093/3093/3093 3097/3097/3097 
f 3097/3097/3097 3098/3098/3098 3095/3095/3095 
f 3093/3093/3093 3096/3096/3096 3099/3099/3099 
f 3098/3098/3098 3097/3097/3097 3100/3100/3100 
f 3097/3097/3097 3093/3093/3093 3101/3101/3101 
f 3101/3101/3101 3093/3093/3093 3099/3099/3099 
f 3101/3101/3101 3100/3100/3100 3097/3097/3097 
f 3100/3100/3100 3102/3102/3102 3098/3098/3098 
f 3103/3103/3103 3101/3101/3101 3099/3099/3099 
f 3100/3100/3100 3101/3101/3101 3104/3104/3104 
f 3103/3103/3103 3104/3104/3104 3101/3101/3101 
f 3104/3104/3104 3105/3105/3105 3100/3100/3100 
f 3102/3102/3102 3100/3100/3100 3105/3105/3105 
f 3104/3104/3104 3103/3103/3103 3106/3106/3106 
f 3107/3107/3107 3102/3102/3102 3105/3105/3105 
f 3102/3102/3102 3107/3107/3107 3108/3108/3108 
f 3105/3105/3105 3104/3104/3104 3109/3109/3109 
f 3106/3106/3106 3109/3109/3109 3104/3104/3104 
f 3107/3107/3107 3105/3105/3105 3110/3110/3110 
f 3110/3110/3110 3105/3105/3105 3109/3109/3109 
f 3111/3111/3111 3108/3108/3108 3107/3107/3107 
f 3108/3108/3108 3111/3111/3111 3112/3112/3112 
f 3113/3113/3113 3107/3107/3107 3110/3110/3110 
f 3107/3107/3107 3113/3113/3113 3111/3111/3111 
f 3110/3110/3110 3109/3109/3109 3114/3114/3114 
f 3113/3113/3113 3110/3110/3110 3114/3114/3114 
f 3115/3115/3115 3112/3112/3112 3111/3111/3111 
f 3115/3115/3115 3111/3111/3111 3113/3113/3113 
f 3112/3112/3112 3115/3115/3115 3116/3116/3116 
f 3115/3115/3115 3117/3117/3117 3116/3116/3116 
f 3116/3116/3116 3117/3117/3117 3118/3118/3118 
f 3118/3118/3118 3117/3117/3117 3119/3119/3119 
f 3119/3119/3119 3120/3120/3120 3118/3118/3118 
f 3119/3119/3119 3094/3094/3094 3120/3120/3120 
f 3121/3121/3121 3119/3119/3119 3117/3117/3117 
f 3115/3115/3115 3121/3121/3121 3117/3117/3117 
f 3094/3094/3094 3119/3119/3119 3122/3122/3122 
f 3094/3094/3094 3122/3122/3122 3092/3092/3092 
f 3119/3119/3119 3121/3121/3121 3123/3123/3123 
f 3122/3122/3122 3119/3119/3119 3123/3123/3123 
f 3124/3124/3124 3121/3121/3121 3115/3115/3115 
f 3113/3113/3113 3124/3124/3124 3115/3115/3115 
f 3125/3125/3125 3123/3123/3123 3121/3121/3121 
f 3125/3125/3125 3121/3121/3121 3124/3124/3124 
f 3124/3124/3124 3113/3113/3113 3126/3126/3126 
f 3127/3127/3127 3123/3123/3123 3125/3125/3125 
f 3128/3128/3128 3125/3125/3125 3124/3124/3124 
f 3126/3126/3126 3128/3128/3128 3124/3124/3124 
f 3126/3126/3126 3113/3113/3113 3114/3114/3114 
f 3125/3125/3125 3128/3128/3128 3129/3129/3129 
f 3129/3129/3129 3127/3127/3127 3125/3125/3125 
f 3128/3128/3128 3126/3126/3126 3130/3130/3130 
f 3114/3114/3114 3131/3131/3131 3126/3126/3126 
f 3126/3126/3126 3131/3131/3131 3130/3130/3130 
f 3128/3128/3128 3130/3130/3130 3132/3132/3132 
f 3132/3132/3132 3129/3129/3129 3128/3128/3128 
f 3132/3132/3132 3130/3130/3130 3131/3131/3131 
f 3129/3129/3129 3132/3132/3132 3133/3133/3133 
f 3127/3127/3127 3129/3129/3129 3133/3133/3133 
f 3131/3131/3131 3134/3134/3134 3132/3132/3132 
f 3134/3134/3134 3133/3133/3133 3132/3132/3132 
f 3131/3131/3131 3135/3135/3135 3134/3134/3134 
f 3135/3135/3135 3133/3133/3133 3134/3134/3134 
f 3135/3135/3135 3131/3131/3131 3136/3136/3136 
f 3114/3114/3114 3136/3136/3136 3131/3131/3131 
f 3133/3133/3133 3135/3135/3135 3137/3137/3137 
f 3137/3137/3137 3127/3127/3127 3133/3133/3133 
f 3136/3136/3136 3138/3138/3138 3135/3135/3135 
f 3138/3138/3138 3137/3137/3137 3135/3135/3135 
f 3136/3136/3136 3114/3114/3114 3139/3139/3139 
f 3114/3114/3114 3109/3109/3109 3139/3139/3139 
f 3109/3109/3109 3106/3106/3106 3139/3139/3139 
f 3139/3139/3139 3140/3140/3140 3136/3136/3136 
f 3140/3140/3140 3139/3139/3139 3106/3106/3106 
f 3138/3138/3138 3136/3136/3136 3140/3140/3140 
f 3106/3106/3106 3141/3141/3141 3140/3140/3140 
f 3141/3141/3141 3106/3106/3106 3103/3103/3103 
f 3140/3140/3140 3142/3142/3142 3138/3138/3138 
f 3142/3142/3142 3140/3140/3140 3141/3141/3141 
f 3141/3141/3141 3103/3103/3103 3143/3143/3143 
f 3143/3143/3143 3142/3142/3142 3141/3141/3141 
f 3103/3103/3103 3099/3099/3099 3143/3143/3143 
f 3142/3142/3142 3144/3144/3144 3138/3138/3138 
f 3137/3137/3137 3138/3138/3138 3144/3144/3144 
f 3145/3145/3145 3142/3142/3142 3143/3143/3143 
f 3144/3144/3144 3142/3142/3142 3145/3145/3145 
f 3146/3146/3146 3143/3143/3143 3099/3099/3099 
f 3143/3143/3143 3146/3146/3146 3145/3145/3145 
f 3099/3099/3099 3096/3096/3096 3146/3146/3146 
f 3145/3145/3145 3147/3147/3147 3144/3144/3144 
f 3147/3147/3147 3145/3145/3145 3146/3146/3146 
f 3144/3144/3144 3148/3148/3148 3137/3137/3137 
f 3148/3148/3148 3144/3144/3144 3147/3147/3147 
f 3127/3127/3127 3137/3137/3137 3148/3148/3148 
f 3149/3149/3149 3146/3146/3146 3096/3096/3096 
f 3146/3146/3146 3149/3149/3149 3147/3147/3147 
f 3096/3096/3096 3092/3092/3092 3149/3149/3149 
f 3122/3122/3122 3149/3149/3149 3092/3092/3092 
f 3127/3127/3127 3148/3148/3148 3150/3150/3150 
f 3147/3147/3147 3150/3150/3150 3148/3148/3148 
f 3150/3150/3150 3147/3147/3147 3149/3149/3149 
f 3149/3149/3149 3122/3122/3122 3150/3150/3150 
f 3150/3150/3150 3123/3123/3123 3127/3127/3127 
f 3122/3122/3122 3123/3123/3123 3150/3150/3150 
f 3151/3151/3151 3152/3152/3152 3153/3153/3153 
f 3152/3152/3152 3151/3151/3151 3154/3154/3154 
f 3153/3153/3153 3155/3155/3155 3151/3151/3151 
f 3155/3155/3155 3153/3153/3153 3156/3156/3156 
f 3157/3157/3157 3154/3154/3154 3151/3151/3151 
f 3155/3155/3155 3157/3157/3157 3151/3151/3151 
f 3154/3154/3154 3157/3157/3157 3158/3158/3158 
f 3158/3158/3158 3157/3157/3157 3159/3159/3159 
f 3157/3157/3157 3155/3155/3155 3160/3160/3160 
f 3157/3157/3157 3161/3161/3161 3159/3159/3159 
f 3160/3160/3160 3161/3161/3161 3157/3157/3157 
f 3161/3161/3161 3160/3160/3160 3162/3162/3162 

g Rig9

v -1.17682 8.23081 0.517301 
v -1.09136 8.1955 0.609606 
v -0.693875 8.03129 0.408418 
v -0.963453 8.14266 0.671284 
v -1.19614 8.23936 0.408523 
v -1.17682 8.23081 0.299536 
v -1.09136 8.1955 0.20723 
v -0.963453 8.14266 0.145553 
v -0.720128 8.04213 0.690833 
v -0.693875 8.03129 0.159667 
v -0.730093 8.04625 0.126804 
v -0.676882 7.98064 0.414349 
v -0.676455 7.9819 0.127829 
v -0.717617 7.99872 0.0953588 
v -0.982834 8.10709 0.116632 
v -0.963453 8.14266 0.145553 
v -1.09136 8.1955 0.20723 
v -1.12828 8.16626 0.186616 
v -1.17682 8.23081 0.299536 
v -1.22554 8.20557 0.291353 
v -1.19614 8.23936 0.408523 
v -1.24766 8.21467 0.415017 
v -1.17682 8.23081 0.517301 
v -1.22586 8.2046 0.538445 
v -1.12888 8.16447 0.643182 
v -1.09136 8.1955 0.609606 
v -0.983615 8.10475 0.713166 
v -0.963453 8.14266 0.671284 
v -0.70713 7.99158 0.735348 
v -0.693875 8.03129 0.692942 
v -0.6773 7.97937 0.698464 
v -1.59338 7.25622 0.460165 
v -1.61889 7.33209 0.51621 
v -1.5891 7.34921 0.420551 
v -1.59361 7.43864 0.527055 
v -1.56353 7.45151 0.406164 
v -1.45762 7.43674 0.304918 
v -1.59915 7.32346 0.617537 
v -1.57784 7.41254 0.64874 
v -1.48406 7.36474 0.753138 
v -1.51398 7.25255 0.693651 
v -1.33869 7.30689 0.824202 
v -1.5976 7.24522 0.569827 
v -1.61161 7.2385 0.510879 
v -1.53422 7.17736 0.604049 
v -1.54822 7.15376 0.512219 
v -1.52384 7.19371 0.431728 
v -1.49262 7.29742 0.348088 
v -1.43588 7.09724 0.514069 
v -1.40625 7.14807 0.397708 
v -1.3587 7.25381 0.297636 
v -1.30414 7.40096 0.238573 
v -1.42081 7.12524 0.620788 
v -1.21278 7.02672 0.517864 
v -1.19063 7.07321 0.394625 
v -1.11743 7.17399 0.291265 
v -1.03028 7.31889 0.221992 
v -1.38637 7.19541 0.739932 
v -1.19786 7.05472 0.629226 
v -1.13555 7.11273 0.760017 
v -1.0557 7.21432 0.850465 
v -1.02517 7.20433 0.814022 
v -1.08726 7.1338 0.731967 
v -1.00647 7.25524 0.536359 
v -1.15338 7.08593 0.620742 
v -1.16322 7.07243 0.517054 
v -1.07965 7.15471 0.526702 
v -1.14416 7.10985 0.42463 
v -1.06036 7.19879 0.333305 
v -0.987775 7.30615 0.255191 
v -1.3107 7.38493 0.832189 
v -1.28439 7.82205 0.699541 
v -1.45789 7.44001 0.76242 
v -1.48406 7.36474 0.753138 
v -1.33869 7.30689 0.824202 
v -1.0557 7.21432 0.850465 
v -1.13821 7.76452 0.769423 
v -1.12888 8.16447 0.643182 
v -0.983615 8.10475 0.713166 
v -1.02786 7.28863 0.854302 
v -0.858727 7.65932 0.791573 
v -0.70713 7.99158 0.735348 
v -0.6773 7.97937 0.698464 
v -0.828571 7.64797 0.754686 
v -0.997342 7.27824 0.817411 
v -1.02517 7.20433 0.814022 
v -0.987775 7.30615 0.255191 
v -0.989107 7.30291 0.534841 
v -1.00647 7.25524 0.536359 
v -0.980871 7.32758 0.248767 
v -0.997342 7.27824 0.817411 
v -1.02517 7.20433 0.814022 
v -0.676882 7.98064 0.414349 
v -0.820341 7.67263 0.184992 
v -0.676455 7.9819 0.127829 
v -0.828571 7.64797 0.754686 
v -0.6773 7.97937 0.698464 
v -1.38132 7.8627 0.594957 
v -1.55475 7.48125 0.658006 
v -1.45789 7.44001 0.76242 
v -1.57784 7.41254 0.64874 
v -1.48406 7.36474 0.753138 
v -1.59361 7.43864 0.527055 
v -1.28439 7.82205 0.699541 
v -1.22586 8.2046 0.538445 
v -1.12888 8.16447 0.643182 
v -1.57442 7.49799 0.53496 
v -1.40211 7.87592 0.471709 
v -1.24766 8.21467 0.415017 
v -1.54845 7.50013 0.411676 
v -1.56353 7.45151 0.406164 
v -1.45762 7.43674 0.304918 
v -1.44624 7.4749 0.30726 
v -1.37817 7.87214 0.348225 
v -1.22554 8.20557 0.291353 
v -1.27857 7.83948 0.24364 
v -1.12828 8.16626 0.186616 
v -1.30414 7.40096 0.238573 
v -1.44624 7.4749 0.30726 
v -1.29548 7.43052 0.237493 
v -1.27857 7.83948 0.24364 
v -1.02314 7.34141 0.216286 
v -1.03028 7.31889 0.221992 
v -1.13061 7.7873 0.173759 
v -1.12828 8.16626 0.186616 
v -0.987775 7.30615 0.255191 
v -0.982834 8.10709 0.116632 
v -0.980871 7.32758 0.248767 
v -0.862025 7.68803 0.152516 
v -0.717617 7.99872 0.0953588 
v -0.820341 7.67263 0.184992 
v -0.676455 7.9819 0.127829 

vn 0.385827 0.92126 0 
vn 0.385827 0.92126 0 
vn 0.590551 0.80315 0 
vn 0.385827 0.92126 0 
vn 0.385827 0.92126 0 
vn 0.385827 0.92126 0 
vn 0.385827 0.92126 0 
vn 0.385827 0.92126 0 
vn 0.370079 0.913386 0.165354 
vn 0.566929 0.826772 -0.023622 
vn 0.377953 0.905512 -0.212598 
vn 0.944882 0.314961 0 
vn 0.913386 0.393701 -0.125984 
vn 0.322835 0.582677 -0.748031 
vn 0.0787402 0.606299 -0.795276 
vn 0.0708661 0.606299 -0.787402 
vn -0.181102 0.708661 -0.677165 
vn -0.204724 0.724409 -0.661417 
vn -0.370079 0.84252 -0.393701 
vn -0.385827 0.858268 -0.346457 
vn -0.433071 0.905512 -0.00787402 
vn -0.433071 0.905512 0.015748 
vn -0.314961 0.88189 0.354331 
vn -0.314961 0.88189 0.362205 
vn -0.110236 0.787402 0.606299 
vn -0.110236 0.787402 0.606299 
vn 0.141732 0.700787 0.700787 
vn 0.125984 0.708661 0.700787 
vn 0.275591 0.653543 0.708661 
vn 0.598425 0.795276 0.0314961 
vn 0.937008 0.338583 0.0629921 
vn -0.771654 -0.314961 -0.559055 
vn -0.992126 0.0944882 -0.0393701 
vn -0.811024 -0.023622 -0.582677 
vn -0.976378 0.212598 -0.0393701 
vn -0.787402 0.0708661 -0.606299 
vn -0.503937 -0.133858 -0.850394 
vn -0.88189 -0.0866142 0.464567 
vn -0.866142 0.00787402 0.496063 
vn -0.590551 -0.259843 0.76378 
vn -0.598425 -0.401575 0.692913 
vn -0.314961 -0.480315 0.818898 
vn -0.850394 -0.377953 0.370079 
vn -0.913386 -0.385827 -0.0944882 
vn -0.582677 -0.669291 0.464567 
vn -0.582677 -0.80315 -0.110236 
vn -0.519685 -0.566929 -0.637795 
vn -0.519685 -0.267717 -0.811024 
vn -0.362205 -0.929134 -0.102362 
vn -0.314961 -0.708661 -0.629921 
vn -0.267717 -0.417323 -0.866142 
vn -0.228346 -0.291339 -0.929134 
vn -0.354331 -0.826772 0.440945 
vn -0.15748 -0.984252 -0.0944882 
vn -0.110236 -0.795276 -0.598425 
vn -0.0393701 -0.535433 -0.84252 
vn -0.015748 -0.425197 -0.905512 
vn -0.346457 -0.614173 0.708661 
vn -0.165354 -0.897638 0.401575 
vn -0.15748 -0.708661 0.692913 
vn -0.141732 -0.590551 0.795276 
vn 0.716535 -0.692913 0.102362 
vn 0.716535 -0.692913 0.0393701 
vn 0.80315 -0.590551 -0.0472441 
vn 0.629921 -0.779528 0.023622 
vn 0.669291 -0.740157 -0.0629921 
vn 0.755906 -0.653543 -0.0551181 
vn 0.661417 -0.732283 -0.15748 
vn 0.740157 -0.645669 -0.173228 
vn 0.716535 -0.637795 -0.275591 
vn -0.149606 0.181102 0.968504 
vn -0.456693 0.338583 0.826772 
vn -0.464567 0.299213 0.834646 
vn -0.551181 0.0944882 0.826772 
vn -0.220472 -0.00787402 0.976378 
vn 0.00787402 -0.0787402 1 
vn -0.125984 0.220472 0.968504 
vn -0.456693 0.346457 0.818898 
vn -0.125984 0.220472 0.968504 
vn 0.0629921 0.102362 0.992126 
vn 0.0944882 0.125984 0.984252 
vn 0.102362 0.11811 0.984252 
vn 0.913386 -0.401575 0.0787402 
vn 0.913386 -0.401575 0.102362 
vn 0.913386 -0.385827 0.125984 
vn 0.929134 -0.354331 0.125984 
vn 0.937008 -0.346457 -0.0629921 
vn 0.913386 -0.409449 -0.00787402 
vn 0.937008 -0.346457 0 
vn 0.889764 -0.433071 -0.133858 
vn 0.913386 -0.385827 0.125984 
vn 0.929134 -0.354331 0.125984 
vn 0.905512 -0.417323 0 
vn 0.889764 -0.440945 -0.141732 
vn 0.88189 -0.440945 -0.149606 
vn 0.913386 -0.401575 0.102362 
vn 0.913386 -0.401575 0.0787402 
vn -0.755906 0.425197 0.496063 
vn -0.755906 0.393701 0.519685 
vn -0.464567 0.299213 0.834646 
vn -0.834646 0.212598 0.503937 
vn -0.551181 0.0944882 0.826772 
vn -0.952756 0.307087 0.015748 
vn -0.456693 0.338583 0.826772 
vn -0.771654 0.425197 0.472441 
vn -0.456693 0.346457 0.818898 
vn -0.913386 0.401575 0.0314961 
vn -0.913386 0.417323 0.00787402 
vn -0.913386 0.409449 -0.015748 
vn -0.84252 0.307087 -0.448819 
vn -0.834646 0.307087 -0.456693 
vn -0.535433 0.204724 -0.818898 
vn -0.566929 0.125984 -0.818898 
vn -0.818898 0.291339 -0.488189 
vn -0.811024 0.283465 -0.511811 
vn -0.551181 0.110236 -0.826772 
vn -0.543307 0.102362 -0.834646 
vn -0.228346 0 -0.976378 
vn -0.566929 0.125984 -0.818898 
vn -0.244094 -0.0551181 -0.968504 
vn -0.551181 0.110236 -0.826772 
vn -0.0314961 -0.165354 -0.984252 
vn -0.00787402 -0.141732 -0.992126 
vn -0.23622 -0.0629921 -0.968504 
vn -0.543307 0.102362 -0.834646 
vn 0.937008 -0.346457 -0.0629921 
vn -0.23622 -0.0708661 -0.968504 
vn 0.889764 -0.433071 -0.133858 
vn -0.023622 -0.165354 -0.984252 
vn -0.0314961 -0.165354 -0.984252 
vn 0.889764 -0.440945 -0.141732 
vn 0.88189 -0.440945 -0.149606 

vt 0.448755 0.985983 
vt 0.432664 0.985983 
vt 0.460173 0.892526 
vt 0.432664 0.94254 
vt 0.459406 0.985983 
vt 0.470148 0.985983 
vt 0.488082 0.985983 
vt 0.488082 0.94254 
vt 0.432664 0.898627 
vt 0.488082 0.892526 
vt 0.488082 0.898627 
vt 0.459716 0.884201 
vt 0.4952 0.884201 
vt 0.4952 0.895774 
vt 0.4952 0.952257 
vt 0.488082 0.94254 
vt 0.488082 0.985983 
vt 0.4952 0.9957 
vt 0.470148 0.985983 
vt 0.471755 0.9957 
vt 0.459406 0.985983 
vt 0.458604 0.9957 
vt 0.448755 0.985983 
vt 0.445981 0.9957 
vt 0.426118 0.9957 
vt 0.432664 0.985983 
vt 0.426118 0.952257 
vt 0.432664 0.94254 
vt 0.426118 0.884201 
vt 0.432664 0.892526 
vt 0.430784 0.884201 
vt 0.530636 0.925284 
vt 0.532974 0.920965 
vt 0.532036 0.928443 
vt 0.534891 0.921244 
vt 0.533553 0.931861 
vt 0.527686 0.940568 
vt 0.532064 0.913175 
vt 0.533564 0.910466 
vt 0.527708 0.901034 
vt 0.526755 0.906791 
vt 0.518939 0.894433 
vt 0.530677 0.915677 
vt 0.531203 0.920708 
vt 0.525876 0.912109 
vt 0.525989 0.919825 
vt 0.525595 0.927199 
vt 0.526599 0.933619 
vt 0.518903 0.919206 
vt 0.518464 0.929795 
vt 0.518678 0.937618 
vt 0.51891 0.946086 
vt 0.518846 0.910243 
vt 0.505791 0.918367 
vt 0.505633 0.929505 
vt 0.504322 0.937877 
vt 0.502904 0.94694 
vt 0.518891 0.902651 
vt 0.505746 0.909002 
vt 0.504068 0.900588 
vt 0.502251 0.891481 
vt 0.500423 0.894565 
vt 0.502369 0.902624 
vt 0.500435 0.919117 
vt 0.504166 0.910071 
vt 0.50429 0.918914 
vt 0.502438 0.919012 
vt 0.504104 0.927293 
vt 0.502347 0.935304 
vt 0.500445 0.943974 
vt 0.658922 0.779106 
vt 0.635233 0.830904 
vt 0.635233 0.779106 
vt 0.635233 0.772736 
vt 0.658922 0.772736 
vt 0.698359 0.772736 
vt 0.658922 0.830904 
vt 0.635233 0.882569 
vt 0.658922 0.882569 
vt 0.698359 0.779106 
vt 0.698359 0.830904 
vt 0.698359 0.882569 
vt 0.704821 0.882569 
vt 0.704821 0.830904 
vt 0.704821 0.779106 
vt 0.704821 0.772736 
vt 0.496029 0.772736 
vt 0.459821 0.779106 
vt 0.459821 0.772736 
vt 0.496029 0.779106 
vt 0.426629 0.779106 
vt 0.426629 0.772736 
vt 0.459821 0.882569 
vt 0.496029 0.826544 
vt 0.496029 0.882569 
vt 0.426629 0.830098 
vt 0.426629 0.882569 
vt 0.616567 0.830904 
vt 0.616567 0.779106 
vt 0.635233 0.779106 
vt 0.616567 0.772736 
vt 0.635233 0.772736 
vt 0.600717 0.772736 
vt 0.635233 0.830904 
vt 0.616567 0.882569 
vt 0.635233 0.882569 
vt 0.600717 0.779106 
vt 0.600717 0.830904 
vt 0.600717 0.882569 
vt 0.584799 0.779106 
vt 0.584799 0.772736 
vt 0.565849 0.772736 
vt 0.565849 0.779106 
vt 0.584799 0.830904 
vt 0.584799 0.882569 
vt 0.565849 0.830904 
vt 0.565849 0.882569 
vt 0.542952 0.772736 
vt 0.565849 0.779106 
vt 0.542952 0.779106 
vt 0.565849 0.830904 
vt 0.50389 0.779106 
vt 0.50389 0.772736 
vt 0.542952 0.830904 
vt 0.565849 0.882569 
vt 0.496025 0.772736 
vt 0.542952 0.882569 
vt 0.496025 0.779106 
vt 0.50389 0.830904 
vt 0.50389 0.882569 
vt 0.496025 0.830904 
vt 0.496025 0.882569 

usemtl Rig7Mtl

f 3163/3163/3163 3164/3164/3164 3165/3165/3165 
f 3164/3164/3164 3166/3166/3166 3165/3165/3165 
f 3167/3167/3167 3163/3163/3163 3165/3165/3165 
f 3168/3168/3168 3167/3167/3167 3165/3165/3165 
f 3169/3169/3169 3168/3168/3168 3165/3165/3165 
f 3170/3170/3170 3169/3169/3169 3165/3165/3165 
f 3171/3171/3171 3165/3165/3165 3166/3166/3166 
f 3172/3172/3172 3170/3170/3170 3165/3165/3165 
f 3170/3170/3170 3172/3172/3172 3173/3173/3173 
f 3172/3172/3172 3165/3165/3165 3174/3174/3174 
f 3173/3173/3173 3172/3172/3172 3175/3175/3175 
f 3174/3174/3174 3175/3175/3175 3172/3172/3172 
f 3173/3173/3173 3175/3175/3175 3176/3176/3176 
f 3177/3177/3177 3173/3173/3173 3176/3176/3176 
f 3173/3173/3173 3177/3177/3177 3178/3178/3178 
f 3177/3177/3177 3179/3179/3179 3178/3178/3178 
f 3177/3177/3177 3180/3180/3180 3179/3179/3179 
f 3181/3181/3181 3179/3179/3179 3180/3180/3180 
f 3181/3181/3181 3180/3180/3180 3182/3182/3182 
f 3183/3183/3183 3181/3181/3181 3182/3182/3182 
f 3182/3182/3182 3184/3184/3184 3183/3183/3183 
f 3184/3184/3184 3185/3185/3185 3183/3183/3183 
f 3184/3184/3184 3186/3186/3186 3185/3185/3185 
f 3187/3187/3187 3185/3185/3185 3186/3186/3186 
f 3185/3185/3185 3187/3187/3187 3188/3188/3188 
f 3189/3189/3189 3188/3188/3188 3187/3187/3187 
f 3188/3188/3188 3189/3189/3189 3190/3190/3190 
f 3189/3189/3189 3171/3171/3171 3190/3190/3190 
f 3171/3171/3171 3189/3189/3189 3191/3191/3191 
f 3191/3191/3191 3192/3192/3192 3171/3171/3171 
f 3165/3165/3165 3171/3171/3171 3192/3192/3192 
f 3192/3192/3192 3191/3191/3191 3193/3193/3193 
f 3165/3165/3165 3192/3192/3192 3174/3174/3174 
f 3174/3174/3174 3192/3192/3192 3193/3193/3193 
f 3194/3194/3194 3195/3195/3195 3196/3196/3196 
f 3197/3197/3197 3196/3196/3196 3195/3195/3195 
f 3196/3196/3196 3197/3197/3197 3198/3198/3198 
f 3199/3199/3199 3196/3196/3196 3198/3198/3198 
f 3200/3200/3200 3197/3197/3197 3195/3195/3195 
f 3197/3197/3197 3200/3200/3200 3201/3201/3201 
f 3202/3202/3202 3201/3201/3201 3200/3200/3200 
f 3202/3202/3202 3200/3200/3200 3203/3203/3203 
f 3203/3203/3203 3204/3204/3204 3202/3202/3202 
f 3195/3195/3195 3205/3205/3205 3200/3200/3200 
f 3203/3203/3203 3200/3200/3200 3205/3205/3205 
f 3195/3195/3195 3206/3206/3206 3205/3205/3205 
f 3195/3195/3195 3194/3194/3194 3206/3206/3206 
f 3203/3203/3203 3205/3205/3205 3207/3207/3207 
f 3208/3208/3208 3205/3205/3205 3206/3206/3206 
f 3208/3208/3208 3207/3207/3207 3205/3205/3205 
f 3206/3206/3206 3194/3194/3194 3209/3209/3209 
f 3209/3209/3209 3208/3208/3208 3206/3206/3206 
f 3194/3194/3194 3210/3210/3210 3209/3209/3209 
f 3210/3210/3210 3194/3194/3194 3196/3196/3196 
f 3196/3196/3196 3199/3199/3199 3210/3210/3210 
f 3209/3209/3209 3211/3211/3211 3208/3208/3208 
f 3211/3211/3211 3207/3207/3207 3208/3208/3208 
f 3212/3212/3212 3209/3209/3209 3210/3210/3210 
f 3212/3212/3212 3211/3211/3211 3209/3209/3209 
f 3213/3213/3213 3210/3210/3210 3199/3199/3199 
f 3210/3210/3210 3213/3213/3213 3212/3212/3212 
f 3214/3214/3214 3213/3213/3213 3199/3199/3199 
f 3207/3207/3207 3211/3211/3211 3215/3215/3215 
f 3215/3215/3215 3203/3203/3203 3207/3207/3207 
f 3212/3212/3212 3216/3216/3216 3211/3211/3211 
f 3216/3216/3216 3215/3215/3215 3211/3211/3211 
f 3217/3217/3217 3212/3212/3212 3213/3213/3213 
f 3217/3217/3217 3216/3216/3216 3212/3212/3212 
f 3218/3218/3218 3213/3213/3213 3214/3214/3214 
f 3213/3213/3213 3218/3218/3218 3217/3217/3217 
f 3214/3214/3214 3219/3219/3219 3218/3218/3218 
f 3203/3203/3203 3215/3215/3215 3220/3220/3220 
f 3203/3203/3203 3220/3220/3220 3204/3204/3204 
f 3215/3215/3215 3216/3216/3216 3221/3221/3221 
f 3221/3221/3221 3220/3220/3220 3215/3215/3215 
f 3222/3222/3222 3204/3204/3204 3220/3220/3220 
f 3220/3220/3220 3221/3221/3221 3222/3222/3222 
f 3204/3204/3204 3222/3222/3222 3223/3223/3223 
f 3223/3223/3223 3222/3222/3222 3224/3224/3224 
f 3222/3222/3222 3225/3225/3225 3224/3224/3224 
f 3226/3226/3226 3224/3224/3224 3225/3225/3225 
f 3227/3227/3227 3222/3222/3222 3221/3221/3221 
f 3222/3222/3222 3227/3227/3227 3225/3225/3225 
f 3221/3221/3221 3228/3228/3228 3227/3227/3227 
f 3228/3228/3228 3221/3221/3221 3216/3216/3216 
f 3229/3229/3229 3225/3225/3225 3227/3227/3227 
f 3228/3228/3228 3229/3229/3229 3227/3227/3227 
f 3226/3226/3226 3225/3225/3225 3229/3229/3229 
f 3216/3216/3216 3230/3230/3230 3228/3228/3228 
f 3230/3230/3230 3229/3229/3229 3228/3228/3228 
f 3230/3230/3230 3216/3216/3216 3217/3217/3217 
f 3217/3217/3217 3218/3218/3218 3230/3230/3230 
f 3231/3231/3231 3229/3229/3229 3230/3230/3230 
f 3231/3231/3231 3226/3226/3226 3229/3229/3229 
f 3231/3231/3231 3230/3230/3230 3218/3218/3218 
f 3226/3226/3226 3231/3231/3231 3232/3232/3232 
f 3218/3218/3218 3219/3219/3219 3231/3231/3231 
f 3232/3232/3232 3231/3231/3231 3219/3219/3219 
f 3233/3233/3233 3234/3234/3234 3235/3235/3235 
f 3236/3236/3236 3233/3233/3233 3235/3235/3235 
f 3236/3236/3236 3237/3237/3237 3233/3233/3233 
f 3238/3238/3238 3233/3233/3233 3237/3237/3237 
f 3234/3234/3234 3233/3233/3233 3239/3239/3239 
f 3239/3239/3239 3240/3240/3240 3234/3234/3234 
f 3240/3240/3240 3239/3239/3239 3241/3241/3241 
f 3239/3239/3239 3233/3233/3233 3242/3242/3242 
f 3233/3233/3233 3238/3238/3238 3242/3242/3242 
f 3243/3243/3243 3241/3241/3241 3239/3239/3239 
f 3242/3242/3242 3243/3243/3243 3239/3239/3239 
f 3241/3241/3241 3243/3243/3243 3244/3244/3244 
f 3243/3243/3243 3245/3245/3245 3244/3244/3244 
f 3245/3245/3245 3243/3243/3243 3246/3246/3246 
f 3243/3243/3243 3242/3242/3242 3246/3246/3246 
f 3247/3247/3247 3246/3246/3246 3242/3242/3242 
f 3238/3238/3238 3247/3247/3247 3242/3242/3242 
f 3247/3247/3247 3238/3238/3238 3248/3248/3248 
f 3249/3249/3249 3250/3250/3250 3251/3251/3251 
f 3250/3250/3250 3249/3249/3249 3252/3252/3252 
f 3253/3253/3253 3251/3251/3251 3250/3250/3250 
f 3251/3251/3251 3253/3253/3253 3254/3254/3254 
f 3255/3255/3255 3250/3250/3250 3252/3252/3252 
f 3255/3255/3255 3253/3253/3253 3250/3250/3250 
f 3252/3252/3252 3256/3256/3256 3255/3255/3255 
f 3257/3257/3257 3255/3255/3255 3256/3256/3256 
f 3253/3253/3253 3255/3255/3255 3258/3258/3258 
f 3258/3258/3258 3255/3255/3255 3259/3259/3259 
f 3260/3260/3260 3261/3261/3261 3262/3262/3262 
f 3263/3263/3263 3262/3262/3262 3261/3261/3261 
f 3262/3262/3262 3263/3263/3263 3264/3264/3264 
f 3265/3265/3265 3263/3263/3263 3261/3261/3261 
f 3260/3260/3260 3262/3262/3262 3266/3266/3266 
f 3266/3266/3266 3267/3267/3267 3260/3260/3260 
f 3267/3267/3267 3266/3266/3266 3268/3268/3268 
f 3260/3260/3260 3269/3269/3269 3261/3261/3261 
f 3261/3261/3261 3269/3269/3269 3265/3265/3265 
f 3260/3260/3260 3267/3267/3267 3270/3270/3270 
f 3269/3269/3269 3260/3260/3260 3270/3270/3270 
f 3271/3271/3271 3270/3270/3270 3267/3267/3267 
f 3272/3272/3272 3265/3265/3265 3269/3269/3269 
f 3270/3270/3270 3272/3272/3272 3269/3269/3269 
f 3273/3273/3273 3265/3265/3265 3272/3272/3272 
f 3272/3272/3272 3274/3274/3274 3273/3273/3273 
f 3274/3274/3274 3272/3272/3272 3275/3275/3275 
f 3272/3272/3272 3270/3270/3270 3276/3276/3276 
f 3270/3270/3270 3271/3271/3271 3276/3276/3276 
f 3272/3272/3272 3276/3276/3276 3275/3275/3275 
f 3277/3277/3277 3276/3276/3276 3271/3271/3271 
f 3278/3278/3278 3275/3275/3275 3276/3276/3276 
f 3277/3277/3277 3278/3278/3278 3276/3276/3276 
f 3278/3278/3278 3277/3277/3277 3279/3279/3279 
f 3280/3280/3280 3274/3274/3274 3281/3281/3281 
f 3281/3281/3281 3282/3282/3282 3280/3280/3280 
f 3283/3283/3283 3282/3282/3282 3281/3281/3281 
f 3284/3284/3284 3280/3280/3280 3282/3282/3282 
f 3280/3280/3280 3284/3284/3284 3285/3285/3285 
f 3282/3282/3282 3283/3283/3283 3286/3286/3286 
f 3286/3286/3286 3284/3284/3284 3282/3282/3282 
f 3287/3287/3287 3286/3286/3286 3283/3283/3283 
f 3284/3284/3284 3288/3288/3288 3285/3285/3285 
f 3286/3286/3286 3287/3287/3287 3289/3289/3289 
f 3288/3288/3288 3284/3284/3284 3290/3290/3290 
f 3284/3284/3284 3286/3286/3286 3291/3291/3291 
f 3289/3289/3289 3291/3291/3291 3286/3286/3286 
f 3291/3291/3291 3290/3290/3290 3284/3284/3284 
f 3291/3291/3291 3289/3289/3289 3292/3292/3292 
f 3290/3290/3290 3291/3291/3291 3293/3293/3293 
f 3292/3292/3292 3293/3293/3293 3291/3291/3291 
f 3293/3293/3293 3292/3292/3292 3294/3294/3294 

g Rig10

v -0.257803 8.54359 -0.123634 
v -0.16627 8.57257 -0.164711 
v -0.212014 8.53031 -0.141791 
v -0.194802 8.57285 -0.157099 
v -0.133599 8.57276 -0.173221 
v -0.213702 8.49656 -0.12576 
v -0.162678 8.528 -0.158097 
v -0.159387 8.49213 -0.14266 
v -0.28558 8.57018 -0.115153 
v -0.154349 8.59799 -0.157104 
v -0.180158 8.59782 -0.15041 
v -0.20098 8.49455 -0.0831372 
v -0.20614 8.57895 -0.153104 
v -0.186353 8.59407 -0.163216 
v -0.20614 8.57895 -0.153104 
v -0.188795 8.59399 -0.162572 
v -0.180752 8.59423 -0.164689 
v -0.194802 8.57285 -0.157099 
v -0.16627 8.57257 -0.164711 
v -0.294342 8.60153 -0.11522 
v -0.212258 8.59195 -0.152681 
v -0.212258 8.59195 -0.152681 
v -0.100495 8.57288 -0.181926 
v -0.125099 8.52747 -0.167864 
v -0.0888813 8.52728 -0.175829 
v -0.106717 8.49048 -0.155615 
v -0.136964 8.45368 -0.130172 
v -0.124563 8.5982 -0.16483 
v -0.141877 8.48763 -0.100383 
v -0.0960166 8.59827 -0.172299 
v -0.124933 8.59472 -0.179186 
v -0.133599 8.57276 -0.173221 
v -0.0935442 8.59484 -0.186525 
v -0.100495 8.57288 -0.181926 
v -0.156778 8.5945 -0.170926 
v -0.174177 8.48974 -0.0927425 
v -0.180158 8.59782 -0.15041 
v -0.185826 8.59778 -0.14894 
v -0.215083 8.5124 -0.0857987 
v -0.267767 8.5057 -0.106374 
v -0.312962 8.52919 -0.0887232 
v -0.21563 8.46025 -0.106728 
v -0.276065 8.46621 -0.080996 
v -0.233155 8.58617 -0.0986928 
v -0.20098 8.49455 -0.0831372 
v -0.344425 8.57724 -0.0770843 
v -0.166645 8.59611 -0.106801 
v -0.162336 8.59612 -0.107915 
v -0.186141 8.58736 -0.0979736 
v -0.163936 8.58277 -0.105211 
v -0.107151 8.48605 -0.108677 
v -0.145623 8.42861 -0.11065 
v -0.061162 8.42534 -0.124578 
v -0.13825 8.54285 -0.105116 
v -0.0981139 8.54021 -0.115203 
v -0.132104 8.52929 -0.100254 
v -0.0997502 8.58146 -0.121682 
v -0.176184 8.54692 -0.0952203 
v -0.126218 8.58144 -0.114736 
v -0.142221 8.5966 -0.113191 
v -0.124465 8.59648 -0.117755 
v -0.188981 8.59776 -0.148122 
v -0.233155 8.58617 -0.0986928 
v -0.185826 8.59778 -0.14894 
v -0.186353 8.59407 -0.163216 
v -0.208138 8.60692 -0.157206 
v -0.180752 8.59423 -0.164689 
v -0.180158 8.59782 -0.15041 
v -0.156778 8.5945 -0.170926 
v -0.154349 8.59799 -0.157104 
v -0.180158 8.59782 -0.15041 
v -0.185826 8.59778 -0.14894 
v -0.197527 8.61593 -0.163568 
v -0.154349 8.59799 -0.157104 
v -0.124933 8.59472 -0.179186 
v -0.124563 8.5982 -0.16483 
v -0.0960166 8.59827 -0.172299 
v -0.124563 8.5982 -0.16483 
v -0.0960166 8.59827 -0.172299 
v -0.124563 8.5982 -0.16483 
v -0.0960166 8.59827 -0.172299 
v -0.110633 8.74225 -0.146946 
v -0.188981 8.59776 -0.148122 
v -0.289144 8.63551 -0.121528 
v -0.208138 8.60692 -0.157206 
v -0.188981 8.59776 -0.148122 
v -0.222764 8.66354 -0.109634 
v -0.275406 8.65437 -0.128966 
v -0.244692 8.66993 -0.142901 
v -0.197527 8.61593 -0.163568 
v -0.353615 8.67373 -0.0786042 
v -0.130217 8.60942 -0.118492 
v -0.10143 8.61047 -0.126104 
v -0.097808 8.59637 -0.12469 
v -0.164701 8.6078 -0.109309 
v -0.186885 8.60811 -0.101342 
v -0.140209 8.68651 -0.118645 
v -0.0998994 8.68854 -0.129073 
v -0.178095 8.68184 -0.108171 
v -0.0425753 8.52727 -0.179849 
v -0.0585474 8.45074 -0.143302 
v -0.078065 8.48557 -0.114367 
v -0.0681031 8.59835 -0.174643 
v -0.033426 8.57299 -0.188062 
v -0.0675486 8.57295 -0.185132 
v -0.0637627 8.59489 -0.18906 
v -0.0675486 8.57295 -0.185132 
v -0.0322126 8.59494 -0.191745 
v -0.033426 8.57299 -0.188062 
v 2.24948e-07 8.42597 -0.130195 
v 2.95426e-07 8.45138 -0.148676 
v -1.26327e-07 8.57301 -0.190968 
v -2.57052e-07 8.52716 -0.18353 
v -1.23996e-07 8.59497 -0.19453 
v -1.26327e-07 8.57301 -0.190968 
v -0.0519035 8.57983 -0.127509 
v -0.0219651 8.57952 -0.130044 
v -0.0290926 8.53883 -0.122825 
v 0.0050449 8.57954 -0.132394 
v 0.00504479 8.53936 -0.125874 
v -0.0403228 8.52588 -0.1145 
v -0.0885398 8.52601 -0.110385 
v -0.0667224 8.53935 -0.11964 
v -0.0476223 8.50018 -0.101899 
v -0.0883466 8.54454 -0.0983087 
v -0.0811484 8.58051 -0.12514 
v -0.0431485 8.48535 -0.11729 
v -0.0356997 8.54371 -0.10314 
v 0.0030777 8.48491 -0.121092 
v 0.00462746 8.52727 -0.119044 
v 0.00462765 8.50129 -0.106946 
v 0.00604919 8.54375 -0.106777 
v 0.00504495 8.59665 -0.13517 
v -0.0681031 8.59835 -0.174643 
v -0.0816619 8.59661 -0.127742 
v -0.0522931 8.59672 -0.130252 
v -0.0532497 8.61254 -0.132772 
v -0.08228 8.61163 -0.13016 
v -0.0680133 8.69034 -0.133753 
v -0.0233172 8.61283 -0.135358 
v -0.0221649 8.5967 -0.132815 
v 0.005045 8.61273 -0.137778 
v 0.00500804 8.69166 -0.139978 
v -0.0288853 8.69054 -0.137084 
v -0.0939212 8.50007 -0.0962787 
v -0.399606 8.44043 0.0326309 
v -0.324382 8.48475 -0.0584078 
v -0.312727 8.4402 -0.0402342 
v -0.235272 8.43333 -0.0810192 
v -0.395139 8.58289 -0.0371644 
v -0.369589 8.51771 -0.0445606 
v -0.42469 8.51338 0.00525102 
v -0.359121 8.62773 -0.0745882 
v -0.402151 8.64406 -0.0375187 
v -0.397872 8.69494 -0.0418218 
v -0.436138 8.60697 -0.00700173 
v -0.282667 8.63763 -0.0547599 
v -0.315954 8.608 -0.0303296 
v -0.316104 8.66038 -0.0325203 
v -0.258735 8.56072 -0.0592673 
v -0.234273 8.54763 -0.0712115 
v -0.303944 8.51028 -0.00805154 
v -0.311056 8.55097 -0.0219528 
v -0.27764 8.60229 -0.0545491 
v -0.2427 8.59308 -0.0736886 
v -0.279598 8.69393 -0.0571895 
v -0.241244 8.64364 -0.0794533 
v -0.255278 8.62444 -0.0736949 
v -0.436181 8.71086 -0.00809926 
v -0.223605 8.5072 -0.055543 
v -0.159085 8.54394 -0.0795523 
v -0.123349 8.54409 -0.0889551 
v -0.174318 8.54158 -0.072924 
v -0.215107 8.5641 -0.0808364 
v -0.207441 8.59943 -0.0905934 
v -0.176678 8.53375 -0.089792 
v -0.160483 8.61997 -0.0940847 
v -0.159392 8.54778 -0.0814045 
v -0.177854 8.62248 -0.0878306 
v -0.15932 8.50201 -0.0801488 
v -0.216707 8.66526 -0.0906635 
v -0.186853 8.55155 -0.0723782 
v -0.174318 8.54158 -0.072924 
v -0.198081 8.59816 -0.0744217 
v -0.177293 8.55715 -0.0794449 
v -0.198081 8.59816 -0.0744217 
v -0.186853 8.55155 -0.0723782 
v -0.295893 8.7422 -0.117446 
v -0.191946 8.67661 -0.166224 
v -0.227913 8.84052 -0.150703 
v -0.234931 8.9718 -0.147537 
v -0.156218 8.97151 -0.175726 
v -0.157738 9.06188 -0.17536 
v -0.146695 8.83574 -0.17819 
v -0.23436 9.06638 -0.147844 
v -0.306912 8.9722 -0.109972 
v -0.309392 8.85074 -0.108329 
v -0.0778569 8.97135 -0.192398 
v -0.0801363 9.06154 -0.192213 
v -0.326502 8.71792 -0.0969912 
v -0.246384 8.79942 -0.077713 
v -0.186657 8.8051 -0.104478 
v -0.304597 9.07531 -0.111625 
v -0.239995 8.90053 -0.0805115 
v -0.158357 8.89958 -0.114146 
v -0.371266 8.97958 -0.065439 
v -0.371703 8.86509 -0.0650097 
v -0.134843 8.80344 -0.120246 
v -0.0882248 8.89902 -0.132206 
v -0.0883573 8.80414 -0.132217 
v -0.235555 9.18773 -0.146802 
v -0.16322 9.18676 -0.173363 
v -0.162909 9.28129 -0.158735 
v -0.306311 9.18952 -0.110142 
v -0.37165 9.08444 -0.0651833 
v -0.300419 9.28425 -0.0967946 
v -0.230188 9.28202 -0.133735 
v -0.0819104 9.18627 -0.19149 
v -0.0817824 9.28102 -0.177114 
v -0.0725686 8.83686 -0.192853 
v 1.02493e-07 8.97129 -0.199031 
v 8.41018e-08 8.83783 -0.199031 
v 1.13445e-07 9.06141 -0.199031 
v -0.0799073 8.74041 -0.152806 
v -0.0894171 8.7267 -0.113254 
v -0.0897657 8.63492 -0.112541 
v -0.125795 8.6308 -0.103166 
v -0.0688565 8.72568 -0.115677 
v -0.0354239 8.80597 -0.136722 
v -0.0378863 8.7397 -0.156383 
v -0.0407454 8.89932 -0.136258 
v 0.00333168 8.73949 -0.159891 
v 0.00654887 8.72506 -0.122096 
v 0.00500972 8.80749 -0.140164 
v 0.00500974 8.89973 -0.140164 
v -0.0366688 8.72512 -0.118417 
v 1.07192e-07 9.1861 -0.198466 
v 1.02025e-07 9.28187 -0.183962 
v -0.0770684 9.36218 -0.141137 
v 1.08433e-07 9.36225 -0.147679 
v 1.11156e-07 9.32628 -0.163914 
v -0.385352 8.77791 -0.0529712 
v -0.435924 8.80515 -0.00836021 
v -0.435889 8.90373 -0.00845101 
v -0.372968 9.19478 -0.0638125 
v -0.436358 9.10206 -0.00797293 
v -0.436007 8.99905 -0.00833055 
v -0.436699 9.20104 -0.00697914 
v -0.425909 9.29382 0.00527996 
v -0.363797 9.28828 -0.0515059 
v -0.401738 9.36826 0.0320782 
v -0.344654 9.36401 -0.0231875 
v -0.315656 8.72729 -0.0331445 
v -0.265479 8.74999 -0.0666989 
v -0.315274 8.79846 -0.0334257 
v -0.283476 9.36242 -0.0665402 
v -0.315144 8.90059 -0.0334977 
v 0.0589583 8.4505 -0.143153 
v 0.0635046 8.42514 -0.123985 
v 0.0225265 8.57948 -0.130046 
v 0.0291352 8.53893 -0.122845 
v 0.0524567 8.57978 -0.127536 
v 0.137493 8.45187 -0.129175 
v 0.0669063 8.53889 -0.119557 
v 0.0812224 8.5805 -0.125155 
v 0.0418977 8.5255 -0.114191 
v 0.0366497 8.54368 -0.103042 
v 0.0446988 8.4853 -0.117132 
v 0.0495297 8.4995 -0.10142 
v 0.0684508 8.54447 -0.100657 
v 0.0887928 8.52364 -0.109253 
v 0.0788276 8.48555 -0.114286 
v 0.0888532 8.54446 -0.0981345 
v 0.108464 8.48588 -0.108254 
v 0.133377 8.52563 -0.0981654 
v 0.0981933 8.5374 -0.11472 
v 0.10025 8.58141 -0.12161 
v 0.0227297 8.59661 -0.132807 
v 0.0235626 8.61269 -0.135345 
v 0.0528189 8.59656 -0.130246 
v 0.0288215 8.69057 -0.13709 
v 0.0534962 8.6124 -0.132759 
v 0.0817315 8.59659 -0.127758 
v 0.0823422 8.61162 -0.130176 
v 0.0983544 8.59633 -0.124598 
v 0.0679888 8.69033 -0.133754 
v 0.101711 8.61019 -0.126051 
v 0.0999328 8.68928 -0.129091 
v 0.124899 8.59615 -0.117714 
v 0.138195 8.53917 -0.10453 
v 0.176408 8.54616 -0.0949908 
v 0.127186 8.58131 -0.114638 
v 0.142757 8.59626 -0.113121 
v 0.163973 8.58273 -0.105252 
v 0.162409 8.59607 -0.107955 
v 0.186478 8.58731 -0.0978312 
v 0.166644 8.59607 -0.106844 
v 0.130516 8.60913 -0.118437 
v 0.164741 8.60775 -0.10935 
v 0.187222 8.60805 -0.1012 
v 0.139976 8.69146 -0.118779 
v 0.177992 8.68261 -0.108226 
v 0.216517 8.66549 -0.090783 
v 0.0947835 8.49891 -0.0955039 
v 0.12422 8.544 -0.0886795 
v 0.160028 8.50146 -0.0796944 
v 0.177273 8.53299 -0.0891853 
v 0.207873 8.59929 -0.0904031 
v 0.215624 8.5641 -0.0806386 
v 0.242883 8.59292 -0.0735957 
v 0.241158 8.64373 -0.0795062 
v 0.224705 8.50664 -0.0548864 
v 0.234374 8.54737 -0.0710451 
v 0.304246 8.50986 -0.00790435 
v 0.259702 8.56092 -0.0588195 
v 0.255262 8.62443 -0.0737005 
v 0.278252 8.60165 -0.0542974 
v 0.311542 8.55122 -0.021863 
v 0.282672 8.63804 -0.0547795 
v 0.279614 8.69411 -0.0571916 
v 0.316365 8.60738 -0.030124 
v 0.316105 8.66065 -0.032537 
v 0.0725463 8.83657 -0.192848 
v 0.0778861 8.97138 -0.192402 
v 0.0802099 9.06155 -0.192207 
v 0.146674 8.83602 -0.178191 
v 0.15625 8.97161 -0.175705 
v 0.0377938 8.73972 -0.156391 
v 0.0354433 8.80597 -0.136721 
v 0.0407417 8.8994 -0.136257 
v 0.0883978 8.80461 -0.132213 
v 0.0366236 8.72513 -0.118421 
v 0.0688061 8.72569 -0.115682 
v 0.0894243 8.72674 -0.113257 
v 0.0798522 8.74042 -0.152811 
v 0.110588 8.74232 -0.14697 
v 0.0882212 8.89931 -0.132206 
v 0.134833 8.80639 -0.12025 
v 0.0819392 9.18627 -0.191488 
v 0.0817742 9.28102 -0.177114 
v 0.0770687 9.36218 -0.141138 
v 0.157859 9.06198 -0.175305 
v 0.163267 9.18677 -0.173345 
v 0.227902 8.84113 -0.150715 
v 0.234936 8.97198 -0.147506 
v 0.234407 9.06658 -0.147782 
v 0.309413 8.85114 -0.108351 
v 0.306904 8.97251 -0.109974 
v 0.186564 8.80683 -0.104521 
v 0.158352 8.90008 -0.114146 
v 0.246299 8.79948 -0.07776 
v 0.304565 9.07558 -0.111602 
v 0.239993 8.90054 -0.0805129 
v 0.371254 8.97975 -0.0654419 
v 0.162902 9.28129 -0.158739 
v 0.235622 9.18778 -0.146787 
v 0.300416 9.28425 -0.0967975 
v 0.306361 9.18961 -0.110143 
v 0.23018 9.28202 -0.133739 
v 0.37162 9.0846 -0.0651955 
v 0.265513 8.75032 -0.0667062 
v 0.315284 8.79851 -0.0334324 
v 0.315612 8.72755 -0.0332059 
v 0.315147 8.90057 -0.0334997 
v 0.371713 8.86519 -0.0650102 
v 0.372958 9.19481 -0.063814 
v 0.363712 9.28825 -0.051553 
v 0.283477 9.36242 -0.0665405 
v 0.344655 9.36401 -0.0231877 
v 0.435889 8.90374 -0.00845164 
v 0.435924 8.80515 -0.0083603 
v 0.436006 8.99908 -0.00833231 
v 0.436358 9.10206 -0.00797302 
v 0.436698 9.20104 -0.00697786 
v 0.401739 9.36826 0.0320781 
v 0.425905 9.29382 0.0052841 
v -0.188795 8.59399 -0.162572 
v -0.186353 8.59407 -0.163216 
v -0.185826 8.59778 -0.14894 
v -0.180752 8.59423 -0.164689 
v -0.197527 8.61593 -0.163568 
v -0.169645 8.61664 -0.171405 
v -0.156778 8.5945 -0.170926 
v -0.191946 8.67661 -0.166224 
v -0.136184 8.61687 -0.180084 
v -0.169645 8.61664 -0.171405 
v -0.244692 8.66993 -0.142901 
v -0.197527 8.61593 -0.163568 
v -0.136184 8.61687 -0.180084 
v -0.124933 8.59472 -0.179186 
v -0.136342 8.67742 -0.180574 
v -0.100895 8.61711 -0.189237 
v -0.100895 8.61711 -0.189237 
v -0.0868259 8.67809 -0.19134 
v -0.188981 8.59776 -0.148122 
v -0.180158 8.59782 -0.15041 
v -0.180158 8.59782 -0.15041 
v -0.210482 8.74046 -0.115528 
v -0.185826 8.59778 -0.14894 
v -0.188981 8.59776 -0.148122 
v -0.222764 8.66354 -0.109634 
v -0.154349 8.59799 -0.157104 
v -0.183404 8.74112 -0.127699 
v -0.124563 8.5982 -0.16483 
v -0.151738 8.74144 -0.136341 
v -0.0454541 8.48953 -0.162502 
v -0.0585474 8.45074 -0.143302 
v -0.106717 8.49048 -0.155615 
v -0.0425753 8.52727 -0.179849 
v -0.0431485 8.48535 -0.11729 
v -0.035053 8.59841 -0.177456 
v -0.078065 8.48557 -0.114367 
v -0.0681031 8.59835 -0.174643 
v 2.95426e-07 8.45138 -0.148676 
v 0.0030777 8.48491 -0.121092 
v 0.0012277 8.59842 -0.180581 
v -0.145623 8.42861 -0.11065 
v -0.061162 8.42534 -0.124578 
v -0.0848884 8.38095 -0.0872334 
v 2.24948e-07 8.42597 -0.130195 
v 6.6632e-09 8.38095 -0.0939181 
v -0.0935442 8.59484 -0.186525 
v -0.0637626 8.59489 -0.18906 
v -0.0681031 8.59835 -0.174643 
v -0.035053 8.59841 -0.177456 
v -0.0637627 8.59489 -0.18906 
v -0.0681031 8.59835 -0.174643 
v -0.0960166 8.59827 -0.172299 
v -0.0350529 8.59841 -0.177456 
v -0.0676816 8.61718 -0.192392 
v -0.0460747 8.67817 -0.194809 
v -0.0676816 8.61718 -0.192392 
v -0.033762 8.61724 -0.195279 
v 0.0012277 8.59842 -0.180581 
v -1.23996e-07 8.59497 -0.19453 
v -0.0322126 8.59494 -0.191745 
v -0.0322126 8.59494 -0.191745 
v -0.033762 8.61724 -0.195279 
v -0.0960166 8.59827 -0.172299 
v -0.0681031 8.59835 -0.174643 
v -0.0799073 8.74041 -0.152806 
v -0.0350529 8.59841 -0.177456 
v -0.0378863 8.7397 -0.156383 
v -0.445637 8.37909 0.186687 
v -0.485493 8.43025 0.166947 
v -0.415563 8.38095 0.118916 
v -0.334417 8.32663 0.1586 
v -0.371407 8.32588 0.221234 
v -0.371182 8.38095 0.0657348 
v -0.482943 8.38045 0.290614 
v -0.402991 8.32623 0.308229 
v -0.371182 8.38095 0.0657348 
v -0.399606 8.44043 0.0326309 
v -0.3208 8.38095 0.0134399 
v -0.449668 8.43211 0.0977931 
v -0.415563 8.38095 0.118916 
v -0.449668 8.43211 0.0977931 
v -0.521441 8.49469 0.148717 
v -0.524734 8.43101 0.280754 
v -0.563616 8.49469 0.272184 
v -0.294733 8.30331 0.332891 
v -0.294431 8.32632 0.112485 
v -0.236351 8.30337 0.211687 
v -0.248729 8.32615 0.0725226 
v -0.3208 8.38095 0.0134399 
v -0.271661 8.30306 0.269347 
v -0.246815 8.38095 -0.035329 
v -0.312727 8.4402 -0.0402342 
v -0.235272 8.43333 -0.0810192 
v -0.246815 8.38095 -0.035329 
v -0.537495 8.43106 0.440584 
v -0.494517 8.3804 0.437201 
v -0.412216 8.32612 0.430996 
v -0.46125 8.38079 0.580228 
v -0.386125 8.32694 0.55165 
v -0.387856 8.38065 0.707617 
v -0.537565 8.49469 0.610835 
v -0.500663 8.43125 0.596276 
v -0.420837 8.43125 0.734787 
v -0.304224 8.43107 0.844933 
v -0.451447 8.49469 0.759996 
v -0.301487 8.30322 0.422767 
v -0.281406 8.30336 0.510614 
v -0.324242 8.32696 0.658812 
v -0.236354 8.30336 0.588649 
v -0.232803 8.32616 0.741734 
v -0.280163 8.38006 0.808586 
v -0.158819 8.43115 0.914211 
v -0.325802 8.49469 0.878389 
v -0.479872 8.4961 0.0761537 
v -0.577252 8.49469 0.442954 
v -0.584435 8.60079 0.267083 
v -0.557496 8.60079 0.618986 
v -0.598732 8.60079 0.444974 
v -0.541116 8.69875 0.139345 
v -0.539909 8.60079 0.139631 
v -0.497014 8.60006 0.0660738 
v -0.498377 8.69889 0.0652874 
v -0.479872 8.4961 0.0761537 
v -0.42469 8.51338 0.00525102 
v -0.468187 8.60079 0.773509 
v -0.170688 8.49469 0.952128 
v -0.338095 8.60079 0.896151 
v -0.436138 8.60697 -0.00700173 
v -0.497014 8.60006 0.0660738 
v -0.498377 8.69889 0.0652874 
v -0.195871 8.3261 0.0383976 
v -0.170295 8.30335 0.150394 
v -0.134951 8.32619 0.0110759 
v -0.131164 8.3034 0.127812 
v -0.205633 8.30327 0.178552 
v -0.16784 8.38095 -0.0674158 
v -0.16784 8.38095 -0.0674158 
v -0.0691992 8.32674 -0.00795105 
v -0.0891169 8.3033 0.111285 
v -0.0450481 8.30337 0.101242 
v 5.32233e-08 8.30352 0.0978944 
v 1.67716e-07 8.32685 -0.0146718 
v -0.0891169 8.3033 0.111285 
v -0.0450481 8.30337 0.101242 
v -1.57712e-07 8.30281 0.400168 
v 5.32233e-08 8.30352 0.0978944 
v 6.6632e-09 8.38095 -0.0939181 
v -0.0848884 8.38095 -0.0872334 
v -0.131164 8.3034 0.127812 
v -0.294733 8.30331 0.332891 
v -0.271661 8.30306 0.269347 
v -0.236351 8.30337 0.211687 
v -0.205633 8.30327 0.178552 
v -0.301487 8.30322 0.422767 
v -0.281406 8.30336 0.510614 
v -0.236354 8.30336 0.588649 
v -0.170316 8.30321 0.649963 
v -0.146463 8.3801 0.872451 
v -0.121872 8.32628 0.795129 
v -0.170316 8.30321 0.649963 
v -0.170295 8.30335 0.150394 
v -0.0891048 8.30331 0.689053 
v -4.73312e-07 8.30338 0.702467 
v -0.0891048 8.30331 0.689053 
v -4.73312e-07 8.30338 0.702467 
v -5.61888e-07 8.32708 0.814852 
v -6.27188e-07 8.38034 0.89438 
v -6.4737e-07 8.43123 0.937557 
v -6.56398e-07 8.49469 0.977209 
v -0.188148 8.64391 -0.0834638 
v -0.233155 8.58617 -0.0986928 
v -0.160483 8.61997 -0.0940847 
v -0.177854 8.62248 -0.0878306 
v -0.176801 8.72046 -0.0891024 
v -0.125304 8.72774 -0.103995 
v -0.125795 8.6308 -0.103166 
v -0.176642 8.60079 0.972868 
v -0.198081 8.59816 -0.0744217 
v -0.198081 8.59816 -0.0744217 
v -0.188148 8.64391 -0.0834638 
v -6.73534e-07 8.60079 0.998732 
v -0.246109 8.74996 -0.142571 
v -0.17931 8.75069 -0.169805 
v -0.146695 8.83574 -0.17819 
v -0.227913 8.84052 -0.150703 
v -0.295893 8.7422 -0.117446 
v -0.309392 8.85074 -0.108329 
v -0.111328 8.75194 -0.187329 
v -0.0725686 8.83686 -0.192853 
v -0.110633 8.74225 -0.146946 
v -0.159837 8.72513 -0.0950868 
v -0.0894171 8.7267 -0.113254 
v -0.159419 9.32551 -0.139447 
v -0.230188 9.28202 -0.133735 
v -0.226298 9.32608 -0.114368 
v -0.162909 9.28129 -0.158735 
v -0.300419 9.28425 -0.0967946 
v -0.283476 9.36242 -0.0665402 
v -0.156054 9.36205 -0.123542 
v -0.0797288 9.32539 -0.157457 
v -0.0817824 9.28102 -0.177114 
v -0.0770684 9.36218 -0.141137 
v -0.085451 9.42839 -0.0904272 
v -0.0595528 8.75415 -0.193962 
v 8.41018e-08 8.83783 -0.199031 
v 6.68987e-08 8.75446 -0.199031 
v 0.00333168 8.73949 -0.159891 
v 1.02025e-07 9.28187 -0.183962 
v 1.11156e-07 9.32628 -0.163914 
v 1.37572e-07 9.42839 -0.0971639 
v 1.08433e-07 9.36225 -0.147679 
v -0.168952 9.42839 -0.0704648 
v -0.436181 8.71086 -0.00809926 
v -0.435924 8.80515 -0.00836021 
v -0.498377 8.8056 0.0652875 
v -0.435889 8.90373 -0.00845101 
v -0.498377 8.90305 0.065288 
v -0.436007 8.99905 -0.00833055 
v -0.498377 8.8056 0.0652875 
v -0.541112 8.80475 0.13934 
v -0.541102 8.90609 0.139322 
v -0.498378 9.00506 0.0652884 
v -0.498377 8.90305 0.065288 
v -0.498378 9.00506 0.0652884 
v -0.498378 9.1055 0.0652889 
v -0.436358 9.10206 -0.00797293 
v -0.436699 9.20104 -0.00697914 
v -0.498378 9.21006 0.0652894 
v -0.541066 9.0055 0.13926 
v -0.498378 9.1055 0.0652889 
v -0.540933 9.11148 0.139029 
v -0.498378 9.21006 0.0652894 
v -0.59892 8.86443 0.444974 
v -0.584671 8.86443 0.266726 
v -0.557631 8.86443 0.619035 
v -0.597606 9.211 0.444527 
v -0.58337 9.211 0.266907 
v -0.556246 9.211 0.61906 
v -0.468295 8.86443 0.7736 
v -0.338187 8.86443 0.896309 
v -0.466574 9.211 0.77368 
v -0.336313 9.211 0.895942 
v -0.539304 9.211 0.13883 
v -0.520839 9.3094 0.145687 
v -0.480925 9.30898 0.0755459 
v -0.480925 9.30898 0.0755459 
v -0.564214 9.3094 0.270166 
v -0.485672 9.37674 0.163863 
v -0.449047 9.37792 0.0979379 
v -0.418377 9.42839 0.117298 
v -0.525431 9.37691 0.278556 
v -0.448726 9.42709 0.181973 
v -0.485044 9.42709 0.288068 
v -0.425909 9.29382 0.00527996 
v -0.401738 9.36826 0.0320782 
v -0.449047 9.37792 0.0979379 
v -0.344654 9.36401 -0.0231875 
v -0.373672 9.42839 0.0636506 
v -0.418377 9.42839 0.117298 
v -0.339097 9.482 0.162412 
v -0.373672 9.42839 0.0636506 
v -0.374684 9.48273 0.219708 
v -0.406014 9.48186 0.307481 
v -0.578155 9.3094 0.443442 
v -0.537594 9.3094 0.613555 
v -0.538275 9.3773 0.441299 
v -0.496446 9.42709 0.438006 
v -0.462821 9.42709 0.5839 
v -0.500899 9.37643 0.599243 
v -0.419861 9.37558 0.738745 
v -0.449924 9.3094 0.763418 
v -0.388435 9.42709 0.713198 
v -0.302684 9.37509 0.848408 
v -0.325473 9.4816 0.659706 
v -0.41548 9.48214 0.431314 
v -0.299634 9.50504 0.422624 
v -0.387516 9.48162 0.552269 
v -0.24844 9.42839 -0.0381394 
v -0.328209 9.42839 0.0154783 
v -0.323606 9.3094 0.880924 
v -0.176692 8.86443 0.973005 
v -0.176018 9.211 0.971936 
v -0.168821 9.3094 0.954035 
v -0.279999 9.42709 0.81479 
v -0.157282 9.37428 0.917682 
v -0.14598 9.42709 0.879457 
v -6.468e-07 8.86443 0.99887 
v -5.93946e-07 9.211 0.997651 
v -5.77516e-07 9.3094 0.978401 
v -0.122716 9.48176 0.798067 
v -4.44358e-07 9.48148 0.816372 
v -5.05518e-07 9.42709 0.901217 
v -5.42611e-07 9.37376 0.940582 
v -0.234677 9.48203 0.744348 
v -0.328209 9.42839 0.0154783 
v -0.258554 9.48212 0.0773878 
v -0.24844 9.42839 -0.0381394 
v -0.193689 9.48221 0.0330419 
v -0.168952 9.42839 -0.0704648 
v -0.299197 9.48193 0.114113 
v -0.244245 9.50519 0.228029 
v -0.211527 9.50514 0.188515 
v -0.178764 9.50508 0.16013 
v -0.13037 9.50501 0.129455 
v -0.269984 9.50518 0.270149 
v -0.135446 9.48198 0.00768438 
v -0.085451 9.42839 -0.0904272 
v -0.0699689 9.48179 -0.00950092 
v 1.37572e-07 9.42839 -0.0971639 
v 3.28899e-07 9.48171 -0.0161906 
v -0.0885716 9.5051 0.113031 
v -0.0447805 9.50503 0.10305 
v 2.0997e-07 9.50487 0.0997266 
v 2.0997e-07 9.50487 0.0997266 
v -0.0447805 9.50503 0.10305 
v 5.41584e-08 9.50521 0.400167 
v -0.0885716 9.5051 0.113031 
v -0.13037 9.50501 0.129455 
v -0.292914 9.50491 0.333311 
v -0.279703 9.50504 0.509941 
v -0.169266 9.50507 0.648434 
v -0.292914 9.50491 0.333311 
v -0.299634 9.50504 0.422624 
v -0.279703 9.50504 0.509941 
v -0.234944 9.5052 0.587528 
v -0.269984 9.50518 0.270149 
v -0.0885731 9.50513 0.687307 
v -0.0885731 9.50513 0.687307 
v -3.53155e-07 9.50488 0.70061 
v -3.53155e-07 9.50488 0.70061 
v -0.178764 9.50508 0.16013 
v -0.244245 9.50519 0.228029 
v -0.211527 9.50514 0.188515 
v -0.234944 9.5052 0.587528 
v -0.169266 9.50507 0.648434 
v 0.0446988 8.4853 -0.117132 
v 0.0635046 8.42514 -0.123985 
v 0.0450494 8.30335 0.101236 
v 0.0692002 8.32673 -0.00795245 
v 0.0891182 8.30329 0.11128 
v 0.134961 8.32618 0.0110526 
v 0.0450494 8.30335 0.101236 
v 0.0891182 8.30329 0.11128 
v 0.131168 8.30338 0.127804 
v 0.0848884 8.38095 -0.0872334 
v 0.0848884 8.38095 -0.0872334 
v 0.16784 8.38095 -0.0674158 
v 0.195881 8.3261 0.0383804 
v 0.170299 8.30333 0.150387 
v 0.248738 8.32614 0.0725081 
v 0.246815 8.38095 -0.035329 
v 0.205635 8.30326 0.17855 
v 0.294434 8.32632 0.112481 
v 0.236351 8.30337 0.211688 
v 0.131168 8.30338 0.127804 
v 0.170299 8.30333 0.150387 
v 0.205635 8.30326 0.17855 
v 0.236353 8.30336 0.58865 
v 0.170315 8.30321 0.649964 
v 0.0891037 8.30331 0.689053 
v 0.121871 8.32628 0.795129 
v -4.73312e-07 8.30338 0.702467 
v 0.0891037 8.30331 0.689053 
v -5.61888e-07 8.32708 0.814852 
v -6.27188e-07 8.38034 0.89438 
v 0.146462 8.3801 0.872451 
v 0.158819 8.43115 0.914213 
v -6.4737e-07 8.43123 0.937557 
v -6.56398e-07 8.49469 0.977209 
v 0.170685 8.49469 0.952127 
v 0.236351 8.30337 0.211688 
v 0.271661 8.30306 0.269347 
v 0.294733 8.30331 0.332892 
v 0.301486 8.30322 0.422767 
v 0.281406 8.30336 0.510615 
v 0.232802 8.32616 0.741735 
v 0.170315 8.30321 0.649964 
v 0.236353 8.30336 0.58865 
v 0.280163 8.38006 0.808585 
v 0.304222 8.43107 0.844929 
v 0.325802 8.49469 0.87839 
v 0.176641 8.60079 0.972869 
v -6.73534e-07 8.60079 0.998732 
v 0.3208 8.38095 0.0134398 
v 0.334416 8.32664 0.158602 
v 0.371182 8.38095 0.0657347 
v 0.271661 8.30306 0.269347 
v 0.371407 8.32588 0.221234 
v 0.294733 8.30331 0.332892 
v 0.402991 8.32623 0.308229 
v 0.3208 8.38095 0.0134398 
v 0.3996 8.44044 0.0326352 
v 0.371182 8.38095 0.0657347 
v 0.415563 8.38095 0.118916 
v 0.445635 8.37909 0.186687 
v 0.485492 8.43025 0.166949 
v 0.482943 8.38045 0.290615 
v 0.449668 8.43211 0.097793 
v 0.415563 8.38095 0.118916 
v 0.479872 8.4961 0.0761536 
v 0.449668 8.43211 0.097793 
v 0.521434 8.49469 0.148722 
v 0.524731 8.43101 0.280755 
v 0.563616 8.49469 0.272185 
v 0.494517 8.3804 0.437202 
v 0.412216 8.32612 0.430997 
v 0.281406 8.30336 0.510615 
v 0.301486 8.30322 0.422767 
v 0.386125 8.32694 0.551651 
v 0.32424 8.32696 0.658812 
v 0.387854 8.38065 0.707617 
v 0.420837 8.43125 0.734789 
v 0.451447 8.49469 0.759999 
v 0.461248 8.38079 0.580228 
v 0.537495 8.43106 0.440585 
v 0.500664 8.43125 0.596277 
v 0.577251 8.49469 0.442954 
v 0.53756 8.49469 0.610835 
v 0.424693 8.51338 0.00524884 
v 0.479872 8.4961 0.0761536 
v 0.468186 8.60079 0.77351 
v 0.497014 8.60006 0.0660738 
v 0.43614 8.60697 -0.00700355 
v 0.498377 8.69889 0.0652873 
v 0.557495 8.60079 0.618987 
v 0.338094 8.60079 0.896152 
v 0.497014 8.60006 0.0660738 
v 0.584435 8.60079 0.267084 
v 0.598732 8.60079 0.444975 
v 0.498377 8.69889 0.0652873 
v 0.539907 8.60079 0.139632 
v 0.541116 8.69875 0.139346 
v 0.0788984 9.32537 -0.15756 
v 0.0770687 9.36218 -0.141138 
v 0.0817742 9.28102 -0.177114 
v 0.0854514 9.42839 -0.0904271 
v 0.162902 9.28129 -0.158739 
v 0.157968 9.32535 -0.139937 
v 0.156055 9.36205 -0.123543 
v 0.224564 9.3255 -0.115178 
v 0.23018 9.28202 -0.133739 
v 0.283477 9.36242 -0.0665405 
v 0.300416 9.28425 -0.0967975 
v 0.168953 9.42839 -0.0704648 
v 0.24844 9.42839 -0.0381394 
v 0.32821 9.42839 0.0154783 
v -5.77516e-07 9.3094 0.978401 
v -5.93946e-07 9.211 0.997651 
v 0.168823 9.3094 0.95404 
v 0.176019 9.211 0.97194 
v 0.176691 8.86443 0.973005 
v -6.468e-07 8.86443 0.99887 
v 0.15728 9.37428 0.917681 
v 0.145979 9.42709 0.879457 
v -4.44358e-07 9.48148 0.816372 
v -5.05518e-07 9.42709 0.901217 
v 0.279998 9.42709 0.814791 
v 0.122715 9.48176 0.798067 
v 0.302682 9.37509 0.848416 
v -5.42611e-07 9.37376 0.940582 
v 0.323604 9.3094 0.880925 
v 0.336311 9.211 0.895943 
v 0.338185 8.86443 0.89631 
v 0.449922 9.3094 0.763416 
v 0.344655 9.36401 -0.0231877 
v 0.373672 9.42839 0.0636506 
v 0.38843 9.42709 0.713195 
v 0.419859 9.37558 0.738744 
v 0.234677 9.48203 0.744349 
v 0.0699694 9.48179 -0.00950059 
v 0.0854514 9.42839 -0.0904271 
v 0.168953 9.42839 -0.0704648 
v 0.135447 9.48198 0.00768489 
v 0.0447804 9.50503 0.103052 
v 0.0885718 9.5051 0.113033 
v 0.193689 9.48221 0.0330423 
v 0.130369 9.505 0.129459 
v 0.0447804 9.50503 0.103052 
v 0.0885718 9.5051 0.113033 
v 0.130369 9.505 0.129459 
v 0.24844 9.42839 -0.0381394 
v 0.258554 9.48212 0.0773883 
v 0.32821 9.42839 0.0154783 
v 0.373672 9.42839 0.0636506 
v 0.299198 9.48193 0.114114 
v 0.339096 9.482 0.162413 
v 0.244229 9.50507 0.228044 
v 0.178762 9.50507 0.160132 
v 0.211524 9.50512 0.188518 
v 0.374684 9.48273 0.219708 
v 0.269993 9.50521 0.270146 
v 0.0885725 9.50513 0.687308 
v 0.0885725 9.50513 0.687308 
v 0.169267 9.50508 0.648436 
v -3.53155e-07 9.50488 0.70061 
v 0.234919 9.50504 0.587508 
v 0.279701 9.50503 0.509943 
v 0.178762 9.50507 0.160132 
v 0.211524 9.50512 0.188518 
v 0.244229 9.50507 0.228044 
v 0.269993 9.50521 0.270146 
v 0.169267 9.50508 0.648436 
v 0.292948 9.50508 0.333303 
v 0.387516 9.48162 0.55227 
v 0.234919 9.50504 0.587508 
v 0.325472 9.4816 0.659706 
v 0.406013 9.48186 0.307481 
v 0.292948 9.50508 0.333303 
v 0.29966 9.50517 0.422625 
v 0.415481 9.48214 0.431314 
v 0.279701 9.50503 0.509943 
v 0.29966 9.50517 0.422625 
v 0.435924 8.80515 -0.0083603 
v 0.435889 8.90374 -0.00845164 
v 0.498377 8.8056 0.0652875 
v 0.498378 8.90305 0.065288 
v 0.436006 8.99908 -0.00833231 
v 0.436181 8.71086 -0.00809938 
v 0.498378 9.00506 0.0652883 
v 0.541102 8.90609 0.139322 
v 0.498378 8.90305 0.065288 
v 0.498377 8.8056 0.0652875 
v 0.541113 8.80475 0.139341 
v 0.498378 9.00506 0.0652883 
v 0.436358 9.10206 -0.00797302 
v 0.436698 9.20104 -0.00697786 
v 0.498378 9.1055 0.0652888 
v 0.498379 9.21006 0.0652893 
v 0.498379 9.21006 0.0652893 
v 0.540933 9.11148 0.139029 
v 0.498378 9.1055 0.0652888 
v 0.541066 9.0055 0.139261 
v 0.539305 9.211 0.13883 
v 0.468294 8.86443 0.773601 
v 0.557631 8.86443 0.619036 
v 0.556245 9.211 0.619061 
v 0.466572 9.211 0.77368 
v 0.583371 9.211 0.266908 
v 0.584672 8.86443 0.266727 
v 0.59892 8.86443 0.444975 
v 0.597605 9.211 0.444528 
v 0.449048 9.37792 0.097938 
v 0.425905 9.29382 0.0052841 
v 0.401739 9.36826 0.0320781 
v 0.480926 9.30898 0.0755458 
v 0.418377 9.42839 0.117298 
v 0.418377 9.42839 0.117298 
v 0.448726 9.42709 0.181973 
v 0.485044 9.42709 0.288069 
v 0.485669 9.37674 0.163866 
v 0.520835 9.3094 0.145692 
v 0.480926 9.30898 0.0755458 
v 0.564215 9.3094 0.270166 
v 0.449048 9.37792 0.097938 
v 0.525433 9.37691 0.278556 
v 0.500894 9.37643 0.599242 
v 0.462821 9.42709 0.583901 
v 0.537588 9.3094 0.613555 
v 0.496446 9.42709 0.438007 
v 0.578155 9.3094 0.443443 
v 0.538275 9.3773 0.441299 
v -0.0454541 8.48953 -0.162502 
v -0.0425753 8.52727 -0.179849 
v 1.58465e-08 8.48951 -0.166434 
v 2.95426e-07 8.45138 -0.148676 
v -2.57052e-07 8.52716 -0.18353 
v -0.078065 8.48557 -0.114367 
v -0.0675538 8.5445 -0.100749 
v -0.0431485 8.48535 -0.11729 
v -0.0883466 8.54454 -0.0983087 
v -0.0691912 8.63522 -0.114971 
v -0.0679042 8.54853 -0.102589 
v -0.0882776 8.54864 -0.100203 
v -0.0356997 8.54371 -0.10314 
v -0.0368616 8.63467 -0.117717 
v -0.0361034 8.54772 -0.105219 
v 0.00654668 8.6346 -0.12141 
v 0.00659483 8.54776 -0.108933 
v 0.00604919 8.54375 -0.106777 
v -0.0322126 8.59494 -0.191745 
v -1.23996e-07 8.59497 -0.19453 
v 0.0012277 8.59842 -0.180581 
v -0.0350529 8.59841 -0.177456 
v -0.033762 8.61724 -0.195279 
v -0.0460747 8.67817 -0.194809 
v 3.5552e-08 8.67735 -0.198723 
v -1.28159e-09 8.6173 -0.198153 
v -0.033762 8.61724 -0.195279 
v -1.28159e-09 8.6173 -0.198153 
v -0.0897657 8.63492 -0.112541 
v -0.125795 8.6308 -0.103166 
v -0.0350529 8.59841 -0.177456 
v 0.0012277 8.59842 -0.180581 
v 0.00333168 8.73949 -0.159891 
v -0.123349 8.54409 -0.0889551 
v -0.123661 8.54823 -0.0908535 
v -0.159392 8.54778 -0.0814045 
v -0.160483 8.61997 -0.0940847 
v -0.115317 9.0964 -0.193571 
v -0.108689 9.08107 -0.195291 
v -0.114037 9.0811 -0.193911 
v -0.106695 9.0757 -0.195802 
v -0.105691 9.07571 -0.191912 
v -0.113031 9.0811 -0.190022 
v -0.121663 9.09639 -0.18778 
v -0.0959416 9.09631 -0.197902 
v -0.129823 9.12214 -0.189683 
v -0.120394 9.12221 -0.192122 
v -0.122669 9.09644 -0.191669 
v -0.121961 9.14982 -0.19157 
v -0.128816 9.12203 -0.185794 
v -0.130834 9.14967 -0.185126 
v -0.131841 9.14978 -0.189015 
v -0.120747 9.17744 -0.191727 
v -0.130009 9.17745 -0.189318 
v -0.124099 9.20192 -0.188922 
v -0.116289 9.20188 -0.19095 
v -0.128997 9.17733 -0.18543 
v -0.123103 9.20129 -0.18508 
v -0.096082 9.12217 -0.197728 
v -0.0963892 9.17734 -0.197357 
v -0.0962361 9.14975 -0.197542 
v -0.11305 9.21835 -0.189148 
v -0.10793 9.2183 -0.190481 
v -0.106051 9.22295 -0.190222 
v -0.0963295 9.20178 -0.195469 
v -0.112055 9.21773 -0.185305 
v -0.105056 9.22234 -0.186379 
v -0.0958677 9.07468 -0.197918 
v -0.0958887 9.08104 -0.197916 
v -0.0859912 9.07568 -0.198758 
v -0.0856506 9.07568 -0.194755 
v -0.0955271 9.07468 -0.193914 
v -0.0781247 9.08101 -0.195395 
v 6.68987e-08 8.75446 -0.199031 
v -0.0784653 9.08101 -0.199398 
v -0.0695268 9.09629 -0.200149 
v -0.0691862 9.09625 -0.196146 
v -0.0366688 8.72512 -0.118417 
v -0.0688565 8.72568 -0.115677 
v 0.00654887 8.72506 -0.122096 
v -0.0770447 9.09628 -0.19951 
v -0.0717229 9.12204 -0.199803 
v -0.070412 9.14964 -0.199742 
v -0.0720332 9.17725 -0.199431 
v -0.0623874 9.17715 -0.200253 
v -0.0775453 9.20173 -0.197088 
v -0.0695444 9.20166 -0.197778 
v -0.0620613 9.1219 -0.200626 
v -0.0617207 9.12179 -0.196623 
v -0.0602375 9.14951 -0.200609 
v -0.0598957 9.14932 -0.196607 
v -0.0620456 9.17695 -0.196251 
v -0.0692086 9.20097 -0.193834 
v -0.0960588 9.21826 -0.192896 
v -0.0959699 9.22389 -0.192016 
v -0.0869486 9.22285 -0.192963 
v -0.0866055 9.22223 -0.189008 
v -0.0956268 9.22327 -0.188062 
v 0.0362754 8.54787 -0.10525 
v 0.068091 8.54868 -0.10262 
v 0.0367815 8.63467 -0.117724 
v 0.0366497 8.54368 -0.103042 
v 0.0684508 8.54447 -0.100657 
v 0.0887373 8.54862 -0.10012 
v 0.0691051 8.63522 -0.114978 
v 0.125744 8.63091 -0.103196 
v 0.0898164 8.63492 -0.11254 
v 0.14722 8.42785 -0.109116 
v 0.0635046 8.42514 -0.123985 
v 0.137493 8.45187 -0.129175 
v 0.220241 8.46152 -0.105377 
v 0.108464 8.48588 -0.108254 
v 0.12422 8.544 -0.0886795 
v 0.143465 8.48741 -0.0998526 
v 0.159799 8.54385 -0.0793182 
v 0.174506 8.48969 -0.0925857 
v 0.236199 8.43353 -0.0801212 
v 0.175359 8.542 -0.0727263 
v 0.202704 8.4941 -0.0822803 
v 0.0888532 8.54446 -0.0981345 
v 0.123862 8.54851 -0.0908907 
v 0.159592 8.54821 -0.0814663 
v 0.160474 8.62007 -0.09409 
v 0.177957 8.62238 -0.0877733 
v 0.177258 8.55689 -0.079329 
v 0.175359 8.542 -0.0727263 
v 0.187129 8.5512 -0.0721066 
v 0.216693 8.5118 -0.0849215 
v 0.198583 8.59799 -0.074199 
v 0.187129 8.5512 -0.0721066 
v 0.202704 8.4941 -0.0822803 
v 0.233689 8.58606 -0.0984712 
v 0.198583 8.59799 -0.074199 
v 0.0366236 8.72513 -0.118421 
v 0.0688061 8.72569 -0.115682 
v 0.0894243 8.72674 -0.113257 
v -0.0839484 9.08102 -0.198932 
v -0.0958887 9.08104 -0.197916 
v -0.0959416 9.09631 -0.197902 
v -0.0859912 9.07568 -0.198758 
v -0.0784653 9.08101 -0.199398 
v -0.0770447 9.09628 -0.19951 
v -0.0695444 9.20166 -0.197778 
v -0.0775453 9.20173 -0.197088 
v -0.0800622 9.21816 -0.1943 
v -0.0963295 9.20178 -0.195469 
v -0.0960588 9.21826 -0.192896 
v -0.0851971 9.21825 -0.193841 
v -0.0869486 9.22285 -0.192963 
v -0.0866055 9.22223 -0.189008 
v -0.0797191 9.21754 -0.190345 
v -0.0692086 9.20097 -0.193834 
v 0.0326079 8.59492 -0.191755 
v -1.23996e-07 8.59497 -0.19453 
v -1.28159e-09 8.6173 -0.198153 
v 1.58465e-08 8.48951 -0.166434 
v -2.57052e-07 8.52716 -0.18353 
v 0.0426026 8.52727 -0.17985 
v 0.0478271 8.48945 -0.16226 
v 2.95426e-07 8.45138 -0.148676 
v 0.0589583 8.4505 -0.143153 
v -1.26327e-07 8.57301 -0.190968 
v 0.0339781 8.57295 -0.188076 
v 0.0326079 8.59492 -0.191755 
v 0.0680452 8.57291 -0.185145 
v 0.0339781 8.57295 -0.188076 
v 0.103719 8.48925 -0.155812 
v 0.0889097 8.52728 -0.17583 
v 0.0680452 8.57291 -0.185145 
v 0.10053 8.57288 -0.181924 
v 0.035427 8.59835 -0.177461 
v 0.0641547 8.59486 -0.18907 
v 0.0684737 8.59829 -0.174648 
v 0.110666 9.22392 -0.188863 
v 0.101932 9.22286 -0.191305 
v 0.100933 9.22224 -0.187462 
v 0.109667 9.2233 -0.18502 
v 0.118422 9.22237 -0.182894 
v 0.119421 9.22299 -0.186736 
v 0.0446988 8.4853 -0.117132 
v 0.035427 8.59835 -0.177461 
v 0.0012277 8.59842 -0.180581 
v 0.0788276 8.48555 -0.114286 
v 0.103719 8.48925 -0.155812 
v 0.137493 8.45187 -0.129175 
v 0.0589583 8.4505 -0.143153 
v 0.0684737 8.59829 -0.174648 
v 0.108464 8.48588 -0.108254 
v 0.133638 8.52734 -0.165609 
v 0.0889097 8.52728 -0.17583 
v 0.10053 8.57288 -0.181924 
v 0.0641547 8.59486 -0.18907 
v 0.10053 8.57288 -0.181924 
v 0.0680452 8.57291 -0.185145 
v 0.0960788 8.59827 -0.172285 
v 0.0848884 8.38095 -0.0872334 
v 0.0635046 8.42514 -0.123985 
v 0.14722 8.42785 -0.109116 
v -1.23996e-07 8.59497 -0.19453 
v 0.0339781 8.57295 -0.188076 
v -1.26327e-07 8.57301 -0.190968 
v 0.0012277 8.59842 -0.180581 
v -1.23996e-07 8.59497 -0.19453 
v 0.0326079 8.59492 -0.191755 
v 0.0012277 8.59842 -0.180581 
v 0.0326079 8.59492 -0.191755 
v 0.035427 8.59835 -0.177461 
v 0.0337636 8.61724 -0.195279 
v -1.28159e-09 8.6173 -0.198153 
v 3.5552e-08 8.67735 -0.198723 
v 0.0337636 8.61724 -0.195279 
v -1.28159e-09 8.6173 -0.198153 
v 0.0459131 8.67817 -0.194823 
v 0.0676798 8.61718 -0.192393 
v 0.035427 8.59835 -0.177461 
v 0.0641547 8.59486 -0.18907 
v 0.0676798 8.61718 -0.192393 
v 0.0684737 8.59829 -0.174648 
v 0.0936196 8.59483 -0.186527 
v 0.0936196 8.59483 -0.186527 
v 0.0684737 8.59829 -0.174648 
v 0.0960788 8.59827 -0.172285 
v 0.125336 8.59465 -0.179162 
v 0.0895478 8.67789 -0.191107 
v 0.10089 8.61711 -0.189237 
v 0.10089 8.61711 -0.189237 
v 0.0960788 8.59827 -0.172285 
v 0.00333168 8.73949 -0.159891 
v 0.0012277 8.59842 -0.180581 
v 0.035427 8.59835 -0.177461 
v 0.0377938 8.73972 -0.156391 
v 0.0684737 8.59829 -0.174648 
v 0.0798522 8.74042 -0.152811 
v 0.0960788 8.59827 -0.172285 
v 0.143465 8.48741 -0.0998526 
v 0.124944 8.59807 -0.164799 
v 0.138992 8.67742 -0.179937 
v 0.110588 8.74232 -0.14697 
v 0.124944 8.59807 -0.164799 
v 0.16784 8.38095 -0.0674158 
v 0.236199 8.43353 -0.0801212 
v 0.246815 8.38095 -0.035329 
v 0.176776 8.72052 -0.0891209 
v 0.177957 8.62238 -0.0877733 
v 0.160474 8.62007 -0.09409 
v 0.312699 8.4401 -0.0400418 
v 0.3208 8.38095 0.0134398 
v 0.3996 8.44044 0.0326352 
v 0.402302 8.63487 -0.0374902 
v 0.43614 8.60697 -0.00700355 
v 0.396425 8.58138 -0.0361514 
v 0.436181 8.71086 -0.00809938 
v 0.424693 8.51338 0.00524884 
v 6.68987e-08 8.75446 -0.199031 
v 0.125336 8.59465 -0.179162 
v 0.0936196 8.59483 -0.186527 
v 0.0960788 8.59827 -0.172285 
v 0.133638 8.52734 -0.165609 
v 0.10053 8.57288 -0.181924 
v 0.134221 8.57265 -0.173186 
v 0.16906 8.49124 -0.139703 
v 0.0889097 8.52728 -0.17583 
v 0.183493 8.52922 -0.152855 
v 0.222395 8.53217 -0.137476 
v 0.166737 8.57248 -0.164684 
v 0.103719 8.48925 -0.155812 
v 0.137493 8.45187 -0.129175 
v 0.221422 8.49859 -0.123469 
v 0.0960788 8.59827 -0.172285 
v 0.143465 8.48741 -0.0998526 
v 0.124944 8.59807 -0.164799 
v 0.134221 8.57265 -0.173186 
v 0.10053 8.57288 -0.181924 
v 0.166737 8.57248 -0.164684 
v 0.157185 8.59443 -0.170902 
v 0.174506 8.48969 -0.0925857 
v 0.154733 8.59787 -0.157072 
v 0.180982 8.59419 -0.164675 
v 0.261621 8.54486 -0.122173 
v 0.194828 8.57284 -0.157086 
v 0.285722 8.5702 -0.115116 
v 0.206359 8.5789 -0.153012 
v 0.194828 8.57284 -0.157086 
v 0.186486 8.59405 -0.163207 
v 0.188886 8.59398 -0.162566 
v 0.206359 8.5789 -0.153012 
v 0.212574 8.59189 -0.152549 
v 0.233689 8.58606 -0.0984712 
v 0.188954 8.59775 -0.148133 
v 0.185854 8.59776 -0.148948 
v 0.294765 8.60157 -0.115111 
v 0.212574 8.59189 -0.152549 
v 0.202704 8.4941 -0.0822803 
v 0.180284 8.59778 -0.150412 
v 0.220241 8.46152 -0.105377 
v 0.278771 8.51011 -0.10332 
v 0.282065 8.46916 -0.0787819 
v 0.311919 8.53076 -0.0898177 
v 0.202704 8.4941 -0.0822803 
v 0.216693 8.5118 -0.0849215 
v 0.180284 8.59778 -0.150412 
v 0.185854 8.59776 -0.148948 
v 0.233689 8.58606 -0.0984712 
v 0.342235 8.57206 -0.0777553 
v 0.185854 8.59776 -0.148948 
v 0.124944 8.59807 -0.164799 
v 0.124944 8.59807 -0.164799 
v 0.125336 8.59465 -0.179162 
v 0.157185 8.59443 -0.170902 
v 0.154733 8.59787 -0.157072 
v 0.154733 8.59787 -0.157073 
v 0.136183 8.61687 -0.180083 
v 0.10089 8.61711 -0.189237 
v 0.136183 8.61687 -0.180083 
v 0.10089 8.61711 -0.189237 
v 0.138992 8.67742 -0.179937 
v 0.196107 8.67674 -0.164813 
v 0.169647 8.61664 -0.171404 
v 0.180982 8.59419 -0.164675 
v 0.180284 8.59779 -0.150413 
v 0.186486 8.59405 -0.163207 
v 0.208298 8.60689 -0.157138 
v 0.180284 8.59778 -0.150412 
v 0.185854 8.59776 -0.148948 
v 0.19754 8.61593 -0.163562 
v 0.169647 8.61664 -0.171404 
v 0.244376 8.66932 -0.143067 
v 0.19754 8.61593 -0.163562 
v 0.188954 8.59775 -0.148133 
v 0.208298 8.60689 -0.157138 
v 0.292793 8.63115 -0.119063 
v 0.271944 8.6542 -0.130529 
v 0.236199 8.43353 -0.0801212 
v 0.312699 8.4401 -0.0400418 
v 0.336638 8.49074 -0.0539713 
v 0.3996 8.44044 0.0326352 
v 0.370874 8.51842 -0.0439839 
v 0.396425 8.58138 -0.0361514 
v 0.424693 8.51338 0.00524884 
v 0.360048 8.62069 -0.0739224 
v 0.402302 8.63487 -0.0374902 
v 0.39797 8.69518 -0.041808 
v 0.298146 8.74247 -0.115967 
v 0.327377 8.71778 -0.0964189 
v 0.309413 8.85114 -0.108351 
v 0.371713 8.86519 -0.0650102 
v 0.385422 8.77863 -0.052941 
v 0.435924 8.80515 -0.0083603 
v 0.436181 8.71086 -0.00809938 
v 0.151646 8.74156 -0.136383 
v 0.124944 8.59807 -0.164799 
v 0.154733 8.59787 -0.157073 
v 0.183423 8.74118 -0.127695 
v 0.180284 8.59779 -0.150413 
v 0.233689 8.58606 -0.0984712 
v 0.222683 8.66372 -0.109705 
v 0.188954 8.59775 -0.148133 
v 0.210441 8.74074 -0.115581 
v 0.185854 8.59776 -0.148948 
v 0.294765 8.60157 -0.115111 
v 0.292793 8.63115 -0.119063 
v 0.353639 8.67406 -0.0786014 
v 0.160474 8.62007 -0.09409 
v 0.125744 8.63091 -0.103196 
v 0.12525 8.72785 -0.104018 
v 0.188136 8.64401 -0.0834884 
v 0.176776 8.72052 -0.0891209 
v 0.188136 8.64401 -0.0834884 
v 0.177957 8.62238 -0.0877733 
v 0.198583 8.59799 -0.074199 
v 0.198583 8.59799 -0.074199 
v 0.360048 8.62069 -0.0739224 
v 0.39797 8.69518 -0.041808 
v 0.0459131 8.67817 -0.194823 
v 6.68987e-08 8.75446 -0.199031 
v 0.0606747 8.75377 -0.193867 
v 0.0895478 8.67789 -0.191107 
v 0.11864 8.75159 -0.185454 
v 0.0725463 8.83657 -0.192848 
v 8.41018e-08 8.83783 -0.199031 
v 0.092175 9.08104 -0.1942 
v 0.0832208 9.09628 -0.194952 
v 0.0925156 9.08104 -0.198203 
v 0.09108 9.09631 -0.198315 
v 0.097979 9.08105 -0.197738 
v 0.100148 9.07572 -0.193343 
v 0.11072 9.07475 -0.194757 
v 0.109713 9.07476 -0.190867 
v 0.119299 9.07582 -0.188388 
v 0.146674 8.83602 -0.178191 
v 0.101154 9.07571 -0.197232 
v 0.110741 9.08111 -0.194756 
v 0.110812 9.09639 -0.194736 
v 0.0894243 8.72674 -0.113257 
v 0.110588 8.74232 -0.14697 
v 0.0835615 9.09632 -0.198955 
v 0.0762386 9.12193 -0.199417 
v 0.0741313 9.14935 -0.195393 
v 0.0744728 9.14953 -0.199395 
v 0.0758976 9.12182 -0.195415 
v 0.0858968 9.12207 -0.198595 
v 0.0845939 9.14966 -0.198533 
v 0.0762177 9.17698 -0.195043 
v 0.0765586 9.17717 -0.199045 
v 0.111013 9.12224 -0.194533 
v 0.111168 9.14983 -0.194348 
v 0.086205 9.17727 -0.198223 
v 0.0914673 9.20176 -0.19588 
v 0.111321 9.17741 -0.194162 
v 0.111029 9.20181 -0.192315 
v 0.0990673 9.21826 -0.192635 
v 0.101932 9.22286 -0.191305 
v 0.110756 9.21829 -0.189742 
v 0.110666 9.22392 -0.188863 
v 0.120305 9.07582 -0.192278 
v 0.138992 8.67742 -0.179937 
v 0.1867 8.75122 -0.167907 
v 0.127668 9.08123 -0.190377 
v 0.122306 9.08119 -0.191764 
v 0.128914 9.09651 -0.190053 
v 0.126661 9.08123 -0.186487 
v 0.135262 9.09649 -0.184261 
v 0.196107 8.67674 -0.164813 
v 0.249684 8.75116 -0.141012 
v 0.227902 8.84113 -0.150715 
v 0.298146 8.74247 -0.115967 
v 0.309413 8.85114 -0.108351 
v 0.159784 8.72516 -0.0951084 
v 0.327377 8.71778 -0.0964189 
v 0.134119 9.12233 -0.18853 
v 0.134467 9.17754 -0.188139 
v 0.129774 9.20195 -0.187436 
v 0.121274 9.21833 -0.187001 
v 0.119421 9.22299 -0.186736 
v 0.126319 9.21836 -0.185685 
v 0.135732 9.14994 -0.187955 
v 0.136269 9.09655 -0.18815 
v 0.143549 9.12226 -0.186091 
v 0.142542 9.12215 -0.182203 
v 0.145662 9.1499 -0.185372 
v 0.137586 9.20199 -0.185407 
v 0.143732 9.17754 -0.185728 
v 0.118422 9.22237 -0.182894 
v 0.144649 9.14979 -0.181485 
v 0.142719 9.17743 -0.181841 
v 0.136591 9.20135 -0.181566 
v 0.12532 9.21774 -0.181843 
v 0.385422 8.77863 -0.052941 
v 0.0765586 9.17717 -0.199045 
v 0.0834664 9.20168 -0.19657 
v 0.086205 9.17727 -0.198223 
v 0.0762177 9.17698 -0.195043 
v 0.083132 9.20098 -0.192627 
v 0.0914673 9.20176 -0.19588 
v 0.0938531 9.21816 -0.193092 
v 0.0935174 9.21754 -0.189137 
v 0.0990673 9.21826 -0.192635 
v 0.100933 9.22224 -0.187462 
v 0.101932 9.22286 -0.191305 

vn -0.425197 -0.023622 -0.905512 
vn -0.307087 -0.015748 -0.952756 
vn -0.362205 -0.0708661 -0.929134 
vn -0.354331 0 -0.937008 
vn -0.251969 -0.0629921 -0.968504 
vn -0.377953 -0.259843 -0.889764 
vn -0.307087 -0.102362 -0.944882 
vn -0.283465 -0.322835 -0.905512 
vn -0.448819 0 -0.897638 
vn -0.283465 -0.00787402 -0.96063 
vn -0.330709 0 -0.944882 
vn -0.338583 -0.440945 -0.826772 
vn -0.370079 0 -0.929134 
vn -0.346457 0 -0.937008 
vn -0.370079 0 -0.929134 
vn -0.346457 0 -0.937008 
vn -0.322835 0 -0.944882 
vn -0.354331 0 -0.937008 
vn -0.307087 -0.015748 -0.952756 
vn -0.433071 0 -0.897638 
vn -0.362205 0 -0.937008 
vn -0.362205 0 -0.937008 
vn -0.188976 -0.0944882 -0.976378 
vn -0.23622 -0.181102 -0.952756 
vn -0.173228 -0.228346 -0.96063 
vn -0.181102 -0.377953 -0.905512 
vn -0.212598 -0.511811 -0.834646 
vn -0.23622 -0.0393701 -0.968504 
vn -0.23622 -0.472441 -0.850394 
vn -0.188976 -0.0708661 -0.976378 
vn -0.228346 -0.0472441 -0.968504 
vn -0.251969 -0.0629921 -0.968504 
vn -0.173228 -0.0708661 -0.984252 
vn -0.188976 -0.0944882 -0.976378 
vn -0.275591 -0.00787402 -0.96063 
vn -0.283465 -0.464567 -0.84252 
vn -0.330709 0 -0.944882 
vn -0.346457 0 -0.937008 
vn -0.370079 -0.385827 -0.84252 
vn -0.464567 -0.212598 -0.858268 
vn -0.535433 -0.15748 -0.834646 
vn -0.338583 -0.488189 -0.80315 
vn -0.448819 -0.448819 -0.771654 
vn -0.417323 -0.15748 -0.897638 
vn -0.338583 -0.440945 -0.826772 
vn -0.574803 -0.0472441 -0.818898 
vn -0.307087 -0.141732 -0.944882 
vn -0.299213 -0.141732 -0.944882 
vn -0.354331 -0.165354 -0.92126 
vn -0.299213 -0.181102 -0.937008 
vn -0.181102 -0.480315 -0.858268 
vn -0.212598 -0.590551 -0.771654 
vn -0.0866142 -0.614173 -0.787402 
vn -0.251969 -0.275591 -0.929134 
vn -0.188976 -0.283465 -0.937008 
vn -0.244094 -0.314961 -0.92126 
vn -0.188976 -0.181102 -0.96063 
vn -0.314961 -0.267717 -0.913386 
vn -0.23622 -0.181102 -0.952756 
vn -0.267717 -0.141732 -0.952756 
vn -0.23622 -0.141732 -0.96063 
vn -0.346457 0 -0.937008 
vn -0.417323 -0.15748 -0.897638 
vn -0.346457 0 -0.937008 
vn -0.346457 0 -0.937008 
vn -0.346457 0 -0.937008 
vn -0.322835 0 -0.944882 
vn -0.330709 0 -0.944882 
vn -0.275591 -0.00787402 -0.96063 
vn -0.283465 -0.00787402 -0.96063 
vn -0.330709 0 -0.944882 
vn -0.346457 0 -0.937008 
vn -0.322835 0 -0.944882 
vn -0.283465 -0.00787402 -0.96063 
vn -0.228346 -0.0472441 -0.968504 
vn -0.23622 -0.0393701 -0.968504 
vn -0.188976 -0.0708661 -0.976378 
vn -0.23622 -0.0393701 -0.968504 
vn -0.188976 -0.0708661 -0.976378 
vn -0.23622 -0.0393701 -0.968504 
vn -0.188976 -0.0708661 -0.976378 
vn -0.204724 0 -0.976378 
vn -0.346457 0 -0.937008 
vn -0.401575 0 -0.913386 
vn -0.346457 0 -0.937008 
vn -0.346457 0 -0.937008 
vn -0.354331 0 -0.937008 
vn -0.370079 0 -0.929134 
vn -0.322835 0 -0.944882 
vn -0.322835 0 -0.944882 
vn -0.566929 0 -0.826772 
vn -0.244094 -0.0944882 -0.968504 
vn -0.19685 -0.0944882 -0.976378 
vn -0.188976 -0.141732 -0.968504 
vn -0.307087 -0.0944882 -0.944882 
vn -0.354331 -0.0944882 -0.929134 
vn -0.259843 -0.015748 -0.968504 
vn -0.19685 -0.015748 -0.984252 
vn -0.322835 -0.023622 -0.944882 
vn -0.0708661 -0.291339 -0.952756 
vn -0.0866142 -0.527559 -0.84252 
vn -0.125984 -0.480315 -0.866142 
vn -0.125984 -0.0866142 -0.984252 
vn -0.0629921 -0.15748 -0.984252 
vn -0.125984 -0.125984 -0.984252 
vn -0.11811 -0.0944882 -0.992126 
vn -0.125984 -0.125984 -0.984252 
vn -0.0629921 -0.102362 -0.992126 
vn -0.0629921 -0.15748 -0.984252 
vn 0 -0.614173 -0.795276 
vn 0 -0.527559 -0.850394 
vn 0 -0.173228 -0.984252 
vn 0 -0.291339 -0.96063 
vn 0 -0.11811 -0.992126 
vn 0 -0.173228 -0.984252 
vn -0.0944882 -0.188976 -0.976378 
vn -0.0472441 -0.188976 -0.984252 
vn -0.0551181 -0.291339 -0.952756 
vn 0.015748 -0.188976 -0.984252 
vn 0.015748 -0.283465 -0.96063 
vn -0.0787402 -0.322835 -0.944882 
vn -0.15748 -0.322835 -0.937008 
vn -0.11811 -0.291339 -0.952756 
vn -0.0787402 -0.472441 -0.88189 
vn -0.181102 -0.283465 -0.944882 
vn -0.141732 -0.181102 -0.968504 
vn -0.0708661 -0.480315 -0.874016 
vn -0.0708661 -0.283465 -0.952756 
vn 0.00787402 -0.480315 -0.874016 
vn 0.015748 -0.314961 -0.944882 
vn 0.015748 -0.464567 -0.88189 
vn 0.023622 -0.283465 -0.96063 
vn 0.015748 -0.141732 -0.992126 
vn -0.125984 -0.0866142 -0.984252 
vn -0.149606 -0.141732 -0.976378 
vn -0.0944882 -0.141732 -0.984252 
vn -0.0944882 -0.0944882 -0.992126 
vn -0.149606 -0.0944882 -0.984252 
vn -0.125984 -0.015748 -0.992126 
vn -0.0472441 -0.0944882 -0.992126 
vn -0.0472441 -0.141732 -0.992126 
vn 0.015748 -0.0944882 -0.992126 
vn 0.015748 -0.015748 -1 
vn -0.0551181 -0.015748 -1 
vn -0.165354 -0.464567 -0.866142 
vn -0.606299 -0.535433 -0.582677 
vn -0.535433 -0.377953 -0.755906 
vn -0.488189 -0.535433 -0.692913 
vn -0.362205 -0.566929 -0.740157 
vn -0.653543 -0.0866142 -0.748031 
vn -0.606299 -0.275591 -0.748031 
vn -0.685039 -0.314961 -0.653543 
vn -0.582677 0 -0.811024 
vn -0.661417 -0.023622 -0.755906 
vn -0.645669 0 -0.76378 
vn -0.716535 -0.0944882 -0.692913 
vn -0.535433 -0.0629921 -0.84252 
vn -0.582677 -0.0944882 -0.80315 
vn -0.582677 -0.0393701 -0.811024 
vn -0.472441 -0.228346 -0.850394 
vn -0.433071 -0.259843 -0.866142 
vn -0.535433 -0.425197 -0.732283 
vn -0.566929 -0.251969 -0.779528 
vn -0.527559 -0.125984 -0.84252 
vn -0.448819 -0.149606 -0.88189 
vn -0.527559 -0.00787402 -0.850394 
vn -0.448819 -0.0629921 -0.889764 
vn -0.472441 -0.0787402 -0.88189 
vn -0.716535 -0.00787402 -0.692913 
vn -0.393701 -0.433071 -0.811024 
vn -0.291339 -0.283465 -0.913386 
vn -0.23622 -0.283465 -0.929134 
vn -0.338583 -0.291339 -0.897638 
vn -0.401575 -0.220472 -0.889764 
vn -0.393701 -0.133858 -0.913386 
vn -0.314961 -0.299213 -0.897638 
vn -0.307087 -0.0866142 -0.952756 
vn -0.299213 -0.275591 -0.913386 
vn -0.354331 -0.0787402 -0.929134 
vn -0.267717 -0.456693 -0.850394 
vn -0.409449 -0.0393701 -0.913386 
vn -0.362205 -0.259843 -0.897638 
vn -0.338583 -0.291339 -0.897638 
vn -0.385827 -0.141732 -0.913386 
vn -0.346457 -0.244094 -0.905512 
vn -0.385827 -0.141732 -0.913386 
vn -0.362205 -0.259843 -0.897638 
vn -0.456693 0 -0.889764 
vn -0.267717 0 -0.96063 
vn -0.385827 0 -0.92126 
vn -0.401575 0 -0.913386 
vn -0.267717 0 -0.96063 
vn -0.267717 0 -0.96063 
vn -0.244094 0 -0.968504 
vn -0.393701 0 -0.92126 
vn -0.519685 0 -0.858268 
vn -0.519685 0 -0.850394 
vn -0.133858 0 -0.992126 
vn -0.133858 0 -0.992126 
vn -0.519685 0 -0.858268 
vn -0.456693 0 -0.889764 
vn -0.354331 0 -0.937008 
vn -0.511811 0 -0.858268 
vn -0.448819 0 -0.897638 
vn -0.291339 0 -0.952756 
vn -0.614173 0 -0.787402 
vn -0.614173 0 -0.787402 
vn -0.251969 0 -0.968504 
vn -0.15748 0 -0.984252 
vn -0.15748 0 -0.984252 
vn -0.393701 0.0787402 -0.913386 
vn -0.275591 0.0787402 -0.96063 
vn -0.267717 0.283465 -0.92126 
vn -0.511811 0.0787402 -0.850394 
vn -0.614173 0 -0.787402 
vn -0.496063 0.283465 -0.818898 
vn -0.377953 0.283465 -0.88189 
vn -0.141732 0.0787402 -0.984252 
vn -0.133858 0.283465 -0.952756 
vn -0.125984 0 -0.992126 
vn 0 0 -1 
vn 0 0 -1 
vn 0 0 -1 
vn -0.141732 0 -0.992126 
vn -0.181102 0 -0.984252 
vn -0.181102 -0.0708661 -0.984252 
vn -0.244094 -0.0708661 -0.968504 
vn -0.125984 0 -0.992126 
vn -0.0708661 0 -1 
vn -0.0708661 0 -1 
vn -0.0787402 0 -1 
vn 0.00787402 0 -1 
vn 0.023622 0 -1 
vn 0.015748 0 -1 
vn 0.015748 0 -1 
vn -0.0708661 0 -1 
vn 0 0.0787402 -1 
vn 0 0.283465 -0.96063 
vn -0.11811 0.519685 -0.850394 
vn 0 0.519685 -0.850394 
vn 0 0.417323 -0.913386 
vn -0.629921 0 -0.779528 
vn -0.716535 0 -0.692913 
vn -0.716535 0 -0.692913 
vn -0.614173 0.0866142 -0.779528 
vn -0.716535 0 -0.692913 
vn -0.716535 0 -0.692913 
vn -0.716535 0.0866142 -0.692913 
vn -0.685039 0.307087 -0.653543 
vn -0.590551 0.299213 -0.748031 
vn -0.629921 0.511811 -0.582677 
vn -0.543307 0.496063 -0.677165 
vn -0.582677 0 -0.811024 
vn -0.488189 0 -0.874016 
vn -0.582677 0 -0.811024 
vn -0.448819 0.496063 -0.740157 
vn -0.582677 0 -0.811024 
vn 0.0944882 -0.527559 -0.84252 
vn 0.0944882 -0.614173 -0.787402 
vn 0.0472441 -0.188976 -0.984252 
vn 0.0551181 -0.291339 -0.952756 
vn 0.0944882 -0.188976 -0.976378 
vn 0.212598 -0.519685 -0.826772 
vn 0.11811 -0.291339 -0.952756 
vn 0.141732 -0.181102 -0.968504 
vn 0.0787402 -0.322835 -0.944882 
vn 0.0708661 -0.283465 -0.952756 
vn 0.0787402 -0.480315 -0.874016 
vn 0.0866142 -0.472441 -0.874016 
vn 0.125984 -0.283465 -0.952756 
vn 0.15748 -0.330709 -0.929134 
vn 0.125984 -0.480315 -0.866142 
vn 0.181102 -0.283465 -0.944882 
vn 0.181102 -0.480315 -0.858268 
vn 0.244094 -0.322835 -0.913386 
vn 0.188976 -0.291339 -0.937008 
vn 0.19685 -0.181102 -0.96063 
vn 0.0472441 -0.141732 -0.992126 
vn 0.0472441 -0.0944882 -0.992126 
vn 0.0944882 -0.141732 -0.984252 
vn 0.0551181 -0.015748 -1 
vn 0.102362 -0.0944882 -0.992126 
vn 0.149606 -0.141732 -0.976378 
vn 0.149606 -0.0944882 -0.984252 
vn 0.188976 -0.141732 -0.968504 
vn 0.125984 -0.015748 -0.992126 
vn 0.19685 -0.0944882 -0.976378 
vn 0.19685 -0.015748 -0.984252 
vn 0.23622 -0.141732 -0.96063 
vn 0.251969 -0.291339 -0.92126 
vn 0.314961 -0.267717 -0.913386 
vn 0.23622 -0.181102 -0.952756 
vn 0.267717 -0.141732 -0.952756 
vn 0.299213 -0.181102 -0.937008 
vn 0.299213 -0.141732 -0.944882 
vn 0.354331 -0.165354 -0.92126 
vn 0.307087 -0.141732 -0.944882 
vn 0.244094 -0.0944882 -0.968504 
vn 0.307087 -0.0944882 -0.944882 
vn 0.354331 -0.0944882 -0.929134 
vn 0.259843 -0.015748 -0.968504 
vn 0.322835 -0.023622 -0.944882 
vn 0.409449 -0.0393701 -0.913386 
vn 0.173228 -0.472441 -0.866142 
vn 0.23622 -0.283465 -0.929134 
vn 0.275591 -0.456693 -0.850394 
vn 0.314961 -0.299213 -0.897638 
vn 0.393701 -0.133858 -0.913386 
vn 0.401575 -0.220472 -0.889764 
vn 0.448819 -0.149606 -0.88189 
vn 0.448819 -0.0629921 -0.889764 
vn 0.393701 -0.433071 -0.811024 
vn 0.433071 -0.259843 -0.866142 
vn 0.535433 -0.425197 -0.732283 
vn 0.472441 -0.228346 -0.850394 
vn 0.472441 -0.0787402 -0.88189 
vn 0.527559 -0.125984 -0.84252 
vn 0.574803 -0.251969 -0.779528 
vn 0.535433 -0.0629921 -0.84252 
vn 0.527559 -0.00787402 -0.850394 
vn 0.582677 -0.0944882 -0.80315 
vn 0.582677 -0.0393701 -0.811024 
vn 0.125984 0 -0.992126 
vn 0.133858 0 -0.992126 
vn 0.133858 0 -0.992126 
vn 0.244094 0 -0.968504 
vn 0.267717 0 -0.96063 
vn 0.0708661 0 -1 
vn 0.0708661 0 -1 
vn 0.0787402 0 -1 
vn 0.15748 0 -0.984252 
vn 0.0708661 0 -1 
vn 0.125984 0 -0.992126 
vn 0.181102 0 -0.984252 
vn 0.141732 0 -0.992126 
vn 0.204724 0 -0.976378 
vn 0.15748 0 -0.984252 
vn 0.251969 0 -0.968504 
vn 0.141732 0.0787402 -0.984252 
vn 0.133858 0.283465 -0.952756 
vn 0.11811 0.519685 -0.850394 
vn 0.267717 0 -0.96063 
vn 0.275591 0.0787402 -0.96063 
vn 0.385827 0 -0.92126 
vn 0.401575 0 -0.913386 
vn 0.393701 0 -0.92126 
vn 0.519685 0 -0.850394 
vn 0.519685 0 -0.858268 
vn 0.354331 0 -0.937008 
vn 0.291339 0 -0.952756 
vn 0.456693 0 -0.889764 
vn 0.511811 0 -0.858268 
vn 0.448819 0 -0.897638 
vn 0.614173 0 -0.787402 
vn 0.267717 0.283465 -0.92126 
vn 0.393701 0.0787402 -0.913386 
vn 0.496063 0.283465 -0.818898 
vn 0.511811 0.0787402 -0.850394 
vn 0.377953 0.283465 -0.88189 
vn 0.614173 0 -0.787402 
vn 0.488189 0 -0.874016 
vn 0.582677 0 -0.811024 
vn 0.582677 0 -0.811024 
vn 0.582677 0 -0.811024 
vn 0.614173 0 -0.787402 
vn 0.614173 0.0866142 -0.779528 
vn 0.590551 0.299213 -0.748031 
vn 0.448819 0.496063 -0.740157 
vn 0.543307 0.496063 -0.677165 
vn 0.716535 0 -0.692913 
vn 0.716535 0 -0.692913 
vn 0.716535 0 -0.692913 
vn 0.716535 0 -0.692913 
vn 0.716535 0.0866142 -0.692913 
vn 0.629921 0.511811 -0.582677 
vn 0.685039 0.307087 -0.653543 
vn -0.346457 0 -0.937008 
vn -0.346457 0 -0.937008 
vn -0.346457 0 -0.937008 
vn -0.322835 0 -0.944882 
vn -0.322835 0 -0.944882 
vn -0.283465 0 -0.96063 
vn -0.275591 -0.00787402 -0.96063 
vn -0.267717 0 -0.96063 
vn -0.23622 -0.00787402 -0.968504 
vn -0.283465 0 -0.96063 
vn -0.322835 0 -0.944882 
vn -0.322835 0 -0.944882 
vn -0.23622 -0.00787402 -0.968504 
vn -0.228346 -0.0472441 -0.968504 
vn -0.204724 0 -0.976378 
vn -0.181102 -0.0393701 -0.984252 
vn -0.181102 -0.0393701 -0.984252 
vn -0.141732 -0.00787402 -0.992126 
vn -0.346457 0 -0.937008 
vn -0.330709 0 -0.944882 
vn -0.330709 0 -0.944882 
vn -0.354331 0 -0.937008 
vn -0.346457 0 -0.937008 
vn -0.346457 0 -0.937008 
vn -0.354331 0 -0.937008 
vn -0.283465 -0.00787402 -0.96063 
vn -0.307087 0 -0.952756 
vn -0.23622 -0.0393701 -0.968504 
vn -0.259843 0 -0.968504 
vn -0.0787402 -0.401575 -0.913386 
vn -0.0866142 -0.527559 -0.84252 
vn -0.181102 -0.377953 -0.905512 
vn -0.0708661 -0.291339 -0.952756 
vn -0.0708661 -0.480315 -0.874016 
vn -0.0708661 -0.102362 -0.992126 
vn -0.125984 -0.480315 -0.866142 
vn -0.125984 -0.0866142 -0.984252 
vn 0 -0.527559 -0.850394 
vn 0.00787402 -0.480315 -0.874016 
vn -0.00787402 -0.11811 -0.992126 
vn -0.212598 -0.590551 -0.771654 
vn -0.0866142 -0.614173 -0.787402 
vn -0.110236 -0.740157 -0.661417 
vn 0 -0.614173 -0.795276 
vn 0 -0.740157 -0.669291 
vn -0.173228 -0.0708661 -0.984252 
vn -0.11811 -0.0944882 -0.992126 
vn -0.125984 -0.0866142 -0.984252 
vn -0.0708661 -0.102362 -0.992126 
vn -0.11811 -0.0944882 -0.992126 
vn -0.125984 -0.0866142 -0.984252 
vn -0.188976 -0.0708661 -0.976378 
vn -0.0708661 -0.102362 -0.992126 
vn -0.125984 -0.0629921 -0.992126 
vn -0.0787402 -0.015748 -1 
vn -0.125984 -0.0629921 -0.992126 
vn -0.0629921 -0.0787402 -0.992126 
vn -0.00787402 -0.11811 -0.992126 
vn 0 -0.11811 -0.992126 
vn -0.0629921 -0.102362 -0.992126 
vn -0.0629921 -0.102362 -0.992126 
vn -0.0629921 -0.0787402 -0.992126 
vn -0.188976 -0.0708661 -0.976378 
vn -0.125984 -0.0866142 -0.984252 
vn -0.141732 0 -0.992126 
vn -0.0708661 -0.102362 -0.992126 
vn -0.0708661 0 -1 
vn -0.606299 -0.748031 -0.259843 
vn -0.748031 -0.582677 -0.322835 
vn -0.559055 -0.740157 -0.370079 
vn -0.307087 -0.929134 -0.220472 
vn -0.354331 -0.92126 -0.15748 
vn -0.496063 -0.740157 -0.456693 
vn -0.653543 -0.740157 -0.133858 
vn -0.385827 -0.92126 -0.0787402 
vn -0.496063 -0.740157 -0.456693 
vn -0.606299 -0.535433 -0.582677 
vn -0.433071 -0.724409 -0.527559 
vn -0.685039 -0.566929 -0.456693 
vn -0.559055 -0.740157 -0.370079 
vn -0.685039 -0.566929 -0.456693 
vn -0.850394 -0.362205 -0.385827 
vn -0.795276 -0.590551 -0.165354 
vn -0.913386 -0.362205 -0.188976 
vn -0.110236 -0.992126 -0.023622 
vn -0.267717 -0.929134 -0.259843 
vn -0.0866142 -0.992126 -0.0629921 
vn -0.228346 -0.929134 -0.299213 
vn -0.433071 -0.724409 -0.527559 
vn -0.0944882 -0.992126 -0.0472441 
vn -0.330709 -0.732283 -0.598425 
vn -0.488189 -0.535433 -0.692913 
vn -0.362205 -0.566929 -0.740157 
vn -0.330709 -0.732283 -0.598425 
vn -0.811024 -0.590551 0.0629921 
vn -0.669291 -0.740157 0.0551181 
vn -0.393701 -0.913386 0.0314961 
vn -0.629921 -0.740157 0.244094 
vn -0.370079 -0.913386 0.149606 
vn -0.527559 -0.740157 0.417323 
vn -0.866142 -0.362205 0.346457 
vn -0.755906 -0.582677 0.299213 
vn -0.637795 -0.582677 0.503937 
vn -0.456693 -0.590551 0.669291 
vn -0.732283 -0.362205 0.574803 
vn -0.110236 -0.992126 0.00787402 
vn -0.102362 -0.992126 0.0393701 
vn -0.314961 -0.913386 0.251969 
vn -0.0866142 -0.992126 0.0708661 
vn -0.228346 -0.913386 0.330709 
vn -0.377953 -0.740157 0.551181 
vn -0.23622 -0.590551 0.771654 
vn -0.527559 -0.362205 0.771654 
vn -0.771654 -0.354331 -0.527559 
vn -0.929134 -0.362205 0.0708661 
vn -0.976378 -0.102362 -0.204724 
vn -0.92126 -0.102362 0.370079 
vn -0.992126 -0.102362 0.0787402 
vn -0.913386 -0.00787402 -0.417323 
vn -0.905512 -0.102362 -0.417323 
vn -0.818898 -0.102362 -0.559055 
vn -0.826772 -0.00787402 -0.566929 
vn -0.771654 -0.354331 -0.527559 
vn -0.685039 -0.314961 -0.653543 
vn -0.779528 -0.102362 0.614173 
vn -0.267717 -0.362205 0.889764 
vn -0.559055 -0.102362 0.818898 
vn -0.716535 -0.0944882 -0.692913 
vn -0.818898 -0.102362 -0.559055 
vn -0.826772 -0.00787402 -0.566929 
vn -0.173228 -0.929134 -0.338583 
vn -0.0629921 -0.992126 -0.0866142 
vn -0.125984 -0.92126 -0.370079 
vn -0.0472441 -0.992126 -0.0944882 
vn -0.0787402 -0.992126 -0.0787402 
vn -0.220472 -0.740157 -0.637795 
vn -0.220472 -0.740157 -0.637795 
vn -0.0629921 -0.92126 -0.393701 
vn -0.0314961 -0.992126 -0.102362 
vn -0.015748 -0.992126 -0.110236 
vn 0 -0.992126 -0.110236 
vn 0 -0.913386 -0.401575 
vn -0.0314961 -0.992126 -0.102362 
vn -0.015748 -0.992126 -0.110236 
vn 0 -1 0 
vn 0 -0.992126 -0.110236 
vn 0 -0.740157 -0.669291 
vn -0.110236 -0.740157 -0.661417 
vn -0.0472441 -0.992126 -0.0944882 
vn -0.110236 -0.992126 -0.023622 
vn -0.0944882 -0.992126 -0.0472441 
vn -0.0866142 -0.992126 -0.0629921 
vn -0.0787402 -0.992126 -0.0787402 
vn -0.110236 -0.992126 0.00787402 
vn -0.102362 -0.992126 0.0393701 
vn -0.0866142 -0.992126 0.0708661 
vn -0.0629921 -0.992126 0.0944882 
vn -0.19685 -0.740157 0.637795 
vn -0.11811 -0.913386 0.385827 
vn -0.0629921 -0.992126 0.0944882 
vn -0.0629921 -0.992126 -0.0866142 
vn -0.0314961 -0.992126 0.110236 
vn 0 -0.992126 0.110236 
vn -0.0314961 -0.992126 0.110236 
vn 0 -0.992126 0.110236 
vn 0 -0.913386 0.401575 
vn 0 -0.740157 0.669291 
vn 0 -0.590551 0.811024 
vn 0 -0.362205 0.929134 
vn -0.354331 0 -0.937008 
vn -0.417323 -0.15748 -0.897638 
vn -0.307087 -0.0866142 -0.952756 
vn -0.354331 -0.0787402 -0.929134 
vn -0.322835 0 -0.944882 
vn -0.23622 0 -0.968504 
vn -0.244094 -0.0708661 -0.968504 
vn -0.291339 -0.102362 0.952756 
vn -0.385827 -0.141732 -0.913386 
vn -0.385827 -0.141732 -0.913386 
vn -0.354331 0 -0.937008 
vn 0 -0.102362 0.992126 
vn -0.370079 0 -0.929134 
vn -0.275591 0 -0.96063 
vn -0.244094 0 -0.968504 
vn -0.385827 0 -0.92126 
vn -0.456693 0 -0.889764 
vn -0.519685 0 -0.850394 
vn -0.173228 0 -0.984252 
vn -0.125984 0 -0.992126 
vn -0.204724 0 -0.976378 
vn -0.283465 0 -0.96063 
vn -0.181102 0 -0.984252 
vn -0.259843 0.409449 -0.874016 
vn -0.377953 0.283465 -0.88189 
vn -0.370079 0.401575 -0.834646 
vn -0.267717 0.283465 -0.92126 
vn -0.496063 0.283465 -0.818898 
vn -0.448819 0.496063 -0.740157 
vn -0.244094 0.511811 -0.826772 
vn -0.125984 0.409449 -0.905512 
vn -0.133858 0.283465 -0.952756 
vn -0.11811 0.519685 -0.850394 
vn -0.110236 0.740157 -0.661417 
vn -0.0944882 0 -0.992126 
vn 0 0 -1 
vn 0 0 -1 
vn 0.00787402 0 -1 
vn 0 0.283465 -0.96063 
vn 0 0.417323 -0.913386 
vn 0 0.740157 -0.677165 
vn 0 0.519685 -0.850394 
vn -0.220472 0.732283 -0.645669 
vn -0.716535 -0.00787402 -0.692913 
vn -0.716535 0 -0.692913 
vn -0.826772 0 -0.566929 
vn -0.716535 0 -0.692913 
vn -0.826772 0 -0.566929 
vn -0.716535 0 -0.692913 
vn -0.826772 0 -0.566929 
vn -0.913386 0 -0.417323 
vn -0.913386 0 -0.417323 
vn -0.826772 0 -0.566929 
vn -0.826772 0 -0.566929 
vn -0.826772 0 -0.566929 
vn -0.826772 0 -0.559055 
vn -0.716535 0 -0.692913 
vn -0.716535 0.0866142 -0.692913 
vn -0.826772 0.102362 -0.559055 
vn -0.913386 0 -0.409449 
vn -0.826772 0 -0.559055 
vn -0.913386 0.00787402 -0.409449 
vn -0.826772 0.102362 -0.559055 
vn -1 0 0.0787402 
vn -0.976378 0 -0.204724 
vn -0.929134 0 0.370079 
vn -0.992126 0.102362 0.0787402 
vn -0.976378 0.102362 -0.204724 
vn -0.92126 0.0944882 0.370079 
vn -0.787402 0 0.622047 
vn -0.566929 0 0.826772 
vn -0.779528 0.0944882 0.622047 
vn -0.559055 0.0944882 0.818898 
vn -0.905512 0.102362 -0.409449 
vn -0.850394 0.354331 -0.385827 
vn -0.779528 0.346457 -0.527559 
vn -0.779528 0.346457 -0.527559 
vn -0.913386 0.354331 -0.19685 
vn -0.755906 0.559055 -0.330709 
vn -0.700787 0.551181 -0.464567 
vn -0.566929 0.732283 -0.370079 
vn -0.80315 0.574803 -0.165354 
vn -0.622047 0.740157 -0.267717 
vn -0.661417 0.732283 -0.141732 
vn -0.685039 0.307087 -0.653543 
vn -0.629921 0.511811 -0.582677 
vn -0.700787 0.551181 -0.464567 
vn -0.543307 0.496063 -0.677165 
vn -0.503937 0.732283 -0.456693 
vn -0.566929 0.732283 -0.370079 
vn -0.307087 0.929134 -0.212598 
vn -0.503937 0.732283 -0.456693 
vn -0.354331 0.92126 -0.15748 
vn -0.393701 0.913386 -0.0787402 
vn -0.937008 0.346457 0.0708661 
vn -0.866142 0.346457 0.346457 
vn -0.818898 0.574803 0.0629921 
vn -0.677165 0.732283 0.0551181 
vn -0.629921 0.732283 0.251969 
vn -0.76378 0.566929 0.307087 
vn -0.645669 0.559055 0.519685 
vn -0.732283 0.346457 0.582677 
vn -0.535433 0.732283 0.425197 
vn -0.464567 0.559055 0.685039 
vn -0.314961 0.92126 0.244094 
vn -0.401575 0.913386 0.0314961 
vn -0.110236 0.992126 0.00787402 
vn -0.370079 0.913386 0.149606 
vn -0.330709 0.724409 -0.598425 
vn -0.440945 0.724409 -0.527559 
vn -0.527559 0.346457 0.779528 
vn -0.291339 0 0.96063 
vn -0.291339 0.0944882 0.952756 
vn -0.267717 0.346457 0.897638 
vn -0.385827 0.724409 0.566929 
vn -0.23622 0.551181 0.795276 
vn -0.204724 0.724409 0.661417 
vn 0 0 1 
vn 0 0.0944882 0.992126 
vn 0 0.346457 0.937008 
vn -0.11811 0.92126 0.377953 
vn 0 0.92126 0.393701 
vn 0 0.724409 0.692913 
vn 0 0.551181 0.834646 
vn -0.220472 0.92126 0.322835 
vn -0.440945 0.724409 -0.527559 
vn -0.228346 0.929134 -0.283465 
vn -0.330709 0.724409 -0.598425 
vn -0.173228 0.929134 -0.330709 
vn -0.220472 0.732283 -0.645669 
vn -0.267717 0.929134 -0.251969 
vn -0.0787402 0.992126 -0.0629921 
vn -0.0708661 0.992126 -0.0708661 
vn -0.0629921 0.992126 -0.0787402 
vn -0.0472441 0.992126 -0.0944882 
vn -0.0944882 0.992126 -0.0472441 
vn -0.11811 0.92126 -0.362205 
vn -0.110236 0.740157 -0.661417 
vn -0.0629921 0.92126 -0.377953 
vn 0 0.740157 -0.677165 
vn 0 0.92126 -0.385827 
vn -0.0314961 0.992126 -0.102362 
vn -0.015748 0.992126 -0.102362 
vn 0 0.992126 -0.102362 
vn 0 0.992126 -0.102362 
vn -0.015748 0.992126 -0.102362 
vn 0 1 0 
vn -0.0314961 0.992126 -0.102362 
vn -0.0472441 0.992126 -0.0944882 
vn -0.102362 0.992126 -0.023622 
vn -0.102362 0.992126 0.0393701 
vn -0.0629921 0.992126 0.0866142 
vn -0.102362 0.992126 -0.023622 
vn -0.110236 0.992126 0.00787402 
vn -0.102362 0.992126 0.0393701 
vn -0.0866142 0.992126 0.0629921 
vn -0.0944882 0.992126 -0.0472441 
vn -0.0314961 0.992126 0.102362 
vn -0.0314961 0.992126 0.102362 
vn 0 0.992126 0.110236 
vn 0 0.992126 0.110236 
vn -0.0629921 0.992126 -0.0787402 
vn -0.0787402 0.992126 -0.0629921 
vn -0.0708661 0.992126 -0.0708661 
vn -0.0866142 0.992126 0.0629921 
vn -0.0629921 0.992126 0.0866142 
vn 0.0787402 -0.480315 -0.874016 
vn 0.0944882 -0.614173 -0.787402 
vn 0.015748 -0.992126 -0.110236 
vn 0.0629921 -0.92126 -0.393701 
vn 0.0314961 -0.992126 -0.102362 
vn 0.125984 -0.92126 -0.370079 
vn 0.015748 -0.992126 -0.110236 
vn 0.0314961 -0.992126 -0.102362 
vn 0.0472441 -0.992126 -0.0944882 
vn 0.110236 -0.740157 -0.661417 
vn 0.110236 -0.740157 -0.661417 
vn 0.220472 -0.740157 -0.637795 
vn 0.173228 -0.929134 -0.338583 
vn 0.0629921 -0.992126 -0.0866142 
vn 0.228346 -0.929134 -0.299213 
vn 0.330709 -0.732283 -0.598425 
vn 0.0787402 -0.992126 -0.0787402 
vn 0.267717 -0.929134 -0.259843 
vn 0.0866142 -0.992126 -0.0629921 
vn 0.0472441 -0.992126 -0.0944882 
vn 0.0629921 -0.992126 -0.0866142 
vn 0.0787402 -0.992126 -0.0787402 
vn 0.0866142 -0.992126 0.0708661 
vn 0.0629921 -0.992126 0.0944882 
vn 0.0314961 -0.992126 0.110236 
vn 0.11811 -0.913386 0.385827 
vn 0 -0.992126 0.110236 
vn 0.0314961 -0.992126 0.110236 
vn 0 -0.913386 0.401575 
vn 0 -0.740157 0.669291 
vn 0.19685 -0.740157 0.637795 
vn 0.23622 -0.590551 0.771654 
vn 0 -0.590551 0.811024 
vn 0 -0.362205 0.929134 
vn 0.267717 -0.362205 0.889764 
vn 0.0866142 -0.992126 -0.0629921 
vn 0.0944882 -0.992126 -0.0472441 
vn 0.110236 -0.992126 -0.023622 
vn 0.110236 -0.992126 0.00787402 
vn 0.102362 -0.992126 0.0393701 
vn 0.228346 -0.913386 0.330709 
vn 0.0629921 -0.992126 0.0944882 
vn 0.0866142 -0.992126 0.0708661 
vn 0.377953 -0.740157 0.551181 
vn 0.456693 -0.590551 0.669291 
vn 0.527559 -0.362205 0.771654 
vn 0.291339 -0.102362 0.952756 
vn 0 -0.102362 0.992126 
vn 0.433071 -0.724409 -0.527559 
vn 0.307087 -0.929134 -0.220472 
vn 0.496063 -0.740157 -0.456693 
vn 0.0944882 -0.992126 -0.0472441 
vn 0.354331 -0.92126 -0.15748 
vn 0.110236 -0.992126 -0.023622 
vn 0.385827 -0.92126 -0.0787402 
vn 0.433071 -0.724409 -0.527559 
vn 0.606299 -0.535433 -0.582677 
vn 0.496063 -0.740157 -0.456693 
vn 0.559055 -0.740157 -0.370079 
vn 0.606299 -0.748031 -0.259843 
vn 0.748031 -0.582677 -0.322835 
vn 0.653543 -0.740157 -0.133858 
vn 0.685039 -0.566929 -0.456693 
vn 0.559055 -0.740157 -0.370079 
vn 0.771654 -0.354331 -0.527559 
vn 0.685039 -0.566929 -0.456693 
vn 0.850394 -0.362205 -0.385827 
vn 0.795276 -0.590551 -0.165354 
vn 0.913386 -0.362205 -0.188976 
vn 0.669291 -0.740157 0.0551181 
vn 0.393701 -0.913386 0.0314961 
vn 0.102362 -0.992126 0.0393701 
vn 0.110236 -0.992126 0.00787402 
vn 0.377953 -0.913386 0.149606 
vn 0.314961 -0.913386 0.251969 
vn 0.527559 -0.740157 0.417323 
vn 0.637795 -0.582677 0.503937 
vn 0.732283 -0.362205 0.574803 
vn 0.629921 -0.740157 0.244094 
vn 0.811024 -0.590551 0.0629921 
vn 0.755906 -0.582677 0.299213 
vn 0.929134 -0.362205 0.0708661 
vn 0.866142 -0.362205 0.346457 
vn 0.685039 -0.314961 -0.653543 
vn 0.771654 -0.354331 -0.527559 
vn 0.779528 -0.102362 0.614173 
vn 0.818898 -0.102362 -0.559055 
vn 0.716535 -0.0944882 -0.692913 
vn 0.826772 -0.00787402 -0.566929 
vn 0.92126 -0.102362 0.370079 
vn 0.559055 -0.102362 0.818898 
vn 0.818898 -0.102362 -0.559055 
vn 0.976378 -0.102362 -0.204724 
vn 0.992126 -0.102362 0.0787402 
vn 0.826772 -0.00787402 -0.566929 
vn 0.905512 -0.102362 -0.417323 
vn 0.913386 -0.00787402 -0.417323 
vn 0.125984 0.409449 -0.905512 
vn 0.11811 0.519685 -0.850394 
vn 0.133858 0.283465 -0.952756 
vn 0.110236 0.740157 -0.661417 
vn 0.267717 0.283465 -0.92126 
vn 0.251969 0.409449 -0.874016 
vn 0.244094 0.511811 -0.826772 
vn 0.362205 0.401575 -0.84252 
vn 0.377953 0.283465 -0.88189 
vn 0.448819 0.496063 -0.740157 
vn 0.496063 0.283465 -0.818898 
vn 0.220472 0.732283 -0.645669 
vn 0.330709 0.724409 -0.598425 
vn 0.440945 0.724409 -0.527559 
vn 0 0.346457 0.937008 
vn 0 0.0944882 0.992126 
vn 0.267717 0.346457 0.897638 
vn 0.291339 0.0944882 0.952756 
vn 0.291339 0 0.96063 
vn 0 0 1 
vn 0.23622 0.551181 0.795276 
vn 0.204724 0.724409 0.661417 
vn 0 0.92126 0.393701 
vn 0 0.724409 0.692913 
vn 0.385827 0.724409 0.566929 
vn 0.11811 0.92126 0.377953 
vn 0.464567 0.559055 0.685039 
vn 0 0.551181 0.834646 
vn 0.527559 0.346457 0.779528 
vn 0.559055 0.0944882 0.818898 
vn 0.566929 0 0.826772 
vn 0.732283 0.346457 0.582677 
vn 0.543307 0.496063 -0.677165 
vn 0.503937 0.732283 -0.456693 
vn 0.535433 0.732283 0.425197 
vn 0.645669 0.559055 0.519685 
vn 0.220472 0.92126 0.322835 
vn 0.0629921 0.92126 -0.377953 
vn 0.110236 0.740157 -0.661417 
vn 0.220472 0.732283 -0.645669 
vn 0.11811 0.92126 -0.362205 
vn 0.015748 0.992126 -0.102362 
vn 0.0314961 0.992126 -0.102362 
vn 0.173228 0.929134 -0.330709 
vn 0.0472441 0.992126 -0.0944882 
vn 0.015748 0.992126 -0.102362 
vn 0.0314961 0.992126 -0.102362 
vn 0.0472441 0.992126 -0.0944882 
vn 0.330709 0.724409 -0.598425 
vn 0.228346 0.929134 -0.283465 
vn 0.440945 0.724409 -0.527559 
vn 0.503937 0.732283 -0.456693 
vn 0.267717 0.929134 -0.251969 
vn 0.307087 0.929134 -0.212598 
vn 0.0787402 0.992126 -0.0629921 
vn 0.0629921 0.992126 -0.0787402 
vn 0.0708661 0.992126 -0.0708661 
vn 0.354331 0.92126 -0.15748 
vn 0.0944882 0.992126 -0.0472441 
vn 0.0314961 0.992126 0.102362 
vn 0.0314961 0.992126 0.102362 
vn 0.0629921 0.992126 0.0866142 
vn 0 0.992126 0.110236 
vn 0.0866142 0.992126 0.0629921 
vn 0.102362 0.992126 0.0393701 
vn 0.0629921 0.992126 -0.0787402 
vn 0.0708661 0.992126 -0.0708661 
vn 0.0787402 0.992126 -0.0629921 
vn 0.0944882 0.992126 -0.0472441 
vn 0.0629921 0.992126 0.0866142 
vn 0.102362 0.992126 -0.023622 
vn 0.370079 0.913386 0.149606 
vn 0.0866142 0.992126 0.0629921 
vn 0.314961 0.92126 0.244094 
vn 0.393701 0.913386 -0.0787402 
vn 0.102362 0.992126 -0.023622 
vn 0.110236 0.992126 0.00787402 
vn 0.401575 0.913386 0.0314961 
vn 0.102362 0.992126 0.0393701 
vn 0.110236 0.992126 0.00787402 
vn 0.716535 0 -0.692913 
vn 0.716535 0 -0.692913 
vn 0.826772 0 -0.566929 
vn 0.826772 0 -0.566929 
vn 0.716535 0 -0.692913 
vn 0.716535 -0.00787402 -0.692913 
vn 0.826772 0 -0.566929 
vn 0.913386 0 -0.417323 
vn 0.826772 0 -0.566929 
vn 0.826772 0 -0.566929 
vn 0.913386 0 -0.417323 
vn 0.826772 0 -0.566929 
vn 0.716535 0 -0.692913 
vn 0.716535 0.0866142 -0.692913 
vn 0.826772 0 -0.559055 
vn 0.826772 0.102362 -0.559055 
vn 0.826772 0.102362 -0.559055 
vn 0.913386 0.00787402 -0.409449 
vn 0.826772 0 -0.559055 
vn 0.913386 0 -0.409449 
vn 0.905512 0.102362 -0.409449 
vn 0.787402 0 0.622047 
vn 0.929134 0 0.370079 
vn 0.92126 0.0944882 0.370079 
vn 0.779528 0.0944882 0.622047 
vn 0.976378 0.102362 -0.204724 
vn 0.976378 0 -0.204724 
vn 1 0 0.0787402 
vn 0.992126 0.102362 0.0787402 
vn 0.700787 0.551181 -0.464567 
vn 0.685039 0.307087 -0.653543 
vn 0.629921 0.511811 -0.582677 
vn 0.779528 0.346457 -0.527559 
vn 0.566929 0.732283 -0.370079 
vn 0.566929 0.732283 -0.370079 
vn 0.622047 0.740157 -0.267717 
vn 0.661417 0.732283 -0.141732 
vn 0.755906 0.559055 -0.330709 
vn 0.850394 0.354331 -0.385827 
vn 0.779528 0.346457 -0.527559 
vn 0.913386 0.354331 -0.19685 
vn 0.700787 0.551181 -0.464567 
vn 0.80315 0.574803 -0.165354 
vn 0.76378 0.566929 0.307087 
vn 0.629921 0.732283 0.251969 
vn 0.866142 0.346457 0.346457 
vn 0.677165 0.732283 0.0551181 
vn 0.937008 0.346457 0.0708661 
vn 0.818898 0.574803 0.0629921 
vn -0.0787402 -0.401575 -0.913386 
vn -0.0708661 -0.291339 -0.952756 
vn 0 -0.401575 -0.913386 
vn 0 -0.527559 -0.850394 
vn 0 -0.291339 -0.96063 
vn -0.125984 -0.480315 -0.866142 
vn -0.125984 -0.283465 -0.952756 
vn -0.0708661 -0.480315 -0.874016 
vn -0.181102 -0.283465 -0.944882 
vn -0.125984 -0.0708661 -0.992126 
vn -0.125984 -0.275591 -0.952756 
vn -0.181102 -0.275591 -0.944882 
vn -0.0708661 -0.283465 -0.952756 
vn -0.0708661 -0.0708661 -0.992126 
vn -0.0708661 -0.275591 -0.96063 
vn 0.023622 -0.0708661 -1 
vn 0.023622 -0.275591 -0.96063 
vn 0.023622 -0.283465 -0.96063 
vn -0.0629921 -0.102362 -0.992126 
vn 0 -0.11811 -0.992126 
vn -0.00787402 -0.11811 -0.992126 
vn -0.0708661 -0.102362 -0.992126 
vn -0.0629921 -0.0787402 -0.992126 
vn -0.0787402 -0.015748 -1 
vn 0 -0.023622 -1 
vn 0 -0.0866142 -1 
vn -0.0629921 -0.0787402 -0.992126 
vn 0 -0.0866142 -1 
vn -0.181102 -0.0708661 -0.984252 
vn -0.244094 -0.0708661 -0.968504 
vn -0.0708661 -0.102362 -0.992126 
vn -0.00787402 -0.11811 -0.992126 
vn 0.00787402 0 -1 
vn -0.23622 -0.283465 -0.929134 
vn -0.23622 -0.275591 -0.929134 
vn -0.299213 -0.275591 -0.913386 
vn -0.307087 -0.0866142 -0.952756 
vn -0.188976 0 -0.984252 
vn -0.181102 0 -0.984252 
vn -0.188976 0 -0.984252 
vn -0.181102 0 -0.984252 
vn -0.181102 0 -0.984252 
vn -0.188976 0 -0.984252 
vn -0.204724 0 -0.976378 
vn -0.15748 0 -0.984252 
vn -0.212598 0.015748 -0.976378 
vn -0.19685 0.015748 -0.976378 
vn -0.204724 0 -0.976378 
vn -0.204724 0.0472441 -0.976378 
vn -0.212598 0.015748 -0.976378 
vn -0.220472 0.0472441 -0.976378 
vn -0.220472 0.0472441 -0.976378 
vn -0.19685 0.0708661 -0.976378 
vn -0.212598 0.0708661 -0.976378 
vn -0.204724 0.0944882 -0.976378 
vn -0.19685 0.0944882 -0.976378 
vn -0.212598 0.0708661 -0.976378 
vn -0.204724 0.0944882 -0.976378 
vn -0.15748 0.015748 -0.984252 
vn -0.15748 0.0708661 -0.984252 
vn -0.15748 0.0472441 -0.984252 
vn -0.188976 0.11811 -0.976378 
vn -0.181102 0.11811 -0.976378 
vn -0.173228 0.133858 -0.976378 
vn -0.15748 0.0944882 -0.984252 
vn -0.188976 0.11811 -0.976378 
vn -0.173228 0.133858 -0.976378 
vn -0.15748 0 -0.984252 
vn -0.15748 0 -0.984252 
vn -0.141732 0 -0.992126 
vn -0.141732 0 -0.992126 
vn -0.15748 0 -0.984252 
vn -0.133858 0 -0.992126 
vn 0 0 -1 
vn -0.133858 0 -0.992126 
vn -0.11811 0 -0.992126 
vn -0.11811 0 -0.992126 
vn -0.0708661 0 -1 
vn -0.125984 0 -0.992126 
vn 0.023622 0 -1 
vn -0.125984 0 -0.992126 
vn -0.11811 0.015748 -0.992126 
vn -0.11811 0.0472441 -0.992126 
vn -0.11811 0.0708661 -0.992126 
vn -0.102362 0.0708661 -0.992126 
vn -0.125984 0.0944882 -0.984252 
vn -0.11811 0.0944882 -0.992126 
vn -0.102362 0.015748 -0.992126 
vn -0.102362 0.015748 -0.992126 
vn -0.102362 0.0472441 -0.992126 
vn -0.102362 0.0472441 -0.992126 
vn -0.102362 0.0708661 -0.992126 
vn -0.11811 0.0944882 -0.992126 
vn -0.15748 0.11811 -0.976378 
vn -0.15748 0.133858 -0.976378 
vn -0.149606 0.133858 -0.984252 
vn -0.149606 0.133858 -0.984252 
vn -0.15748 0.133858 -0.976378 
vn 0.0708661 -0.275591 -0.96063 
vn 0.125984 -0.275591 -0.952756 
vn 0.0708661 -0.0708661 -0.992126 
vn 0.0708661 -0.283465 -0.952756 
vn 0.125984 -0.283465 -0.952756 
vn 0.181102 -0.275591 -0.944882 
vn 0.125984 -0.0708661 -0.992126 
vn 0.244094 -0.0708661 -0.968504 
vn 0.181102 -0.0708661 -0.984252 
vn 0.212598 -0.598425 -0.771654 
vn 0.0944882 -0.614173 -0.787402 
vn 0.212598 -0.519685 -0.826772 
vn 0.346457 -0.480315 -0.80315 
vn 0.181102 -0.480315 -0.858268 
vn 0.23622 -0.283465 -0.929134 
vn 0.23622 -0.472441 -0.850394 
vn 0.299213 -0.283465 -0.913386 
vn 0.291339 -0.456693 -0.84252 
vn 0.362205 -0.566929 -0.740157 
vn 0.338583 -0.283465 -0.897638 
vn 0.346457 -0.440945 -0.826772 
vn 0.181102 -0.283465 -0.944882 
vn 0.23622 -0.275591 -0.929134 
vn 0.299213 -0.275591 -0.913386 
vn 0.307087 -0.0866142 -0.952756 
vn 0.354331 -0.0787402 -0.929134 
vn 0.346457 -0.244094 -0.905512 
vn 0.338583 -0.283465 -0.897638 
vn 0.362205 -0.259843 -0.897638 
vn 0.377953 -0.385827 -0.84252 
vn 0.385827 -0.141732 -0.913386 
vn 0.362205 -0.259843 -0.897638 
vn 0.346457 -0.440945 -0.826772 
vn 0.425197 -0.15748 -0.889764 
vn 0.385827 -0.141732 -0.913386 
vn 0.0708661 0 -1 
vn 0.125984 0 -0.992126 
vn 0.181102 0 -0.984252 
vn -0.141732 0 -0.992126 
vn -0.15748 0 -0.984252 
vn -0.15748 0 -0.984252 
vn -0.141732 0 -0.992126 
vn -0.133858 0 -0.992126 
vn -0.125984 0 -0.992126 
vn -0.11811 0.0944882 -0.992126 
vn -0.125984 0.0944882 -0.984252 
vn -0.133858 0.11811 -0.984252 
vn -0.15748 0.0944882 -0.984252 
vn -0.15748 0.11811 -0.976378 
vn -0.141732 0.11811 -0.984252 
vn -0.149606 0.133858 -0.984252 
vn -0.149606 0.133858 -0.984252 
vn -0.133858 0.11811 -0.984252 
vn -0.11811 0.0944882 -0.992126 
vn 0.0629921 -0.102362 -0.992126 
vn 0 -0.11811 -0.992126 
vn 0 -0.0866142 -1 
vn 0 -0.401575 -0.913386 
vn 0 -0.291339 -0.96063 
vn 0.0708661 -0.291339 -0.952756 
vn 0.0866142 -0.401575 -0.913386 
vn 0 -0.527559 -0.850394 
vn 0.0944882 -0.527559 -0.84252 
vn 0 -0.173228 -0.984252 
vn 0.0629921 -0.15748 -0.984252 
vn 0.0629921 -0.102362 -0.992126 
vn 0.133858 -0.125984 -0.984252 
vn 0.0629921 -0.15748 -0.984252 
vn 0.173228 -0.385827 -0.905512 
vn 0.173228 -0.228346 -0.96063 
vn 0.133858 -0.125984 -0.984252 
vn 0.188976 -0.0944882 -0.976378 
vn 0.0708661 -0.102362 -0.992126 
vn 0.11811 -0.0944882 -0.992126 
vn 0.125984 -0.0866142 -0.984252 
vn 0.181102 0.133858 -0.976378 
vn 0.173228 0.133858 -0.976378 
vn 0.165354 0.133858 -0.976378 
vn 0.181102 0.133858 -0.976378 
vn 0.19685 0.133858 -0.968504 
vn 0.19685 0.133858 -0.968504 
vn 0.0787402 -0.480315 -0.874016 
vn 0.0708661 -0.102362 -0.992126 
vn -0.00787402 -0.11811 -0.992126 
vn 0.125984 -0.480315 -0.866142 
vn 0.173228 -0.385827 -0.905512 
vn 0.212598 -0.519685 -0.826772 
vn 0.0944882 -0.527559 -0.84252 
vn 0.125984 -0.0866142 -0.984252 
vn 0.181102 -0.480315 -0.858268 
vn 0.251969 -0.165354 -0.952756 
vn 0.173228 -0.228346 -0.96063 
vn 0.188976 -0.0944882 -0.976378 
vn 0.11811 -0.0944882 -0.992126 
vn 0.188976 -0.0944882 -0.976378 
vn 0.133858 -0.125984 -0.984252 
vn 0.188976 -0.0708661 -0.976378 
vn 0.110236 -0.740157 -0.661417 
vn 0.0944882 -0.614173 -0.787402 
vn 0.212598 -0.598425 -0.771654 
vn 0 -0.11811 -0.992126 
vn 0.0629921 -0.15748 -0.984252 
vn 0 -0.173228 -0.984252 
vn -0.00787402 -0.11811 -0.992126 
vn 0 -0.11811 -0.992126 
vn 0.0629921 -0.102362 -0.992126 
vn -0.00787402 -0.11811 -0.992126 
vn 0.0629921 -0.102362 -0.992126 
vn 0.0708661 -0.102362 -0.992126 
vn 0.0629921 -0.0787402 -0.992126 
vn 0 -0.0866142 -1 
vn 0 -0.023622 -1 
vn 0.0629921 -0.0787402 -0.992126 
vn 0 -0.0866142 -1 
vn 0.0787402 -0.015748 -1 
vn 0.125984 -0.0629921 -0.992126 
vn 0.0708661 -0.102362 -0.992126 
vn 0.11811 -0.0944882 -0.992126 
vn 0.125984 -0.0629921 -0.992126 
vn 0.125984 -0.0866142 -0.984252 
vn 0.173228 -0.0708661 -0.984252 
vn 0.173228 -0.0708661 -0.984252 
vn 0.125984 -0.0866142 -0.984252 
vn 0.188976 -0.0708661 -0.976378 
vn 0.228346 -0.0472441 -0.968504 
vn 0.149606 -0.00787402 -0.992126 
vn 0.181102 -0.0393701 -0.984252 
vn 0.181102 -0.0393701 -0.984252 
vn 0.188976 -0.0708661 -0.976378 
vn 0.00787402 0 -1 
vn -0.00787402 -0.11811 -0.992126 
vn 0.0708661 -0.102362 -0.992126 
vn 0.0708661 0 -1 
vn 0.125984 -0.0866142 -0.984252 
vn 0.141732 0 -0.992126 
vn 0.188976 -0.0708661 -0.976378 
vn 0.23622 -0.472441 -0.850394 
vn 0.23622 -0.0393701 -0.968504 
vn 0.212598 0 -0.976378 
vn 0.204724 0 -0.976378 
vn 0.23622 -0.0393701 -0.968504 
vn 0.220472 -0.740157 -0.637795 
vn 0.362205 -0.566929 -0.740157 
vn 0.330709 -0.732283 -0.598425 
vn 0.322835 0 -0.944882 
vn 0.354331 -0.0787402 -0.929134 
vn 0.307087 -0.0866142 -0.952756 
vn 0.488189 -0.535433 -0.692913 
vn 0.433071 -0.724409 -0.527559 
vn 0.606299 -0.535433 -0.582677 
vn 0.661417 -0.0314961 -0.748031 
vn 0.716535 -0.0944882 -0.692913 
vn 0.653543 -0.0866142 -0.748031 
vn 0.716535 -0.00787402 -0.692913 
vn 0.685039 -0.314961 -0.653543 
vn 0 0 -1 
vn 0.228346 -0.0472441 -0.968504 
vn 0.173228 -0.0708661 -0.984252 
vn 0.188976 -0.0708661 -0.976378 
vn 0.251969 -0.165354 -0.952756 
vn 0.188976 -0.0944882 -0.976378 
vn 0.251969 -0.0629921 -0.968504 
vn 0.299213 -0.322835 -0.897638 
vn 0.173228 -0.228346 -0.96063 
vn 0.338583 -0.0944882 -0.937008 
vn 0.377953 -0.0708661 -0.92126 
vn 0.314961 -0.015748 -0.952756 
vn 0.173228 -0.385827 -0.905512 
vn 0.212598 -0.519685 -0.826772 
vn 0.393701 -0.251969 -0.88189 
vn 0.188976 -0.0708661 -0.976378 
vn 0.23622 -0.472441 -0.850394 
vn 0.23622 -0.0393701 -0.968504 
vn 0.251969 -0.0629921 -0.968504 
vn 0.188976 -0.0944882 -0.976378 
vn 0.314961 -0.015748 -0.952756 
vn 0.275591 -0.00787402 -0.96063 
vn 0.291339 -0.456693 -0.84252 
vn 0.283465 -0.00787402 -0.96063 
vn 0.322835 0 -0.944882 
vn 0.425197 -0.023622 -0.905512 
vn 0.354331 0 -0.937008 
vn 0.448819 0 -0.897638 
vn 0.370079 0 -0.929134 
vn 0.354331 0 -0.937008 
vn 0.346457 0 -0.937008 
vn 0.346457 0 -0.937008 
vn 0.370079 0 -0.929134 
vn 0.362205 0 -0.937008 
vn 0.425197 -0.15748 -0.889764 
vn 0.346457 0 -0.937008 
vn 0.346457 0 -0.937008 
vn 0.433071 0 -0.897638 
vn 0.362205 0 -0.937008 
vn 0.346457 -0.440945 -0.826772 
vn 0.330709 0 -0.944882 
vn 0.346457 -0.480315 -0.80315 
vn 0.480315 -0.204724 -0.850394 
vn 0.456693 -0.440945 -0.771654 
vn 0.535433 -0.133858 -0.834646 
vn 0.346457 -0.440945 -0.826772 
vn 0.377953 -0.385827 -0.84252 
vn 0.330709 0 -0.944882 
vn 0.346457 0 -0.937008 
vn 0.425197 -0.15748 -0.889764 
vn 0.574803 -0.0551181 -0.818898 
vn 0.346457 0 -0.937008 
vn 0.23622 -0.0393701 -0.968504 
vn 0.23622 -0.0393701 -0.968504 
vn 0.228346 -0.0472441 -0.968504 
vn 0.275591 -0.00787402 -0.96063 
vn 0.283465 -0.00787402 -0.96063 
vn 0.283465 -0.00787402 -0.96063 
vn 0.23622 -0.00787402 -0.968504 
vn 0.181102 -0.0393701 -0.984252 
vn 0.23622 -0.00787402 -0.968504 
vn 0.181102 -0.0393701 -0.984252 
vn 0.212598 0 -0.976378 
vn 0.275591 0 -0.96063 
vn 0.283465 0 -0.96063 
vn 0.322835 0 -0.944882 
vn 0.330709 0 -0.944882 
vn 0.346457 0 -0.937008 
vn 0.346457 0 -0.937008 
vn 0.330709 0 -0.944882 
vn 0.346457 0 -0.937008 
vn 0.322835 0 -0.944882 
vn 0.283465 0 -0.96063 
vn 0.322835 0 -0.944882 
vn 0.322835 0 -0.944882 
vn 0.346457 0 -0.937008 
vn 0.346457 0 -0.937008 
vn 0.409449 0 -0.913386 
vn 0.362205 0 -0.929134 
vn 0.362205 -0.566929 -0.740157 
vn 0.488189 -0.535433 -0.692913 
vn 0.551181 -0.354331 -0.755906 
vn 0.606299 -0.535433 -0.582677 
vn 0.606299 -0.275591 -0.748031 
vn 0.653543 -0.0866142 -0.748031 
vn 0.685039 -0.314961 -0.653543 
vn 0.582677 0 -0.811024 
vn 0.661417 -0.0314961 -0.748031 
vn 0.645669 0 -0.76378 
vn 0.456693 0 -0.889764 
vn 0.519685 0 -0.858268 
vn 0.519685 0 -0.850394 
vn 0.614173 0 -0.787402 
vn 0.629921 0 -0.779528 
vn 0.716535 0 -0.692913 
vn 0.716535 -0.00787402 -0.692913 
vn 0.259843 0 -0.968504 
vn 0.23622 -0.0393701 -0.968504 
vn 0.283465 -0.00787402 -0.96063 
vn 0.307087 0 -0.952756 
vn 0.330709 0 -0.944882 
vn 0.425197 -0.15748 -0.889764 
vn 0.354331 0 -0.937008 
vn 0.346457 0 -0.937008 
vn 0.354331 0 -0.937008 
vn 0.346457 0 -0.937008 
vn 0.433071 0 -0.897638 
vn 0.409449 0 -0.913386 
vn 0.566929 0 -0.826772 
vn 0.307087 -0.0866142 -0.952756 
vn 0.244094 -0.0708661 -0.968504 
vn 0.23622 0 -0.968504 
vn 0.354331 0 -0.937008 
vn 0.322835 0 -0.944882 
vn 0.354331 0 -0.937008 
vn 0.354331 -0.0787402 -0.929134 
vn 0.385827 -0.141732 -0.913386 
vn 0.385827 -0.141732 -0.913386 
vn 0.582677 0 -0.811024 
vn 0.645669 0 -0.76378 
vn 0.0787402 -0.015748 -1 
vn 0 0 -1 
vn 0.0944882 0 -0.992126 
vn 0.149606 -0.00787402 -0.992126 
vn 0.181102 0 -0.984252 
vn 0.125984 0 -0.992126 
vn 0 0 -1 
vn 0.15748 0 -0.984252 
vn 0.141732 0 -0.992126 
vn 0.15748 0 -0.984252 
vn 0.149606 0 -0.992126 
vn 0.165354 0 -0.984252 
vn 0.165354 0 -0.984252 
vn 0.181102 0 -0.984252 
vn 0.181102 0 -0.984252 
vn 0.19685 0 -0.976378 
vn 0.244094 0 -0.968504 
vn 0.173228 0 -0.984252 
vn 0.181102 0 -0.984252 
vn 0.181102 0 -0.984252 
vn 0.181102 0 -0.984252 
vn 0.204724 0 -0.976378 
vn 0.141732 0 -0.992126 
vn 0.125984 0.015748 -0.992126 
vn 0.125984 0.0472441 -0.992126 
vn 0.125984 0.0472441 -0.992126 
vn 0.125984 0.015748 -0.992126 
vn 0.141732 0.015748 -0.992126 
vn 0.141732 0.0472441 -0.992126 
vn 0.125984 0.0708661 -0.992126 
vn 0.125984 0.0708661 -0.992126 
vn 0.181102 0.015748 -0.984252 
vn 0.181102 0.0472441 -0.984252 
vn 0.141732 0.0708661 -0.984252 
vn 0.149606 0.0944882 -0.984252 
vn 0.181102 0.0708661 -0.984252 
vn 0.181102 0.0944882 -0.976378 
vn 0.165354 0.11811 -0.976378 
vn 0.173228 0.133858 -0.976378 
vn 0.181102 0.11811 -0.976378 
vn 0.181102 0.133858 -0.976378 
vn 0.19685 0 -0.976378 
vn 0.212598 0 -0.976378 
vn 0.283465 0 -0.96063 
vn 0.212598 0 -0.976378 
vn 0.204724 0 -0.976378 
vn 0.212598 0 -0.976378 
vn 0.212598 0 -0.976378 
vn 0.228346 0 -0.976378 
vn 0.275591 0 -0.96063 
vn 0.377953 0 -0.929134 
vn 0.385827 0 -0.92126 
vn 0.456693 0 -0.889764 
vn 0.519685 0 -0.850394 
vn 0.283465 0 -0.96063 
vn 0.519685 0 -0.858268 
vn 0.220472 0.015748 -0.976378 
vn 0.220472 0.0708661 -0.968504 
vn 0.212598 0.0944882 -0.968504 
vn 0.204724 0.11811 -0.968504 
vn 0.19685 0.133858 -0.968504 
vn 0.212598 0.11811 -0.968504 
vn 0.228346 0.0472441 -0.976378 
vn 0.228346 0 -0.976378 
vn 0.23622 0.015748 -0.968504 
vn 0.23622 0.015748 -0.968504 
vn 0.244094 0.0472441 -0.968504 
vn 0.228346 0.0944882 -0.968504 
vn 0.23622 0.0708661 -0.968504 
vn 0.19685 0.133858 -0.968504 
vn 0.244094 0.0472441 -0.968504 
vn 0.23622 0.0708661 -0.968504 
vn 0.228346 0.0944882 -0.968504 
vn 0.212598 0.11811 -0.968504 
vn 0.629921 0 -0.779528 
vn 0.125984 0.0708661 -0.992126 
vn 0.141732 0.0944882 -0.984252 
vn 0.141732 0.0708661 -0.984252 
vn 0.125984 0.0708661 -0.992126 
vn 0.141732 0.0944882 -0.984252 
vn 0.149606 0.0944882 -0.984252 
vn 0.15748 0.11811 -0.984252 
vn 0.15748 0.11811 -0.984252 
vn 0.165354 0.11811 -0.976378 
vn 0.165354 0.133858 -0.976378 
vn 0.173228 0.133858 -0.976378 

vt 0.245955 0.0645217 
vt 0.234135 0.0711675 
vt 0.240024 0.063168 
vt 0.237577 0.0718955 
vt 0.230189 0.0709543 
vt 0.240917 0.0513613 
vt 0.233832 0.0625894 
vt 0.23394 0.0503109 
vt 0.249435 0.0707397 
vt 0.300441 0.282624 
vt 0.30035 0.282645 
vt 0.299089 0.285729 
vt 0.239033 0.0735431 
vt 0.406973 0.287898 
vt 0.413726 0.281546 
vt 0.407243 0.290186 
vt 0.405697 0.285166 
vt 0.409065 0.274163 
vt 0.405639 0.274163 
vt 0.250499 0.0778015 
vt 0.239776 0.0766134 
vt 0.415807 0.289458 
vt 0.226143 0.0708413 
vt 0.229238 0.0624212 
vt 0.224849 0.0623386 
vt 0.227339 0.0498563 
vt 0.231528 0.0307679 
vt 0.30057 0.282599 
vt 0.299797 0.285413 
vt 0.300715 0.282576 
vt 0.397939 0.282784 
vt 0.39958 0.274163 
vt 0.393984 0.283031 
vt 0.395222 0.274163 
vt 0.402719 0.2832 
vt 0.29941 0.285581 
vt 0.300141 0.303138 
vt 0.300059 0.302995 
vt 0.298086 0.301788 
vt 0.247788 0.0530476 
vt 0.253814 0.0565993 
vt 0.241794 0.0323434 
vt 0.249993 0.0347615 
vt 0.2985 0.30096 
vt 0.297607 0.302656 
vt 0.257949 0.0679649 
vt 0.379377 0.448007 
vt 0.378832 0.448005 
vt 0.383233 0.445174 
vt 0.379084 0.444547 
vt 0.300146 0.285287 
vt 0.233166 0.0238584 
vt 0.22222 0.023871 
vt 0.375933 0.431737 
vt 0.370769 0.43131 
vt 0.375298 0.418142 
vt 0.370929 0.444198 
vt 0.38202 0.432478 
vt 0.374337 0.444201 
vt 0.376286 0.448104 
vt 0.37404 0.448057 
vt 0.300021 0.302945 
vt 0.2985 0.30096 
vt 0.300059 0.302995 
vt 0.407008 0.292404 
vt 0.413058 0.300194 
vt 0.405703 0.295364 
vt 0.403471 0.290881 
vt 0.402114 0.297359 
vt 0.400608 0.290881 
vt 0.403417 0.288155 
vt 0.403856 0.28893 
vt 0.408615 0.309833 
vt 0.400567 0.288155 
vt 0.397231 0.297691 
vt 0.397304 0.290881 
vt 0.394102 0.290881 
vt 0.397271 0.288155 
vt 0.394076 0.288155 
vt 0.300399 0.303139 
vt 0.300582 0.303203 
vt 0.300272 0.300527 
vt 0.404224 0.289707 
vt 0.24963 0.085439 
vt 0.239161 0.0801198 
vt 0.300021 0.302945 
vt 0.298958 0.300439 
vt 0.247715 0.0899782 
vt 0.243878 0.0940531 
vt 0.23774 0.0821024 
vt 0.258918 0.0883965 
vt 0.374719 0.451123 
vt 0.371073 0.451351 
vt 0.370658 0.448075 
vt 0.379088 0.450794 
vt 0.38325 0.450337 
vt 0.376036 0.468176 
vt 0.370935 0.468677 
vt 0.38211 0.466546 
vt 0.219377 0.0623798 
vt 0.22124 0.0298984 
vt 0.300473 0.285162 
vt 0.300873 0.282558 
vt 0.218308 0.0708661 
vt 0.2223 0.0708577 
vt 0.39069 0.282565 
vt 0.392554 0.274163 
vt 0.38675 0.282406 
vt 0.387939 0.274163 
vt 0.214298 0.0238801 
vt 0.214305 0.0297959 
vt 0.214359 0.0708554 
vt 0.214347 0.0624385 
vt 0.381962 0.282929 
vt 0.382193 0.274163 
vt 0.363762 0.44372 
vt 0.360064 0.443679 
vt 0.360909 0.430821 
vt 0.356716 0.443697 
vt 0.356716 0.430712 
vt 0.362411 0.417044 
vt 0.368411 0.417267 
vt 0.365593 0.43105 
vt 0.363445 0.406965 
vt 0.299949 0.290537 
vt 0.367341 0.443908 
vt 0.30078 0.285134 
vt 0.300693 0.290427 
vt 0.301194 0.285121 
vt 0.356716 0.417088 
vt 0.356716 0.406965 
vt 0.301184 0.290434 
vt 0.356716 0.448176 
vt 0.390824 0.288155 
vt 0.367383 0.448106 
vt 0.363787 0.448141 
vt 0.363882 0.451856 
vt 0.367438 0.451654 
vt 0.365751 0.468732 
vt 0.360218 0.451932 
vt 0.360103 0.448174 
vt 0.356716 0.451948 
vt 0.356716 0.468804 
vt 0.360939 0.468758 
vt 0.370507 0.406965 
vt 0.271905 0.0237529 
vt 0.256867 0.039545 
vt 0.25652 0.023828 
vt 0.245225 0.0238456 
vt 0.265858 0.0642446 
vt 0.262653 0.0484715 
vt 0.271938 0.0451689 
vt 0.259647 0.0785185 
vt 0.266515 0.0781424 
vt 0.265847 0.0892509 
vt 0.271951 0.0666152 
vt 0.398047 0.449326 
vt 0.402306 0.43569 
vt 0.402306 0.45092 
vt 0.394862 0.427939 
vt 0.389794 0.421423 
vt 0.402306 0.406965 
vt 0.402306 0.420176 
vt 0.397161 0.438362 
vt 0.390874 0.441706 
vt 0.397468 0.461723 
vt 0.390585 0.456201 
vt 0.392376 0.44865 
vt 0.271958 0.0880793 
vt 0.389269 0.406965 
vt 0.299142 0.290772 
vt 0.299557 0.29063 
vt 0.298816 0.290913 
vt 0.387305 0.435863 
vt 0.386079 0.447891 
vt 0.382196 0.4192 
vt 0.299295 0.293652 
vt 0.299302 0.291988 
vt 0.298993 0.293638 
vt 0.379202 0.406965 
vt 0.387304 0.462177 
vt 0.296787 0.296786 
vt 0.296185 0.29747 
vt 0.297429 0.29611 
vt 0.298999 0.292049 
vt 0.298532 0.293173 
vt 0.298635 0.292002 
vt 0.250749 0.104814 
vt 0.237118 0.0957987 
vt 0.241885 0.123541 
vt 0.242798 0.140445 
vt 0.232952 0.140362 
vt 0.233116 0.166712 
vt 0.231787 0.123629 
vt 0.242679 0.167542 
vt 0.252407 0.14165 
vt 0.252762 0.123595 
vt 0.223559 0.140345 
vt 0.223831 0.166746 
vt 0.255096 0.0985962 
vt 0.39154 0.483966 
vt 0.38344 0.486803 
vt 0.252003 0.169257 
vt 0.390772 0.505227 
vt 0.37857 0.505227 
vt 0.2617 0.145195 
vt 0.261782 0.123585 
vt 0.375496 0.487376 
vt 0.369986 0.505227 
vt 0.368363 0.487577 
vt 0.242696 0.194874 
vt 0.233685 0.194903 
vt 0.233969 0.217043 
vt 0.252085 0.194833 
vt 0.261683 0.170807 
vt 0.252008 0.217142 
vt 0.242501 0.217034 
vt 0.224009 0.194931 
vt 0.224167 0.217062 
vt 0.222922 0.123659 
vt 0.214442 0.140375 
vt 0.214424 0.123733 
vt 0.214472 0.166779 
vt 0.300556 0.300694 
vt 0.299981 0.295443 
vt 0.300066 0.293659 
vt 0.299681 0.293656 
vt 0.300366 0.295522 
vt 0.361834 0.487656 
vt 0.300863 0.300759 
vt 0.362439 0.505227 
vt 0.301167 0.300791 
vt 0.301176 0.295521 
vt 0.356716 0.487731 
vt 0.356716 0.505227 
vt 0.300716 0.295521 
vt 0.214507 0.194952 
vt 0.214537 0.217304 
vt 0.22414 0.238672 
vt 0.214568 0.23868 
vt 0.214554 0.229116 
vt 0.263917 0.106581 
vt 0.271965 0.109552 
vt 0.27197 0.131029 
vt 0.261737 0.19526 
vt 0.271982 0.173997 
vt 0.271976 0.152511 
vt 0.271992 0.195494 
vt 0.272005 0.216995 
vt 0.261423 0.217335 
vt 0.272048 0.238537 
vt 0.261139 0.238613 
vt 0.402306 0.465686 
vt 0.395666 0.473651 
vt 0.402306 0.48091 
vt 0.25168 0.238642 
vt 0.402306 0.505227 
vt 0.207372 0.0299201 
vt 0.206377 0.0238892 
vt 0.35334 0.443711 
vt 0.352414 0.430852 
vt 0.349642 0.443789 
vt 0.197069 0.030872 
vt 0.347713 0.431114 
vt 0.346064 0.444012 
vt 0.350824 0.417071 
vt 0.301675 0.290433 
vt 0.301608 0.28514 
vt 0.3497 0.406965 
vt 0.302039 0.290443 
vt 0.34479 0.417322 
vt 0.301914 0.285172 
vt 0.302418 0.290551 
vt 0.30224 0.285301 
vt 0.337916 0.418258 
vt 0.342542 0.431429 
vt 0.342479 0.44434 
vt 0.35333 0.448193 
vt 0.35324 0.451968 
vt 0.349646 0.448213 
vt 0.352624 0.468788 
vt 0.349575 0.45193 
vt 0.34605 0.448217 
vt 0.346018 0.451763 
vt 0.342764 0.448219 
vt 0.347807 0.468793 
vt 0.342381 0.451499 
vt 0.342629 0.468777 
vt 0.339406 0.448237 
vt 0.337402 0.431888 
vt 0.331303 0.432683 
vt 0.339071 0.444378 
vt 0.337147 0.448307 
vt 0.334326 0.444777 
vt 0.334601 0.448239 
vt 0.330181 0.445453 
vt 0.334055 0.448247 
vt 0.338734 0.451307 
vt 0.334364 0.451025 
vt 0.330198 0.450616 
vt 0.337541 0.468328 
vt 0.331458 0.466778 
vt 0.326229 0.462471 
vt 0.342619 0.406965 
vt 0.30281 0.290649 
vt 0.33393 0.406965 
vt 0.331047 0.41935 
vt 0.327353 0.448204 
vt 0.326046 0.436169 
vt 0.322522 0.442044 
vt 0.322902 0.456547 
vt 0.323881 0.406965 
vt 0.323455 0.421651 
vt 0.310987 0.406965 
vt 0.318427 0.428324 
vt 0.321065 0.449052 
vt 0.316214 0.438791 
vt 0.310987 0.420613 
vt 0.315401 0.449845 
vt 0.316054 0.462186 
vt 0.310987 0.43631 
vt 0.310987 0.451641 
vt 0.205925 0.12373 
vt 0.205325 0.140417 
vt 0.205111 0.166811 
vt 0.197061 0.123774 
vt 0.195931 0.140511 
vt 0.30147 0.300761 
vt 0.351855 0.487672 
vt 0.351368 0.505227 
vt 0.345322 0.487617 
vt 0.301637 0.295527 
vt 0.301987 0.295532 
vt 0.302372 0.295457 
vt 0.301778 0.300701 
vt 0.302063 0.300538 
vt 0.343821 0.505227 
vt 0.338193 0.487452 
vt 0.205001 0.194982 
vt 0.204905 0.217096 
vt 0.204996 0.238688 
vt 0.195821 0.166845 
vt 0.195317 0.195008 
vt 0.186964 0.123772 
vt 0.186082 0.140677 
vt 0.186251 0.167749 
vt 0.17609 0.123921 
vt 0.176471 0.141967 
vt 0.330257 0.486928 
vt 0.335238 0.505227 
vt 0.322138 0.484192 
vt 0.176917 0.169542 
vt 0.323035 0.505227 
vt 0.167178 0.145597 
vt 0.195095 0.217115 
vt 0.186294 0.195037 
vt 0.177021 0.217308 
vt 0.176884 0.195069 
vt 0.18655 0.217145 
vt 0.167224 0.171185 
vt 0.317939 0.474026 
vt 0.310987 0.481425 
vt 0.310987 0.466366 
vt 0.310987 0.505227 
vt 0.167076 0.123993 
vt 0.167206 0.195591 
vt 0.167572 0.217583 
vt 0.17743 0.238717 
vt 0.167942 0.238743 
vt 0.156897 0.131532 
vt 0.156892 0.11005 
vt 0.156903 0.153009 
vt 0.156909 0.174482 
vt 0.156919 0.195942 
vt 0.156964 0.238812 
vt 0.156932 0.217393 
vt 0.407243 0.290186 
vt 0.407008 0.292404 
vt 0.403842 0.290276 
vt 0.405703 0.295364 
vt 0.408615 0.309833 
vt 0.404503 0.309833 
vt 0.402114 0.297359 
vt 0.237118 0.0957987 
vt 0.230348 0.0837191 
vt 0.234366 0.0832314 
vt 0.243878 0.0940531 
vt 0.23774 0.0821024 
vt 0.398316 0.309833 
vt 0.397231 0.297691 
vt 0.230417 0.0962626 
vt 0.22611 0.0839937 
vt 0.392932 0.309833 
vt 0.224508 0.0963341 
vt 0.404224 0.289707 
vt 0.403471 0.290881 
vt 0.300147 0.303026 
vt 0.299384 0.299944 
vt 0.300053 0.302976 
vt 0.300021 0.302945 
vt 0.298958 0.300439 
vt 0.300244 0.303072 
vt 0.299634 0.300124 
vt 0.300399 0.303139 
vt 0.299948 0.30034 
vt 0.219982 0.0496618 
vt 0.22124 0.0298984 
vt 0.227339 0.0498563 
vt 0.219377 0.0623798 
vt 0.30078 0.285134 
vt 0.301036 0.282548 
vt 0.300473 0.285162 
vt 0.300873 0.282558 
vt 0.214305 0.0297959 
vt 0.301194 0.285121 
vt 0.301188 0.282548 
vt 0.233166 0.0238584 
vt 0.22222 0.023871 
vt 0.22578 0.00240016 
vt 0.214298 0.0238801 
vt 0.214272 0.00240016 
vt 0.393015 0.297497 
vt 0.389293 0.297686 
vt 0.390842 0.290881 
vt 0.387285 0.288155 
vt 0.39069 0.282565 
vt 0.390824 0.288155 
vt 0.394102 0.290881 
vt 0.387294 0.290881 
vt 0.222242 0.0840145 
vt 0.219751 0.096382 
vt 0.388796 0.309833 
vt 0.383083 0.309833 
vt 0.383363 0.288155 
vt 0.381962 0.282929 
vt 0.38675 0.282406 
vt 0.385142 0.297457 
vt 0.2183 0.0840558 
vt 0.300582 0.303203 
vt 0.300773 0.303251 
vt 0.300556 0.300694 
vt 0.300973 0.303277 
vt 0.300863 0.300759 
vt 0.376633 0.0760133 
vt 0.376633 0.0838916 
vt 0.371939 0.0760133 
vt 0.371939 0.0691104 
vt 0.376633 0.0691104 
vt 0.36881 0.0760133 
vt 0.381326 0.0760133 
vt 0.381326 0.0691104 
vt 0.271809 0.00240016 
vt 0.271905 0.0237529 
vt 0.260302 0.00240016 
vt 0.371939 0.0838916 
vt 0.28348 0.00240016 
vt 0.28348 0.0235754 
vt 0.376633 0.0917701 
vt 0.381326 0.0838916 
vt 0.381326 0.0917701 
vt 0.381326 0.0617841 
vt 0.36881 0.0691104 
vt 0.371939 0.0617841 
vt 0.365682 0.0691104 
vt 0.365682 0.0760133 
vt 0.376633 0.0617841 
vt 0.362553 0.0760133 
vt 0.25652 0.023828 
vt 0.245225 0.0238456 
vt 0.248794 0.00240016 
vt 0.387584 0.0838916 
vt 0.387584 0.0760133 
vt 0.387584 0.0691104 
vt 0.393842 0.0760133 
vt 0.393842 0.0691104 
vt 0.400099 0.0760133 
vt 0.393842 0.0917701 
vt 0.393842 0.0838916 
vt 0.400099 0.0838916 
vt 0.406357 0.0838916 
vt 0.400099 0.0917701 
vt 0.387584 0.0617841 
vt 0.393842 0.0617841 
vt 0.400099 0.0691104 
vt 0.400099 0.0617841 
vt 0.406357 0.0691104 
vt 0.406357 0.0760133 
vt 0.412615 0.0838916 
vt 0.406357 0.0917701 
vt 0.28348 0.0450556 
vt 0.387584 0.0917701 
vt 0.381326 0.0996485 
vt 0.393842 0.0996485 
vt 0.387584 0.0996485 
vt 0.376633 0.110153 
vt 0.376633 0.0996485 
vt 0.371939 0.0996485 
vt 0.371939 0.110153 
vt 0.371939 0.0917701 
vt 0.271938 0.0451689 
vt 0.400099 0.0996485 
vt 0.412615 0.0917701 
vt 0.406357 0.0996485 
vt 0.271951 0.0666152 
vt 0.28348 0.0665355 
vt 0.28348 0.0880154 
vt 0.362553 0.0691104 
vt 0.365682 0.0617841 
vt 0.359424 0.0691104 
vt 0.362553 0.0617841 
vt 0.36881 0.0617841 
vt 0.359424 0.0760133 
vt 0.237287 0.00240016 
vt 0.356295 0.0691104 
vt 0.359424 0.0617841 
vt 0.356295 0.0617841 
vt 0.353166 0.0617841 
vt 0.353166 0.0691104 
vt 0.361558 0.127419 
vt 0.359855 0.127899 
vt 0.358993 0.105586 
vt 0.358132 0.127899 
vt 0.353166 0.0760133 
vt 0.356295 0.0760133 
vt 0.363204 0.126472 
vt 0.370006 0.112787 
vt 0.368946 0.117173 
vt 0.367441 0.121079 
vt 0.366179 0.123266 
vt 0.370518 0.106447 
vt 0.370006 0.100106 
vt 0.368515 0.0943286 
vt 0.406357 0.0617841 
vt 0.412615 0.0760133 
vt 0.412615 0.0691104 
vt 0.366179 0.089628 
vt 0.364756 0.125077 
vt 0.363204 0.0864218 
vt 0.359855 0.0849949 
vt 0.412615 0.0617841 
vt 0.418873 0.0617841 
vt 0.418873 0.0691104 
vt 0.418873 0.0760133 
vt 0.418873 0.0838916 
vt 0.418873 0.0917701 
vt 0.298067 0.295653 
vt 0.2985 0.30096 
vt 0.299295 0.293652 
vt 0.298993 0.293638 
vt 0.298742 0.295279 
vt 0.299536 0.295399 
vt 0.299681 0.293656 
vt 0.412615 0.0996485 
vt 0.297429 0.29611 
vt 0.298532 0.293173 
vt 0.298636 0.294242 
vt 0.418873 0.0996485 
vt 0.244159 0.108378 
vt 0.235668 0.10953 
vt 0.231787 0.123629 
vt 0.241885 0.123541 
vt 0.250749 0.104814 
vt 0.252762 0.123595 
vt 0.227468 0.109947 
vt 0.222922 0.123659 
vt 0.300272 0.300527 
vt 0.299095 0.295343 
vt 0.299981 0.295443 
vt 0.234035 0.228854 
vt 0.242501 0.217034 
vt 0.242711 0.228847 
vt 0.233969 0.217043 
vt 0.252008 0.217142 
vt 0.25168 0.238642 
vt 0.234191 0.238662 
vt 0.224169 0.228868 
vt 0.224167 0.217062 
vt 0.22414 0.238672 
vt 0.226106 0.26016 
vt 0.221361 0.110129 
vt 0.214424 0.123733 
vt 0.214408 0.110205 
vt 0.301167 0.300791 
vt 0.214537 0.217304 
vt 0.214554 0.229116 
vt 0.214599 0.26016 
vt 0.214568 0.23868 
vt 0.237614 0.26016 
vt 0.271958 0.0880793 
vt 0.271965 0.109552 
vt 0.28348 0.109496 
vt 0.27197 0.131029 
vt 0.28348 0.130976 
vt 0.271976 0.152511 
vt 0.371939 0.120658 
vt 0.376633 0.120658 
vt 0.376633 0.131162 
vt 0.371939 0.141667 
vt 0.371939 0.131162 
vt 0.28348 0.152456 
vt 0.28348 0.173936 
vt 0.271982 0.173997 
vt 0.271992 0.195494 
vt 0.28348 0.195416 
vt 0.376633 0.141667 
vt 0.371939 0.149407 
vt 0.376633 0.149407 
vt 0.371939 0.156111 
vt 0.387584 0.131162 
vt 0.381326 0.131162 
vt 0.393842 0.131162 
vt 0.387584 0.156111 
vt 0.381326 0.156111 
vt 0.393842 0.156111 
vt 0.400099 0.131162 
vt 0.406357 0.131162 
vt 0.400099 0.156111 
vt 0.406357 0.156111 
vt 0.376633 0.156111 
vt 0.376633 0.163505 
vt 0.371939 0.163505 
vt 0.28348 0.216896 
vt 0.381326 0.163505 
vt 0.376633 0.170554 
vt 0.371939 0.170554 
vt 0.371939 0.178432 
vt 0.381326 0.170554 
vt 0.376633 0.178432 
vt 0.381326 0.178432 
vt 0.272005 0.216995 
vt 0.272048 0.238537 
vt 0.28348 0.238376 
vt 0.261139 0.238613 
vt 0.272135 0.26016 
vt 0.28348 0.26016 
vt 0.371939 0.186311 
vt 0.36881 0.178432 
vt 0.376633 0.186311 
vt 0.381326 0.186311 
vt 0.387584 0.163505 
vt 0.393842 0.163505 
vt 0.387584 0.170554 
vt 0.387584 0.178432 
vt 0.393842 0.178432 
vt 0.393842 0.170554 
vt 0.400099 0.170554 
vt 0.400099 0.163505 
vt 0.400099 0.178432 
vt 0.406357 0.170554 
vt 0.400099 0.186311 
vt 0.387584 0.186311 
vt 0.387584 0.194189 
vt 0.393842 0.186311 
vt 0.249121 0.26016 
vt 0.260628 0.26016 
vt 0.406357 0.163505 
vt 0.412615 0.131162 
vt 0.412615 0.156111 
vt 0.412615 0.163505 
vt 0.406357 0.178432 
vt 0.412615 0.170554 
vt 0.412615 0.178432 
vt 0.418873 0.131162 
vt 0.418873 0.156111 
vt 0.418873 0.163505 
vt 0.412615 0.186311 
vt 0.418873 0.186311 
vt 0.418873 0.178432 
vt 0.418873 0.170554 
vt 0.406357 0.186311 
vt 0.365682 0.178432 
vt 0.365682 0.186311 
vt 0.362553 0.178432 
vt 0.362553 0.186311 
vt 0.359424 0.178432 
vt 0.36881 0.186311 
vt 0.371939 0.194189 
vt 0.36881 0.194189 
vt 0.365682 0.194189 
vt 0.362553 0.194189 
vt 0.376633 0.194189 
vt 0.359424 0.186311 
vt 0.356295 0.178432 
vt 0.356295 0.186311 
vt 0.353166 0.178432 
vt 0.353166 0.186311 
vt 0.359424 0.194189 
vt 0.356295 0.194189 
vt 0.353166 0.194189 
vt 0.345934 0.132086 
vt 0.347657 0.132086 
vt 0.346796 0.152678 
vt 0.34936 0.132566 
vt 0.351006 0.133513 
vt 0.381326 0.194189 
vt 0.393842 0.194189 
vt 0.406357 0.194189 
vt 0.357808 0.147197 
vt 0.35832 0.153538 
vt 0.357808 0.159879 
vt 0.400099 0.194189 
vt 0.356748 0.142812 
vt 0.412615 0.194189 
vt 0.351006 0.173563 
vt 0.347657 0.17499 
vt 0.418873 0.194189 
vt 0.352558 0.134908 
vt 0.355244 0.138906 
vt 0.353981 0.13672 
vt 0.356318 0.165656 
vt 0.353981 0.170357 
vt 0.301608 0.28514 
vt 0.206377 0.0238892 
vt 0.350037 0.0617841 
vt 0.350037 0.0691104 
vt 0.346908 0.0617841 
vt 0.346908 0.0691104 
vt 0.356429 0.127419 
vt 0.354783 0.126472 
vt 0.343779 0.0617841 
vt 0.350037 0.0760133 
vt 0.202765 0.00240016 
vt 0.346908 0.0760133 
vt 0.343779 0.0691104 
vt 0.34065 0.0617841 
vt 0.34065 0.0691104 
vt 0.343779 0.0760133 
vt 0.337521 0.0617841 
vt 0.337521 0.0691104 
vt 0.334393 0.0617841 
vt 0.353231 0.125077 
vt 0.351808 0.123265 
vt 0.350545 0.121079 
vt 0.350545 0.0918149 
vt 0.353231 0.0878168 
vt 0.356429 0.0854741 
vt 0.293717 0.0691104 
vt 0.287459 0.0617841 
vt 0.293717 0.0617841 
vt 0.287459 0.0691104 
vt 0.287459 0.0760133 
vt 0.293717 0.0760133 
vt 0.293717 0.0838916 
vt 0.287459 0.0838916 
vt 0.287459 0.0917701 
vt 0.293717 0.0917701 
vt 0.349471 0.118565 
vt 0.348296 0.114284 
vt 0.347598 0.109653 
vt 0.347598 0.103241 
vt 0.34861 0.097113 
vt 0.299975 0.0691104 
vt 0.299975 0.0617841 
vt 0.306233 0.0617841 
vt 0.299975 0.0760133 
vt 0.299975 0.0838916 
vt 0.299975 0.0917701 
vt 0.293717 0.0996485 
vt 0.287459 0.0996485 
vt 0.34065 0.0760133 
vt 0.334393 0.0691104 
vt 0.337521 0.0760133 
vt 0.329699 0.0617841 
vt 0.329699 0.0691104 
vt 0.325006 0.0617841 
vt 0.325006 0.0691104 
vt 0.168243 0.00240016 
vt 0.15682 0.0240188 
vt 0.156736 0.00240016 
vt 0.334393 0.0760133 
vt 0.329699 0.0760133 
vt 0.329699 0.0838916 
vt 0.325006 0.0760133 
vt 0.145392 0.0241848 
vt 0.145392 0.00240016 
vt 0.145392 0.045665 
vt 0.334393 0.0838916 
vt 0.329699 0.0917701 
vt 0.325006 0.0838916 
vt 0.325006 0.0917701 
vt 0.318748 0.0760133 
vt 0.318748 0.0691104 
vt 0.31249 0.0617841 
vt 0.318748 0.0617841 
vt 0.31249 0.0691104 
vt 0.306233 0.0691104 
vt 0.306233 0.0760133 
vt 0.306233 0.0838916 
vt 0.306233 0.0917701 
vt 0.31249 0.0760133 
vt 0.318748 0.0838916 
vt 0.31249 0.0838916 
vt 0.318748 0.0917701 
vt 0.31249 0.0917701 
vt 0.156865 0.0455643 
vt 0.334393 0.0917701 
vt 0.306233 0.0996485 
vt 0.145392 0.0671449 
vt 0.156877 0.0670688 
vt 0.145392 0.0886249 
vt 0.31249 0.0996485 
vt 0.299975 0.0996485 
vt 0.334393 0.0996485 
vt 0.325006 0.0996485 
vt 0.318748 0.0996485 
vt 0.334393 0.110153 
vt 0.329699 0.0996485 
vt 0.329699 0.110153 
vt 0.204937 0.228892 
vt 0.204996 0.238688 
vt 0.204905 0.217096 
vt 0.203092 0.26016 
vt 0.195095 0.217115 
vt 0.195065 0.228906 
vt 0.19494 0.238698 
vt 0.186378 0.228927 
vt 0.18655 0.217145 
vt 0.17743 0.238717 
vt 0.177021 0.217308 
vt 0.191584 0.26016 
vt 0.180077 0.26016 
vt 0.16857 0.26016 
vt 0.287459 0.163505 
vt 0.287459 0.156111 
vt 0.293717 0.163505 
vt 0.293717 0.156111 
vt 0.293717 0.131162 
vt 0.287459 0.131162 
vt 0.293717 0.170554 
vt 0.293717 0.178432 
vt 0.287459 0.186311 
vt 0.287459 0.178432 
vt 0.299975 0.178432 
vt 0.293717 0.186311 
vt 0.299975 0.170554 
vt 0.287459 0.170554 
vt 0.299975 0.163505 
vt 0.299975 0.156111 
vt 0.299975 0.131162 
vt 0.306233 0.163505 
vt 0.167942 0.238743 
vt 0.157062 0.26016 
vt 0.306233 0.178432 
vt 0.306233 0.170554 
vt 0.299975 0.186311 
vt 0.350037 0.186311 
vt 0.350037 0.178432 
vt 0.346908 0.178432 
vt 0.346908 0.186311 
vt 0.350037 0.194189 
vt 0.346908 0.194189 
vt 0.343779 0.186311 
vt 0.343779 0.194189 
vt 0.344231 0.132566 
vt 0.342585 0.133513 
vt 0.341033 0.134908 
vt 0.343779 0.178432 
vt 0.34065 0.186311 
vt 0.34065 0.178432 
vt 0.337521 0.178432 
vt 0.337521 0.186311 
vt 0.334393 0.186311 
vt 0.334393 0.194189 
vt 0.34065 0.194189 
vt 0.337521 0.194189 
vt 0.329699 0.186311 
vt 0.329699 0.194189 
vt 0.344231 0.174511 
vt 0.293717 0.194189 
vt 0.299975 0.194189 
vt 0.287459 0.194189 
vt 0.338348 0.16817 
vt 0.336413 0.162872 
vt 0.33961 0.136719 
vt 0.338348 0.138906 
vt 0.337274 0.14142 
vt 0.336098 0.145701 
vt 0.341033 0.172168 
vt 0.3354 0.150332 
vt 0.31249 0.186311 
vt 0.306233 0.194189 
vt 0.306233 0.186311 
vt 0.325006 0.186311 
vt 0.325006 0.194189 
vt 0.318748 0.194189 
vt 0.318748 0.186311 
vt 0.31249 0.194189 
vt 0.3354 0.156744 
vt 0.156892 0.11005 
vt 0.156897 0.131532 
vt 0.145392 0.110105 
vt 0.145392 0.131585 
vt 0.156903 0.153009 
vt 0.156886 0.0885645 
vt 0.334393 0.141667 
vt 0.329699 0.131162 
vt 0.334393 0.131162 
vt 0.334393 0.120658 
vt 0.329699 0.120658 
vt 0.145392 0.153065 
vt 0.156909 0.174482 
vt 0.156919 0.195942 
vt 0.145392 0.174545 
vt 0.145392 0.196025 
vt 0.334393 0.156111 
vt 0.329699 0.149407 
vt 0.334393 0.149407 
vt 0.329699 0.141667 
vt 0.329699 0.156111 
vt 0.306233 0.131162 
vt 0.31249 0.131162 
vt 0.31249 0.156111 
vt 0.306233 0.156111 
vt 0.325006 0.156111 
vt 0.325006 0.131162 
vt 0.318748 0.131162 
vt 0.318748 0.156111 
vt 0.145392 0.238985 
vt 0.156932 0.217393 
vt 0.156964 0.238812 
vt 0.145392 0.217505 
vt 0.334393 0.178432 
vt 0.145392 0.26016 
vt 0.329699 0.178432 
vt 0.325006 0.178432 
vt 0.329699 0.170554 
vt 0.329699 0.163505 
vt 0.334393 0.163505 
vt 0.325006 0.163505 
vt 0.334393 0.170554 
vt 0.325006 0.170554 
vt 0.31249 0.170554 
vt 0.31249 0.178432 
vt 0.31249 0.163505 
vt 0.318748 0.178432 
vt 0.318748 0.163505 
vt 0.318748 0.170554 
vt 0.219982 0.0496618 
vt 0.219377 0.0623798 
vt 0.214331 0.0495603 
vt 0.214305 0.0297959 
vt 0.214347 0.0624385 
vt 0.300473 0.285162 
vt 0.300329 0.290433 
vt 0.30078 0.285134 
vt 0.299949 0.290537 
vt 0.300412 0.293662 
vt 0.300399 0.29181 
vt 0.300055 0.291849 
vt 0.300693 0.290427 
vt 0.300739 0.293664 
vt 0.300733 0.291792 
vt 0.30118 0.293669 
vt 0.301182 0.291791 
vt 0.301184 0.290434 
vt 0.385142 0.297457 
vt 0.380542 0.297022 
vt 0.383359 0.290881 
vt 0.387294 0.290881 
vt 0.2183 0.0840558 
vt 0.219751 0.096382 
vt 0.214391 0.0963178 
vt 0.377953 0.309833 
vt 0.383083 0.309833 
vt 0.214376 0.0840608 
vt 0.300066 0.293659 
vt 0.299681 0.293656 
vt 0.300973 0.303277 
vt 0.301154 0.303279 
vt 0.301167 0.300791 
vt 0.299557 0.29063 
vt 0.299677 0.291913 
vt 0.299302 0.291988 
vt 0.299295 0.293652 
vt 0.255517 0.375921 
vt 0.251692 0.360614 
vt 0.254555 0.360273 
vt 0.250557 0.355319 
vt 0.251465 0.350825 
vt 0.256327 0.357168 
vt 0.26187 0.373617 
vt 0.245558 0.376342 
vt 0.263684 0.402139 
vt 0.258473 0.402504 
vt 0.259551 0.375577 
vt 0.25942 0.431154 
vt 0.266175 0.401143 
vt 0.267444 0.430799 
vt 0.264895 0.430938 
vt 0.258731 0.459862 
vt 0.263843 0.459869 
vt 0.260504 0.484679 
vt 0.256241 0.4845 
vt 0.26636 0.460539 
vt 0.262822 0.48655 
vt 0.245702 0.402965 
vt 0.245946 0.459869 
vt 0.245841 0.431423 
vt 0.254412 0.502122 
vt 0.251694 0.501914 
vt 0.250715 0.506774 
vt 0.245972 0.484351 
vt 0.25628 0.505446 
vt 0.251556 0.511092 
vt 0.245438 0.354108 
vt 0.245469 0.360712 
vt 0.24031 0.355446 
vt 0.239413 0.351351 
vt 0.2454 0.349383 
vt 0.234576 0.357501 
vt 0.214408 0.110205 
vt 0.236421 0.360667 
vt 0.231489 0.376125 
vt 0.229153 0.374229 
vt 0.300716 0.295521 
vt 0.300366 0.295522 
vt 0.301176 0.295521 
vt 0.235489 0.376296 
vt 0.232688 0.402923 
vt 0.232008 0.431515 
vt 0.232931 0.46008 
vt 0.227794 0.460162 
vt 0.235954 0.484567 
vt 0.231717 0.484743 
vt 0.227518 0.402753 
vt 0.22502 0.401828 
vt 0.226571 0.431471 
vt 0.22402 0.431338 
vt 0.225281 0.460872 
vt 0.229397 0.486638 
vt 0.245973 0.501911 
vt 0.245956 0.507961 
vt 0.241226 0.506661 
vt 0.240264 0.510915 
vt 0.245915 0.512673 
vt 0.301632 0.291798 
vt 0.301966 0.29182 
vt 0.301618 0.293669 
vt 0.301675 0.290433 
vt 0.302039 0.290443 
vt 0.30231 0.291864 
vt 0.301946 0.29367 
vt 0.302679 0.293675 
vt 0.302291 0.293672 
vt 0.195438 0.0239019 
vt 0.206377 0.0238892 
vt 0.197069 0.030872 
vt 0.186361 0.0327344 
vt 0.30224 0.285301 
vt 0.30281 0.290649 
vt 0.30259 0.285432 
vt 0.303223 0.290795 
vt 0.302976 0.285605 
vt 0.183394 0.0239152 
vt 0.303549 0.29094 
vt 0.303296 0.285757 
vt 0.302418 0.290551 
vt 0.302685 0.29193 
vt 0.303061 0.292009 
vt 0.303064 0.293675 
vt 0.303369 0.293674 
vt 0.30336 0.29208 
vt 0.306163 0.297533 
vt 0.305562 0.296841 
vt 0.304246 0.301826 
vt 0.30383 0.293197 
vt 0.303724 0.292028 
vt 0.304721 0.3027 
vt 0.303834 0.300993 
vt 0.304923 0.296156 
vt 0.301637 0.295527 
vt 0.301987 0.295532 
vt 0.302372 0.295457 
vt 0.239253 0.360829 
vt 0.245469 0.360712 
vt 0.245558 0.376342 
vt 0.24031 0.355446 
vt 0.236421 0.360667 
vt 0.235489 0.376296 
vt 0.231717 0.484743 
vt 0.235954 0.484567 
vt 0.237571 0.502019 
vt 0.245972 0.484351 
vt 0.245973 0.501911 
vt 0.240257 0.501889 
vt 0.241226 0.506661 
vt 0.240264 0.510915 
vt 0.235722 0.505154 
vt 0.229397 0.486638 
vt 0.373915 0.297193 
vt 0.380542 0.297022 
vt 0.377953 0.309833 
vt 0.214331 0.0495603 
vt 0.214347 0.0624385 
vt 0.209317 0.0624184 
vt 0.208681 0.0496951 
vt 0.214305 0.0297959 
vt 0.207372 0.0299201 
vt 0.214359 0.0708554 
vt 0.21041 0.0709009 
vt 0.375233 0.282883 
vt 0.367668 0.274163 
vt 0.374506 0.274163 
vt 0.201771 0.0498986 
vt 0.203847 0.0624187 
vt 0.206418 0.0709277 
vt 0.202575 0.0709453 
vt 0.374977 0.290881 
vt 0.366858 0.297338 
vt 0.367414 0.290881 
vt 0.192253 0.507961 
vt 0.196984 0.506661 
vt 0.197946 0.510915 
vt 0.192295 0.512673 
vt 0.186654 0.511092 
vt 0.187494 0.506774 
vt 0.301608 0.28514 
vt 0.30134 0.28255 
vt 0.301188 0.282548 
vt 0.301914 0.285172 
vt 0.201771 0.0498986 
vt 0.197069 0.030872 
vt 0.207372 0.0299201 
vt 0.301504 0.282562 
vt 0.30224 0.285301 
vt 0.198421 0.0625616 
vt 0.203847 0.0624187 
vt 0.202575 0.0709453 
vt 0.368279 0.282972 
vt 0.359087 0.274163 
vt 0.367668 0.274163 
vt 0.301663 0.282581 
vt 0.202765 0.00240016 
vt 0.206377 0.0238892 
vt 0.195438 0.0239019 
vt 0.381962 0.282929 
vt 0.374506 0.274163 
vt 0.382193 0.274163 
vt 0.383359 0.290881 
vt 0.380542 0.297022 
vt 0.373915 0.297193 
vt 0.383363 0.288155 
vt 0.375233 0.282883 
vt 0.374869 0.288155 
vt 0.210452 0.0840905 
vt 0.214376 0.0840608 
vt 0.214391 0.0963178 
vt 0.370672 0.309833 
vt 0.377953 0.309833 
vt 0.209032 0.0964284 
vt 0.20651 0.084084 
vt 0.374977 0.290881 
vt 0.366858 0.297338 
vt 0.36278 0.309833 
vt 0.367414 0.290881 
vt 0.360072 0.29728 
vt 0.361224 0.282698 
vt 0.367208 0.288155 
vt 0.360464 0.290881 
vt 0.352196 0.297454 
vt 0.203952 0.0964214 
vt 0.202642 0.0840973 
vt 0.355537 0.309833 
vt 0.360169 0.288155 
vt 0.301167 0.300791 
vt 0.301154 0.303279 
vt 0.301342 0.30328 
vt 0.30147 0.300761 
vt 0.301535 0.303258 
vt 0.301778 0.300701 
vt 0.301723 0.303213 
vt 0.30259 0.285432 
vt 0.353638 0.290881 
vt 0.198033 0.0964006 
vt 0.302063 0.300538 
vt 0.301918 0.303147 
vt 0.191258 0.00240016 
vt 0.183394 0.0239152 
vt 0.17975 0.00240016 
vt 0.303613 0.295308 
vt 0.303369 0.293674 
vt 0.303064 0.293675 
vt 0.172126 0.0239342 
vt 0.168243 0.00240016 
vt 0.15682 0.0240188 
vt 0.162327 0.0764213 
vt 0.156877 0.0670688 
vt 0.162907 0.0640919 
vt 0.156886 0.0885645 
vt 0.156865 0.0455643 
vt 0.214408 0.110205 
vt 0.353101 0.282624 
vt 0.361224 0.282698 
vt 0.360169 0.288155 
vt 0.198421 0.0625616 
vt 0.202575 0.0709453 
vt 0.198529 0.071094 
vt 0.193668 0.0505712 
vt 0.203847 0.0624187 
vt 0.192341 0.0628452 
vt 0.187361 0.0634835 
vt 0.194584 0.071342 
vt 0.201771 0.0498986 
vt 0.197069 0.030872 
vt 0.186988 0.0516355 
vt 0.301663 0.282581 
vt 0.30259 0.285432 
vt 0.301818 0.282609 
vt 0.349489 0.274163 
vt 0.359087 0.274163 
vt 0.340888 0.274163 
vt 0.344526 0.283306 
vt 0.302976 0.285605 
vt 0.301951 0.282636 
vt 0.336749 0.286729 
vt 0.182332 0.0648116 
vt 0.191144 0.0721005 
vt 0.179321 0.0709859 
vt 0.189692 0.0737608 
vt 0.33045 0.274163 
vt 0.335185 0.28756 
vt 0.334239 0.289263 
vt 0.326451 0.280511 
vt 0.322784 0.289458 
vt 0.303834 0.300993 
vt 0.30231 0.302962 
vt 0.30227 0.30301 
vt 0.178273 0.0780709 
vt 0.188957 0.0768377 
vt 0.303296 0.285757 
vt 0.302045 0.282658 
vt 0.186361 0.0327344 
vt 0.179571 0.0537431 
vt 0.177948 0.0356321 
vt 0.175169 0.0575091 
vt 0.304721 0.3027 
vt 0.304246 0.301826 
vt 0.302185 0.303159 
vt 0.30227 0.30301 
vt 0.303834 0.300993 
vt 0.171204 0.0671564 
vt 0.337136 0.288805 
vt 0.353309 0.288155 
vt 0.353638 0.290881 
vt 0.352196 0.297454 
vt 0.343959 0.296738 
vt 0.346401 0.288155 
vt 0.346593 0.290881 
vt 0.346064 0.309833 
vt 0.355537 0.309833 
vt 0.198403 0.08386 
vt 0.202642 0.0840973 
vt 0.198033 0.0964006 
vt 0.191151 0.0959209 
vt 0.338545 0.309833 
vt 0.336868 0.295402 
vt 0.337965 0.290881 
vt 0.334873 0.29209 
vt 0.325744 0.302089 
vt 0.337965 0.288155 
vt 0.337126 0.290242 
vt 0.331025 0.309833 
vt 0.194384 0.083408 
vt 0.184941 0.0941758 
vt 0.191007 0.0823087 
vt 0.336473 0.289458 
vt 0.18958 0.0803386 
vt 0.17864 0.0845031 
vt 0.181515 0.0904127 
vt 0.183394 0.0239152 
vt 0.172126 0.0239342 
vt 0.170426 0.041469 
vt 0.15682 0.0240188 
vt 0.166039 0.0489621 
vt 0.162907 0.0640919 
vt 0.156865 0.0455643 
vt 0.16903 0.0772126 
vt 0.162327 0.0764213 
vt 0.162983 0.0896747 
vt 0.177753 0.104993 
vt 0.173598 0.0988287 
vt 0.17609 0.123921 
vt 0.167076 0.123993 
vt 0.164925 0.107001 
vt 0.156892 0.11005 
vt 0.156886 0.0885645 
vt 0.302387 0.300354 
vt 0.301918 0.303147 
vt 0.302077 0.303082 
vt 0.302702 0.300143 
vt 0.302177 0.303037 
vt 0.303834 0.300993 
vt 0.303375 0.300463 
vt 0.30231 0.302962 
vt 0.302953 0.299967 
vt 0.302279 0.302985 
vt 0.178273 0.0780709 
vt 0.17864 0.0845031 
vt 0.169894 0.0887539 
vt 0.303064 0.293675 
vt 0.302679 0.293675 
vt 0.302818 0.295418 
vt 0.304282 0.295687 
vt 0.303613 0.295308 
vt 0.303724 0.294277 
vt 0.303369 0.293674 
vt 0.30383 0.293197 
vt 0.304923 0.296156 
vt 0.16903 0.0772126 
vt 0.162983 0.0896747 
vt 0.209032 0.0964284 
vt 0.214408 0.110205 
vt 0.20731 0.110183 
vt 0.203952 0.0964214 
vt 0.200461 0.110021 
vt 0.205925 0.12373 
vt 0.214424 0.123733 
vt 0.203633 0.357501 
vt 0.209056 0.374229 
vt 0.201788 0.360667 
vt 0.20272 0.376296 
vt 0.198956 0.360829 
vt 0.198797 0.351351 
vt 0.192771 0.354108 
vt 0.192809 0.349383 
vt 0.186745 0.350825 
vt 0.197061 0.123774 
vt 0.1979 0.355446 
vt 0.192741 0.360712 
vt 0.192651 0.376342 
vt 0.302372 0.295457 
vt 0.302063 0.300538 
vt 0.206721 0.376125 
vt 0.210691 0.402753 
vt 0.21419 0.431338 
vt 0.211639 0.431471 
vt 0.21319 0.401828 
vt 0.205521 0.402923 
vt 0.206201 0.431515 
vt 0.212928 0.460872 
vt 0.210416 0.460162 
vt 0.192507 0.402965 
vt 0.192369 0.431423 
vt 0.205278 0.46008 
vt 0.202255 0.484567 
vt 0.192264 0.459869 
vt 0.192237 0.484351 
vt 0.197953 0.501889 
vt 0.196984 0.506661 
vt 0.192236 0.501911 
vt 0.192253 0.507961 
vt 0.187652 0.355319 
vt 0.198033 0.0964006 
vt 0.192253 0.109674 
vt 0.183655 0.360273 
vt 0.186517 0.360614 
vt 0.182693 0.375921 
vt 0.181882 0.357168 
vt 0.17634 0.373617 
vt 0.191151 0.0959209 
vt 0.184194 0.108588 
vt 0.186964 0.123772 
vt 0.177753 0.104993 
vt 0.17609 0.123921 
vt 0.30326 0.295367 
vt 0.173598 0.0988287 
vt 0.179736 0.402504 
vt 0.179478 0.459862 
vt 0.181968 0.4845 
vt 0.186516 0.501914 
vt 0.187494 0.506774 
vt 0.183797 0.502122 
vt 0.17879 0.431154 
vt 0.178658 0.375577 
vt 0.174525 0.402139 
vt 0.172035 0.401143 
vt 0.173315 0.430938 
vt 0.177705 0.484679 
vt 0.174367 0.459869 
vt 0.186654 0.511092 
vt 0.170766 0.430799 
vt 0.171849 0.460539 
vt 0.175388 0.48655 
vt 0.18193 0.505446 
vt 0.164925 0.107001 
vt 0.210416 0.460162 
vt 0.206492 0.484743 
vt 0.205278 0.46008 
vt 0.212928 0.460872 
vt 0.208813 0.486638 
vt 0.202255 0.484567 
vt 0.200639 0.502019 
vt 0.202487 0.505154 
vt 0.197953 0.501889 
vt 0.197946 0.510915 
vt 0.196984 0.506661 

usemtl Rig7Mtl

f 3533/3533/3533 3534/3534/3534 3535/3535/3535 
f 3535/3535/3535 3534/3534/3534 3635/3635/3635 
f 3295/3295/3295 3296/3296/3296 3297/3297/3297 
f 3295/3295/3295 3298/3298/3298 3296/3296/3296 
f 3297/3297/3297 3296/3296/3296 3299/3299/3299 
f 3298/3298/3298 3295/3295/3295 3303/3303/3303 
f 3307/3307/3307 3298/3298/3298 3303/3303/3303 
f 3314/3314/3314 3307/3307/3307 3303/3303/3303 
f 3314/3314/3314 3315/3315/3315 3307/3307/3307 
f 3314/3314/3314 3378/3378/3378 3315/3315/3315 
f 3378/3378/3378 3379/3379/3379 3315/3315/3315 
f 3378/3378/3378 3384/3384/3384 3379/3379/3379 
f 3378/3378/3378 3382/3382/3382 3384/3384/3384 
f 3382/3382/3382 3383/3383/3383 3384/3384/3384 
f 3494/3494/3494 3382/3382/3382 3378/3378/3378 
f 3494/3494/3494 3383/3383/3383 3382/3382/3382 
f 3314/3314/3314 3385/3385/3385 3378/3378/3378 
f 3385/3385/3385 3494/3494/3494 3378/3378/3378 
f 3494/3494/3494 3482/3482/3482 3383/3383/3383 
f 3482/3482/3482 3483/3483/3483 3383/3383/3383 
f 3494/3494/3494 3501/3501/3501 3482/3482/3482 
f 3482/3482/3482 3501/3501/3501 3491/3491/3491 
f 3536/3536/3536 3494/3494/3494 3385/3385/3385 
f 3494/3494/3494 3536/3536/3536 3501/3501/3501 
f 3314/3314/3314 3447/3447/3447 3385/3385/3385 
f 3447/3447/3447 3314/3314/3314 3303/3303/3303 
f 3449/3449/3449 3536/3536/3536 3385/3385/3385 
f 3447/3447/3447 3449/3449/3449 3385/3385/3385 
f 3537/3537/3537 3536/3536/3536 3449/3449/3449 
f 3536/3536/3536 3537/3537/3537 3501/3501/3501 
f 3463/3463/3463 3537/3537/3537 3449/3449/3449 
f 3537/3537/3537 3538/3538/3538 3501/3501/3501 
f 3463/3463/3463 3449/3449/3449 3448/3448/3448 
f 3447/3447/3447 3448/3448/3448 3449/3449/3449 
f 3463/3463/3463 3448/3448/3448 3450/3450/3450 
f 3340/3340/3340 3447/3447/3447 3303/3303/3303 
f 3448/3448/3448 3447/3447/3447 3340/3340/3340 
f 3340/3340/3340 3303/3303/3303 3295/3295/3295 
f 3444/3444/3444 3450/3450/3450 3448/3448/3448 
f 3444/3444/3444 3448/3448/3448 3340/3340/3340 
f 3446/3446/3446 3450/3450/3450 3444/3444/3444 
f 3335/3335/3335 3340/3340/3340 3295/3295/3295 
f 3335/3335/3335 3444/3444/3444 3340/3340/3340 
f 3446/3446/3446 3444/3444/3444 3445/3445/3445 
f 3335/3335/3335 3445/3445/3445 3444/3444/3444 
f 3440/3440/3440 3446/3446/3446 3445/3445/3445 
f 3297/3297/3297 3335/3335/3335 3295/3295/3295 
f 3440/3440/3440 3445/3445/3445 3441/3441/3441 
f 3441/3441/3441 3445/3445/3445 3335/3335/3335 
f 3440/3440/3440 3441/3441/3441 3442/3442/3442 
f 3297/3297/3297 3334/3334/3334 3335/3335/3335 
f 3334/3334/3334 3441/3441/3441 3335/3335/3335 
f 3441/3441/3441 3337/3337/3337 3442/3442/3442 
f 3337/3337/3337 3441/3441/3441 3334/3334/3334 
f 3442/3442/3442 3337/3337/3337 3443/3443/3443 
f 3300/3300/3300 3334/3334/3334 3297/3297/3297 
f 3300/3300/3300 3337/3337/3337 3334/3334/3334 
f 3337/3337/3337 3336/3336/3336 3443/3443/3443 
f 3336/3336/3336 3337/3337/3337 3300/3300/3300 
f 3443/3443/3443 3336/3336/3336 3346/3346/3346 
f 3301/3301/3301 3300/3300/3300 3297/3297/3297 
f 3297/3297/3297 3299/3299/3299 3301/3301/3301 
f 3301/3301/3301 3299/3299/3299 3317/3317/3317 
f 3300/3300/3300 3301/3301/3301 3302/3302/3302 
f 3336/3336/3336 3300/3300/3300 3302/3302/3302 
f 3301/3301/3301 3317/3317/3317 3318/3318/3318 
f 3301/3301/3301 3318/3318/3318 3302/3302/3302 
f 3318/3318/3318 3317/3317/3317 3319/3319/3319 
f 3302/3302/3302 3318/3318/3318 3319/3319/3319 
f 3317/3317/3317 3399/3399/3399 3319/3319/3319 
f 3319/3319/3319 3399/3399/3399 3398/3398/3398 
f 3319/3319/3319 3398/3398/3398 3394/3394/3394 
f 3394/3394/3394 3398/3398/3398 3406/3406/3406 
f 3394/3394/3394 3406/3406/3406 3407/3407/3407 
f 3394/3394/3394 3320/3320/3320 3319/3319/3319 
f 3302/3302/3302 3319/3319/3319 3320/3320/3320 
f 3320/3320/3320 3321/3321/3321 3302/3302/3302 
f 3321/3321/3321 3336/3336/3336 3302/3302/3302 
f 3336/3336/3336 3321/3321/3321 3346/3346/3346 
f 3395/3395/3395 3321/3321/3321 3320/3320/3320 
f 3346/3346/3346 3321/3321/3321 3347/3347/3347 
f 3321/3321/3321 3395/3395/3395 3347/3347/3347 
f 3404/3404/3404 3347/3347/3347 3395/3395/3395 
f 3404/3404/3404 3395/3395/3395 3405/3405/3405 
f 3552/3552/3552 3404/3404/3404 3405/3405/3405 
f 3552/3552/3552 3553/3553/3553 3404/3404/3404 
f 3553/3553/3553 3552/3552/3552 3557/3557/3557 
f 3308/3308/3308 3309/3309/3309 3310/3310/3310 
f 3309/3309/3309 3316/3316/3316 3310/3310/3310 
f 3310/3310/3310 3316/3316/3316 3360/3360/3360 
f 3308/3308/3308 3312/3312/3312 3309/3309/3309 
f 3359/3359/3359 3310/3310/3310 3360/3360/3360 
f 3359/3359/3359 3360/3360/3360 3367/3367/3367 
f 3359/3359/3359 3367/3367/3367 3361/3361/3361 
f 3359/3359/3359 3361/3361/3361 3362/3362/3362 
f 3362/3362/3362 3361/3361/3361 3364/3364/3364 
f 3361/3361/3361 3363/3363/3363 3364/3364/3364 
f 3364/3364/3364 3363/3363/3363 3370/3370/3370 
f 3363/3363/3363 3369/3369/3369 3370/3370/3370 
f 3370/3370/3370 3369/3369/3369 3371/3371/3371 
f 3308/3308/3308 3310/3310/3310 3366/3366/3366 
f 3310/3310/3310 3377/3377/3377 3366/3366/3366 
f 3365/3365/3365 3308/3308/3308 3366/3366/3366 
f 3365/3365/3365 3311/3311/3311 3308/3308/3308 
f 3308/3308/3308 3311/3311/3311 3312/3312/3312 
f 3368/3368/3368 3311/3311/3311 3365/3365/3365 
f 3311/3311/3311 3313/3313/3313 3312/3312/3312 
f 3368/3368/3368 3329/3329/3329 3311/3311/3311 
f 3311/3311/3311 3329/3329/3329 3313/3313/3313 
f 3372/3372/3372 3329/3329/3329 3368/3368/3368 
f 3313/3313/3313 3329/3329/3329 3325/3325/3325 
f 3372/3372/3372 3325/3325/3325 3329/3329/3329 
f 3313/3313/3313 3325/3325/3325 3326/3326/3326 
f 3325/3325/3325 3372/3372/3372 3373/3373/3373 
f 3326/3326/3326 3325/3325/3325 3327/3327/3327 
f 3325/3325/3325 3373/3373/3373 3327/3327/3327 
f 3327/3327/3327 3373/3373/3373 3428/3428/3428 
f 3326/3326/3326 3327/3327/3327 3328/3328/3328 
f 3327/3327/3327 3428/3428/3428 3400/3400/3400 
f 3327/3327/3327 3400/3400/3400 3328/3328/3328 
f 3400/3400/3400 3401/3401/3401 3328/3328/3328 
f 3401/3401/3401 3400/3400/3400 3402/3402/3402 
f 3401/3401/3401 3402/3402/3402 3403/3403/3403 
f 3403/3403/3403 3402/3402/3402 3408/3408/3408 
f 3403/3403/3403 3408/3408/3408 3409/3409/3409 
f 3415/3415/3415 3424/3424/3424 3425/3425/3425 
f 3554/3554/3554 3413/3413/3413 3427/3427/3427 
f 3414/3414/3414 3413/3413/3413 3554/3554/3554 
f 3554/3554/3554 3427/3427/3427 3572/3572/3572 
f 3572/3572/3572 3427/3427/3427 3436/3436/3436 
f 3555/3555/3555 3414/3414/3414 3554/3554/3554 
f 3424/3424/3424 3414/3414/3414 3555/3555/3555 
f 3556/3556/3556 3554/3554/3554 3572/3572/3572 
f 3555/3555/3555 3554/3554/3554 3556/3556/3556 
f 3572/3572/3572 3436/3436/3436 3573/3573/3573 
f 3573/3573/3573 3436/3436/3436 3437/3437/3437 
f 3556/3556/3556 3572/3572/3572 3574/3574/3574 
f 3573/3573/3573 3574/3574/3574 3572/3572/3572 
f 3560/3560/3560 3424/3424/3424 3555/3555/3555 
f 3424/3424/3424 3560/3560/3560 3425/3425/3425 
f 3560/3560/3560 3563/3563/3563 3425/3425/3425 
f 3555/3555/3555 3558/3558/3558 3560/3560/3560 
f 3558/3558/3558 3555/3555/3555 3556/3556/3556 
f 3560/3560/3560 3565/3565/3565 3563/3563/3563 
f 3558/3558/3558 3565/3565/3565 3560/3560/3560 
f 3565/3565/3565 3598/3598/3598 3563/3563/3563 
f 3558/3558/3558 3556/3556/3556 3559/3559/3559 
f 3559/3559/3559 3556/3556/3556 3574/3574/3574 
f 3565/3565/3565 3558/3558/3558 3570/3570/3570 
f 3570/3570/3570 3558/3558/3558 3559/3559/3559 
f 3565/3565/3565 3569/3569/3569 3598/3598/3598 
f 3569/3569/3569 3565/3565/3565 3570/3570/3570 
f 3569/3569/3569 3600/3600/3600 3598/3598/3598 
f 3600/3600/3600 3569/3569/3569 3601/3601/3601 
f 3600/3600/3600 3601/3601/3601 3606/3606/3606 
f 3569/3569/3569 3570/3570/3570 3584/3584/3584 
f 3601/3601/3601 3569/3569/3569 3584/3584/3584 
f 3570/3570/3570 3559/3559/3559 3571/3571/3571 
f 3584/3584/3584 3570/3570/3570 3571/3571/3571 
f 3601/3601/3601 3607/3607/3607 3606/3606/3606 
f 3607/3607/3607 3608/3608/3608 3606/3606/3606 
f 3584/3584/3584 3585/3585/3585 3601/3601/3601 
f 3585/3585/3585 3607/3607/3607 3601/3601/3601 
f 3584/3584/3584 3571/3571/3571 3586/3586/3586 
f 3585/3585/3585 3584/3584/3584 3586/3586/3586 
f 3607/3607/3607 3609/3609/3609 3608/3608/3608 
f 3609/3609/3609 3612/3612/3612 3608/3608/3608 
f 3585/3585/3585 3603/3603/3603 3607/3607/3607 
f 3603/3603/3603 3609/3609/3609 3607/3607/3607 
f 3585/3585/3585 3586/3586/3586 3588/3588/3588 
f 3603/3603/3603 3585/3585/3585 3588/3588/3588 
f 3609/3609/3609 3611/3611/3611 3612/3612/3612 
f 3611/3611/3611 3615/3615/3615 3612/3612/3612 
f 3609/3609/3609 3603/3603/3603 3604/3604/3604 
f 3609/3609/3609 3604/3604/3604 3611/3611/3611 
f 3590/3590/3590 3603/3603/3603 3588/3588/3588 
f 3590/3590/3590 3604/3604/3604 3603/3603/3603 
f 3615/3615/3615 3611/3611/3611 3613/3613/3613 
f 3615/3615/3615 3613/3613/3613 3616/3616/3616 
f 3611/3611/3611 3604/3604/3604 3610/3610/3610 
f 3611/3611/3611 3610/3610/3610 3613/3613/3613 
f 3604/3604/3604 3590/3590/3590 3602/3602/3602 
f 3610/3610/3610 3604/3604/3604 3602/3602/3602 
f 3591/3591/3591 3602/3602/3602 3590/3590/3590 
f 3610/3610/3610 3605/3605/3605 3613/3613/3613 
f 3610/3610/3610 3602/3602/3602 3605/3605/3605 
f 3613/3613/3613 3614/3614/3614 3616/3616/3616 
f 3605/3605/3605 3614/3614/3614 3613/3613/3613 
f 3614/3614/3614 3657/3657/3657 3616/3616/3616 
f 3602/3602/3602 3594/3594/3594 3605/3605/3605 
f 3594/3594/3594 3602/3602/3602 3591/3591/3591 
f 3614/3614/3614 3605/3605/3605 3597/3597/3597 
f 3605/3605/3605 3594/3594/3594 3597/3597/3597 
f 3657/3657/3657 3614/3614/3614 3655/3655/3655 
f 3614/3614/3614 3597/3597/3597 3655/3655/3655 
f 3657/3657/3657 3655/3655/3655 3656/3656/3656 
f 3591/3591/3591 3590/3590/3590 3589/3589/3589 
f 3589/3589/3589 3594/3594/3594 3591/3591/3591 
f 3589/3589/3589 3590/3590/3590 3588/3588/3588 
f 3594/3594/3594 3593/3593/3593 3597/3597/3597 
f 3593/3593/3593 3594/3594/3594 3589/3589/3589 
f 3655/3655/3655 3597/3597/3597 3596/3596/3596 
f 3597/3597/3597 3593/3593/3593 3596/3596/3596 
f 3655/3655/3655 3645/3645/3645 3656/3656/3656 
f 3655/3655/3655 3596/3596/3596 3645/3645/3645 
f 3645/3645/3645 3658/3658/3658 3656/3656/3656 
f 3645/3645/3645 3647/3647/3647 3658/3658/3658 
f 3645/3645/3645 3643/3643/3643 3647/3647/3647 
f 3645/3645/3645 3596/3596/3596 3643/3643/3643 
f 3644/3644/3644 3647/3647/3647 3643/3643/3643 
f 3644/3644/3644 3643/3643/3643 3632/3632/3632 
f 3631/3631/3631 3644/3644/3644 3632/3632/3632 
f 3596/3596/3596 3595/3595/3595 3643/3643/3643 
f 3595/3595/3595 3632/3632/3632 3643/3643/3643 
f 3631/3631/3631 3632/3632/3632 3625/3625/3625 
f 3624/3624/3624 3631/3631/3631 3625/3625/3625 
f 3623/3623/3623 3624/3624/3624 3625/3625/3625 
f 3632/3632/3632 3582/3582/3582 3625/3625/3625 
f 3595/3595/3595 3582/3582/3582 3632/3632/3632 
f 3625/3625/3625 3580/3580/3580 3623/3623/3623 
f 3582/3582/3582 3580/3580/3580 3625/3625/3625 
f 3580/3580/3580 3575/3575/3575 3623/3623/3623 
f 3575/3575/3575 3437/3437/3437 3623/3623/3623 
f 3573/3573/3573 3437/3437/3437 3575/3575/3575 
f 3575/3575/3575 3576/3576/3576 3573/3573/3573 
f 3575/3575/3575 3580/3580/3580 3576/3576/3576 
f 3573/3573/3573 3576/3576/3576 3574/3574/3574 
f 3582/3582/3582 3578/3578/3578 3580/3580/3580 
f 3578/3578/3578 3576/3576/3576 3580/3580/3580 
f 3574/3574/3574 3576/3576/3576 3577/3577/3577 
f 3576/3576/3576 3578/3578/3578 3577/3577/3577 
f 3559/3559/3559 3574/3574/3574 3577/3577/3577 
f 3559/3559/3559 3577/3577/3577 3579/3579/3579 
f 3577/3577/3577 3578/3578/3578 3579/3579/3579 
f 3571/3571/3571 3559/3559/3559 3579/3579/3579 
f 3581/3581/3581 3578/3578/3578 3582/3582/3582 
f 3578/3578/3578 3581/3581/3581 3579/3579/3579 
f 3581/3581/3581 3582/3582/3582 3595/3595/3595 
f 3571/3571/3571 3579/3579/3579 3583/3583/3583 
f 3581/3581/3581 3583/3583/3583 3579/3579/3579 
f 3586/3586/3586 3571/3571/3571 3583/3583/3583 
f 3595/3595/3595 3592/3592/3592 3581/3581/3581 
f 3581/3581/3581 3592/3592/3592 3583/3583/3583 
f 3595/3595/3595 3596/3596/3596 3592/3592/3592 
f 3593/3593/3593 3592/3592/3592 3596/3596/3596 
f 3592/3592/3592 3587/3587/3587 3583/3583/3583 
f 3592/3592/3592 3593/3593/3593 3587/3587/3587 
f 3586/3586/3586 3583/3583/3583 3587/3587/3587 
f 3593/3593/3593 3589/3589/3589 3587/3587/3587 
f 3588/3588/3588 3586/3586/3586 3587/3587/3587 
f 3589/3589/3589 3588/3588/3588 3587/3587/3587 
f 3484/3484/3484 3485/3485/3485 3486/3486/3486 
f 3484/3484/3484 3491/3491/3491 3485/3485/3485 
f 3488/3488/3488 3484/3484/3484 3486/3486/3486 
f 3491/3491/3491 3490/3490/3490 3485/3485/3485 
f 3501/3501/3501 3490/3490/3490 3491/3491/3491 
f 3488/3488/3488 3486/3486/3486 3492/3492/3492 
f 3514/3514/3514 3488/3488/3488 3492/3492/3492 
f 3501/3501/3501 3500/3500/3500 3490/3490/3490 
f 3500/3500/3500 3501/3501/3501 3538/3538/3538 
f 3500/3500/3500 3538/3538/3538 3541/3541/3541 
f 3500/3500/3500 3541/3541/3541 3509/3509/3509 
f 3541/3541/3541 3540/3540/3540 3509/3509/3509 
f 3497/3497/3497 3490/3490/3490 3500/3500/3500 
f 3509/3509/3509 3497/3497/3497 3500/3500/3500 
f 3539/3539/3539 3509/3509/3509 3540/3540/3540 
f 3542/3542/3542 3539/3539/3539 3540/3540/3540 
f 3508/3508/3508 3497/3497/3497 3509/3509/3509 
f 3539/3539/3539 3508/3508/3508 3509/3509/3509 
f 3539/3539/3539 3542/3542/3542 3543/3543/3543 
f 3505/3505/3505 3497/3497/3497 3508/3508/3508 
f 3489/3489/3489 3490/3490/3490 3497/3497/3497 
f 3505/3505/3505 3489/3489/3489 3497/3497/3497 
f 3489/3489/3489 3485/3485/3485 3490/3490/3490 
f 3544/3544/3544 3539/3539/3539 3543/3543/3543 
f 3544/3544/3544 3543/3543/3543 3545/3545/3545 
f 3544/3544/3544 3545/3545/3545 3546/3546/3546 
f 3544/3544/3544 3510/3510/3510 3539/3539/3539 
f 3544/3544/3544 3546/3546/3546 3510/3510/3510 
f 3510/3510/3510 3508/3508/3508 3539/3539/3539 
f 3546/3546/3546 3550/3550/3550 3510/3510/3510 
f 3508/3508/3508 3510/3510/3510 3505/3505/3505 
f 3510/3510/3510 3511/3511/3511 3505/3505/3505 
f 3505/3505/3505 3511/3511/3511 3507/3507/3507 
f 3505/3505/3505 3507/3507/3507 3506/3506/3506 
f 3489/3489/3489 3505/3505/3505 3506/3506/3506 
f 3506/3506/3506 3507/3507/3507 3513/3513/3513 
f 3487/3487/3487 3485/3485/3485 3489/3489/3489 
f 3487/3487/3487 3489/3489/3489 3506/3506/3506 
f 3487/3487/3487 3486/3486/3486 3485/3485/3485 
f 3506/3506/3506 3513/3513/3513 3512/3512/3512 
f 3512/3512/3512 3487/3487/3487 3506/3506/3506 
f 3493/3493/3493 3486/3486/3486 3487/3487/3487 
f 3512/3512/3512 3493/3493/3493 3487/3487/3487 
f 3493/3493/3493 3492/3492/3492 3486/3486/3486 
f 3512/3512/3512 3513/3513/3513 3531/3531/3531 
f 3531/3531/3531 3493/3493/3493 3512/3512/3512 
f 3513/3513/3513 3532/3532/3532 3531/3531/3531 
f 3531/3531/3531 3532/3532/3532 3634/3634/3634 
f 3531/3531/3531 3517/3517/3517 3493/3493/3493 
f 3517/3517/3517 3492/3492/3492 3493/3493/3493 
f 3531/3531/3531 3634/3634/3634 3633/3633/3633 
f 3517/3517/3517 3515/3515/3515 3492/3492/3492 
f 3514/3514/3514 3492/3492/3492 3515/3515/3515 
f 3514/3514/3514 3515/3515/3515 3516/3516/3516 
f 3617/3617/3617 3516/3516/3516 3515/3515/3515 
f 3618/3618/3618 3617/3617/3617 3515/3515/3515 
f 3618/3618/3618 3515/3515/3515 3517/3517/3517 
f 3620/3620/3620 3617/3617/3617 3618/3618/3618 
f 3619/3619/3619 3517/3517/3517 3531/3531/3531 
f 3619/3619/3619 3618/3618/3618 3517/3517/3517 
f 3619/3619/3619 3531/3531/3531 3633/3633/3633 
f 3621/3621/3621 3620/3620/3620 3618/3618/3618 
f 3621/3621/3621 3618/3618/3618 3619/3619/3619 
f 3638/3638/3638 3620/3620/3620 3621/3621/3621 
f 3636/3636/3636 3619/3619/3619 3633/3633/3633 
f 3636/3636/3636 3621/3621/3621 3619/3619/3619 
f 3638/3638/3638 3621/3621/3621 3639/3639/3639 
f 3639/3639/3639 3621/3621/3621 3636/3636/3636 
f 3641/3641/3641 3638/3638/3638 3639/3639/3639 
f 3637/3637/3637 3636/3636/3636 3633/3633/3633 
f 3633/3633/3633 3634/3634/3634 3637/3637/3637 
f 3634/3634/3634 3649/3649/3649 3637/3637/3637 
f 3636/3636/3636 3637/3637/3637 3640/3640/3640 
f 3640/3640/3640 3639/3639/3639 3636/3636/3636 
f 3637/3637/3637 3649/3649/3649 3650/3650/3650 
f 3637/3637/3637 3650/3650/3650 3640/3640/3640 
f 3649/3649/3649 3653/3653/3653 3650/3650/3650 
f 3641/3641/3641 3639/3639/3639 3642/3642/3642 
f 3642/3642/3642 3639/3639/3639 3640/3640/3640 
f 3659/3659/3659 3641/3641/3641 3642/3642/3642 
f 3653/3653/3653 3651/3651/3651 3650/3650/3650 
f 3659/3659/3659 3664/3664/3664 3665/3665/3665 
f 3664/3664/3664 3659/3659/3659 3648/3648/3648 
f 3648/3648/3648 3659/3659/3659 3642/3642/3642 
f 3666/3666/3666 3664/3664/3664 3648/3648/3648 
f 3642/3642/3642 3640/3640/3640 3646/3646/3646 
f 3646/3646/3646 3640/3640/3640 3650/3650/3650 
f 3648/3648/3648 3642/3642/3642 3646/3646/3646 
f 3654/3654/3654 3666/3666/3666 3648/3648/3648 
f 3648/3648/3648 3646/3646/3646 3654/3654/3654 
f 3654/3654/3654 3667/3667/3667 3666/3666/3666 
f 3646/3646/3646 3650/3650/3650 3652/3652/3652 
f 3654/3654/3654 3646/3646/3646 3652/3652/3652 
f 3651/3651/3651 3652/3652/3652 3650/3650/3650 
f 3667/3667/3667 3654/3654/3654 3660/3660/3660 
f 3654/3654/3654 3652/3652/3652 3660/3660/3660 
f 3660/3660/3660 3652/3652/3652 3651/3651/3651 
f 3667/3667/3667 3660/3660/3660 3668/3668/3668 
f 3670/3670/3670 3668/3668/3668 3660/3660/3660 
f 3661/3661/3661 3670/3670/3670 3660/3660/3660 
f 3661/3661/3661 3660/3660/3660 3651/3651/3651 
f 3669/3669/3669 3670/3670/3670 3661/3661/3661 
f 3669/3669/3669 3661/3661/3661 3663/3663/3663 
f 3663/3663/3663 3661/3661/3661 3651/3651/3651 
f 3662/3662/3662 3663/3663/3663 3651/3651/3651 
f 3341/3341/3341 3342/3342/3342 3343/3343/3343 
f 3390/3390/3390 3342/3342/3342 3341/3341/3341 
f 3341/3341/3341 3343/3343/3343 3469/3469/3469 
f 3390/3390/3390 3341/3341/3341 3469/3469/3469 
f 3343/3343/3343 3342/3342/3342 3344/3344/3344 
f 3389/3389/3389 3342/3342/3342 3390/3390/3390 
f 3469/3469/3469 3343/3343/3343 3459/3459/3459 
f 3389/3389/3389 3354/3354/3354 3342/3342/3342 
f 3342/3342/3342 3354/3354/3354 3344/3344/3344 
f 3343/3343/3343 3344/3344/3344 3468/3468/3468 
f 3459/3459/3459 3343/3343/3343 3468/3468/3468 
f 3344/3344/3344 3354/3354/3354 3353/3353/3353 
f 3462/3462/3462 3469/3469/3469 3459/3459/3459 
f 3468/3468/3468 3344/3344/3344 3352/3352/3352 
f 3344/3344/3344 3353/3353/3353 3352/3352/3352 
f 3462/3462/3462 3461/3461/3461 3469/3469/3469 
f 3461/3461/3461 3390/3390/3390 3469/3469/3469 
f 3459/3459/3459 3458/3458/3458 3462/3462/3462 
f 3390/3390/3390 3461/3461/3461 3475/3475/3475 
f 3390/3390/3390 3475/3475/3475 3389/3389/3389 
f 3462/3462/3462 3451/3451/3451 3461/3461/3461 
f 3458/3458/3458 3451/3451/3451 3462/3462/3462 
f 3461/3461/3461 3460/3460/3460 3475/3475/3475 
f 3451/3451/3451 3460/3460/3460 3461/3461/3461 
f 3451/3451/3451 3458/3458/3458 3452/3452/3452 
f 3451/3451/3451 3452/3452/3452 3453/3453/3453 
f 3460/3460/3460 3451/3451/3451 3453/3453/3453 
f 3452/3452/3452 3458/3458/3458 3457/3457/3457 
f 3547/3547/3547 3460/3460/3460 3453/3453/3453 
f 3458/3458/3458 3454/3454/3454 3457/3457/3457 
f 3454/3454/3454 3458/3458/3458 3459/3459/3459 
f 3454/3454/3454 3456/3456/3456 3457/3457/3457 
f 3454/3454/3454 3459/3459/3459 3468/3468/3468 
f 3454/3454/3454 3455/3455/3455 3456/3456/3456 
f 3455/3455/3455 3454/3454/3454 3468/3468/3468 
f 3455/3455/3455 3464/3464/3464 3456/3456/3456 
f 3352/3352/3352 3455/3455/3455 3468/3468/3468 
f 3455/3455/3455 3470/3470/3470 3464/3464/3464 
f 3470/3470/3470 3455/3455/3455 3352/3352/3352 
f 3470/3470/3470 3474/3474/3474 3464/3464/3464 
f 3348/3348/3348 3470/3470/3470 3352/3352/3352 
f 3470/3470/3470 3350/3350/3350 3474/3474/3474 
f 3470/3470/3470 3348/3348/3348 3350/3350/3350 
f 3350/3350/3350 3439/3439/3439 3474/3474/3474 
f 3352/3352/3352 3353/3353/3353 3348/3348/3348 
f 3350/3350/3350 3416/3416/3416 3439/3439/3439 
f 3416/3416/3416 3418/3418/3418 3439/3439/3439 
f 3348/3348/3348 3349/3349/3349 3350/3350/3350 
f 3350/3350/3350 3349/3349/3349 3416/3416/3416 
f 3353/3353/3353 3351/3351/3351 3348/3348/3348 
f 3348/3348/3348 3351/3351/3351 3349/3349/3349 
f 3353/3353/3353 3355/3355/3355 3351/3351/3351 
f 3354/3354/3354 3355/3355/3355 3353/3353/3353 
f 3416/3416/3416 3415/3415/3415 3418/3418/3418 
f 3415/3415/3415 3425/3425/3425 3418/3418/3418 
f 3349/3349/3349 3417/3417/3417 3416/3416/3416 
f 3415/3415/3415 3416/3416/3416 3417/3417/3417 
f 3351/3351/3351 3420/3420/3420 3349/3349/3349 
f 3349/3349/3349 3420/3420/3420 3417/3417/3417 
f 3355/3355/3355 3388/3388/3388 3351/3351/3351 
f 3351/3351/3351 3388/3388/3388 3420/3420/3420 
f 3386/3386/3386 3355/3355/3355 3354/3354/3354 
f 3386/3386/3386 3354/3354/3354 3389/3389/3389 
f 3387/3387/3387 3388/3388/3388 3355/3355/3355 
f 3387/3387/3387 3355/3355/3355 3386/3386/3386 
f 3393/3393/3393 3386/3386/3386 3389/3389/3389 
f 3475/3475/3475 3393/3393/3393 3389/3389/3389 
f 3391/3391/3391 3387/3387/3387 3386/3386/3386 
f 3391/3391/3391 3386/3386/3386 3393/3393/3393 
f 3548/3548/3548 3393/3393/3393 3475/3475/3475 
f 3460/3460/3460 3548/3548/3548 3475/3475/3475 
f 3548/3548/3548 3460/3460/3460 3547/3547/3547 
f 3548/3548/3548 3547/3547/3547 3549/3549/3549 
f 3495/3495/3495 3548/3548/3548 3549/3549/3549 
f 3548/3548/3548 3495/3495/3495 3393/3393/3393 
f 3495/3495/3495 3549/3549/3549 3551/3551/3551 
f 3495/3495/3495 3551/3551/3551 3498/3498/3498 
f 3495/3495/3495 3496/3496/3496 3393/3393/3393 
f 3496/3496/3496 3495/3495/3495 3498/3498/3498 
f 3496/3496/3496 3391/3391/3391 3393/3393/3393 
f 3498/3498/3498 3499/3499/3499 3496/3496/3496 
f 3499/3499/3499 3502/3502/3502 3496/3496/3496 
f 3391/3391/3391 3496/3496/3496 3502/3502/3502 
f 3499/3499/3499 3503/3503/3503 3502/3502/3502 
f 3391/3391/3391 3502/3502/3502 3392/3392/3392 
f 3387/3387/3387 3391/3391/3391 3392/3392/3392 
f 3503/3503/3503 3504/3504/3504 3502/3502/3502 
f 3392/3392/3392 3502/3502/3502 3504/3504/3504 
f 3503/3503/3503 3525/3525/3525 3504/3504/3504 
f 3387/3387/3387 3392/3392/3392 3432/3432/3432 
f 3432/3432/3432 3388/3388/3388 3387/3387/3387 
f 3392/3392/3392 3504/3504/3504 3433/3433/3433 
f 3432/3432/3432 3392/3392/3392 3433/3433/3433 
f 3525/3525/3525 3523/3523/3523 3504/3504/3504 
f 3504/3504/3504 3523/3523/3523 3433/3433/3433 
f 3523/3523/3523 3525/3525/3525 3529/3529/3529 
f 3432/3432/3432 3429/3429/3429 3388/3388/3388 
f 3388/3388/3388 3429/3429/3429 3420/3420/3420 
f 3432/3432/3432 3433/3433/3433 3431/3431/3431 
f 3429/3429/3429 3432/3432/3432 3431/3431/3431 
f 3523/3523/3523 3438/3438/3438 3433/3433/3433 
f 3438/3438/3438 3431/3431/3431 3433/3433/3433 
f 3523/3523/3523 3529/3529/3529 3528/3528/3528 
f 3438/3438/3438 3523/3523/3523 3437/3437/3437 
f 3523/3523/3523 3528/3528/3528 3437/3437/3437 
f 3529/3529/3529 3623/3623/3623 3528/3528/3528 
f 3437/3437/3437 3528/3528/3528 3623/3623/3623 
f 3529/3529/3529 3624/3624/3624 3623/3623/3623 
f 3430/3430/3430 3429/3429/3429 3431/3431/3431 
f 3420/3420/3420 3429/3429/3429 3430/3430/3430 
f 3438/3438/3438 3434/3434/3434 3431/3431/3431 
f 3434/3434/3434 3430/3430/3430 3431/3431/3431 
f 3434/3434/3434 3438/3438/3438 3437/3437/3437 
f 3420/3420/3420 3430/3430/3430 3410/3410/3410 
f 3420/3420/3420 3410/3410/3410 3417/3417/3417 
f 3434/3434/3434 3435/3435/3435 3430/3430/3430 
f 3410/3410/3410 3430/3430/3430 3435/3435/3435 
f 3434/3434/3434 3437/3437/3437 3436/3436/3436 
f 3435/3435/3435 3434/3434/3434 3436/3436/3436 
f 3417/3417/3417 3410/3410/3410 3412/3412/3412 
f 3412/3412/3412 3415/3415/3415 3417/3417/3417 
f 3410/3410/3410 3435/3435/3435 3411/3411/3411 
f 3410/3410/3410 3411/3411/3411 3412/3412/3412 
f 3435/3435/3435 3436/3436/3436 3427/3427/3427 
f 3411/3411/3411 3435/3435/3435 3427/3427/3427 
f 3411/3411/3411 3427/3427/3427 3413/3413/3413 
f 3415/3415/3415 3412/3412/3412 3424/3424/3424 
f 3412/3412/3412 3411/3411/3411 3414/3414/3414 
f 3411/3411/3411 3413/3413/3413 3414/3414/3414 
f 3412/3412/3412 3414/3414/3414 3424/3424/3424 
f 3374/3374/3374 3375/3375/3375 3376/3376/3376 
f 3376/3376/3376 3375/3375/3375 3518/3518/3518 
f 3518/3518/3518 3519/3519/3519 3376/3376/3376 
f 3518/3518/3518 3522/3522/3522 3519/3519/3519 
f 3522/3522/3522 3520/3520/3520 3519/3519/3519 
f 3519/3519/3519 3520/3520/3520 3521/3521/3521 
f 3524/3524/3524 3522/3522/3522 3518/3518/3518 
f 3524/3524/3524 3530/3530/3530 3522/3522/3522 
f 3527/3527/3527 3530/3530/3530 3524/3524/3524 
f 3526/3526/3526 3527/3527/3527 3524/3524/3524 
f 3622/3622/3622 3527/3527/3527 3526/3526/3526 
f 3622/3622/3622 3626/3626/3626 3527/3527/3527 
f 3627/3627/3627 3626/3626/3626 3622/3622/3622 
f 3629/3629/3629 3627/3627/3627 3622/3622/3622 
f 3628/3628/3628 3627/3627/3627 3629/3629/3629 
f 3630/3630/3630 3628/3628/3628 3629/3629/3629 
f 3421/3421/3421 3422/3422/3422 3423/3423/3423 
f 3422/3422/3422 3426/3426/3426 3423/3423/3423 
f 3423/3423/3423 3426/3426/3426 3561/3561/3561 
f 3423/3423/3423 3561/3561/3561 3562/3562/3562 
f 3562/3562/3562 3561/3561/3561 3564/3564/3564 
f 3562/3562/3562 3564/3564/3564 3566/3566/3566 
f 3566/3566/3566 3564/3564/3564 3567/3567/3567 
f 3566/3566/3566 3567/3567/3567 3568/3568/3568 
f 3568/3568/3568 3567/3567/3567 3599/3599/3599 
f 3356/3356/3356 3357/3357/3357 3358/3358/3358 
f 3304/3304/3304 3305/3305/3305 3306/3306/3306 
f 3330/3330/3330 3304/3304/3304 3306/3306/3306 
f 3322/3322/3322 3304/3304/3304 3330/3330/3330 
f 3306/3306/3306 3467/3467/3467 3330/3330/3330 
f 3323/3323/3323 3322/3322/3322 3330/3330/3330 
f 3322/3322/3322 3323/3323/3323 3324/3324/3324 
f 3467/3467/3467 3465/3465/3465 3330/3330/3330 
f 3330/3330/3330 3465/3465/3465 3323/3323/3323 
f 3465/3465/3465 3467/3467/3467 3479/3479/3479 
f 3467/3467/3467 3481/3481/3481 3479/3479/3479 
f 3481/3481/3481 3480/3480/3480 3479/3479/3479 
f 3480/3480/3480 3473/3473/3473 3479/3479/3479 
f 3472/3472/3472 3479/3479/3479 3473/3473/3473 
f 3472/3472/3472 3465/3465/3465 3479/3479/3479 
f 3471/3471/3471 3472/3472/3472 3473/3473/3473 
f 3466/3466/3466 3465/3465/3465 3472/3472/3472 
f 3465/3465/3465 3466/3466/3466 3323/3323/3323 
f 3323/3323/3323 3466/3466/3466 3345/3345/3345 
f 3323/3323/3323 3345/3345/3345 3324/3324/3324 
f 3466/3466/3466 3419/3419/3419 3345/3345/3345 
f 3324/3324/3324 3345/3345/3345 3397/3397/3397 
f 3345/3345/3345 3419/3419/3419 3396/3396/3396 
f 3345/3345/3345 3396/3396/3396 3397/3397/3397 
f 3331/3331/3331 3332/3332/3332 3333/3333/3333 
f 3339/3339/3339 3331/3331/3331 3333/3333/3333 
f 3477/3477/3477 3339/3339/3339 3333/3333/3333 
f 3338/3338/3338 3333/3333/3333 3332/3332/3332 
f 3476/3476/3476 3477/3477/3477 3333/3333/3333 
f 3338/3338/3338 3476/3476/3476 3333/3333/3333 
f 3338/3338/3338 3478/3478/3478 3476/3476/3476 
f 3338/3338/3338 3380/3380/3380 3381/3381/3381 
f 4031/4031/4031 4032/4032/4032 4033/4033/4033 
f 4034/4034/4034 4032/4032/4032 4031/4031/4031 
f 4031/4031/4031 4033/4033/4033 4046/4046/4046 
f 4036/4036/4036 4034/4034/4034 4031/4031/4031 
f 4046/4046/4046 4033/4033/4033 4047/4047/4047 
f 4046/4046/4046 4036/4036/4036 4031/4031/4031 
f 4047/4047/4047 4048/4048/4048 4046/4046/4046 
f 4035/4035/4035 4034/4034/4034 4036/4036/4036 
f 4046/4046/4046 4048/4048/4048 4080/4080/4080 
f 4080/4080/4080 4048/4048/4048 4079/4079/4079 
f 4037/4037/4037 4035/4035/4035 4036/4036/4036 
f 4038/4038/4038 4035/4035/4035 4037/4037/4037 
f 4049/4049/4049 4036/4036/4036 4046/4046/4046 
f 4080/4080/4080 4049/4049/4049 4046/4046/4046 
f 4037/4037/4037 4039/4039/4039 4038/4038/4038 
f 4079/4079/4079 4081/4081/4081 4080/4080/4080 
f 4081/4081/4081 4049/4049/4049 4080/4080/4080 
f 4084/4084/4084 4081/4081/4081 4079/4079/4079 
f 4050/4050/4050 4036/4036/4036 4049/4049/4049 
f 4037/4037/4037 4036/4036/4036 4050/4050/4050 
f 4082/4082/4082 4049/4049/4049 4081/4081/4081 
f 4050/4050/4050 4049/4049/4049 4082/4082/4082 
f 4086/4086/4086 4081/4081/4081 4084/4084/4084 
f 4082/4082/4082 4081/4081/4081 4086/4086/4086 
f 4086/4086/4086 4084/4084/4084 4085/4085/4085 
f 4085/4085/4085 4088/4088/4088 4086/4086/4086 
f 4088/4088/4088 4082/4082/4082 4086/4086/4086 
f 4087/4087/4087 4088/4088/4088 4085/4085/4085 
f 4083/4083/4083 4050/4050/4050 4082/4082/4082 
f 4083/4083/4083 4082/4082/4082 4088/4088/4088 
f 4051/4051/4051 4050/4050/4050 4083/4083/4083 
f 4051/4051/4051 4037/4037/4037 4050/4050/4050 
f 4040/4040/4040 4037/4037/4037 4051/4051/4051 
f 4040/4040/4040 4039/4039/4039 4037/4037/4037 
f 4052/4052/4052 4039/4039/4039 4040/4040/4040 
f 4051/4051/4051 4052/4052/4052 4040/4040/4040 
f 4053/4053/4053 4039/4039/4039 4052/4052/4052 
f 4053/4053/4053 4052/4052/4052 4122/4122/4122 
f 4122/4122/4122 4052/4052/4052 4121/4121/4121 
f 4122/4122/4122 4121/4121/4121 4118/4118/4118 
f 4096/4096/4096 4052/4052/4052 4051/4051/4051 
f 4052/4052/4052 4096/4096/4096 4121/4121/4121 
f 4096/4096/4096 4051/4051/4051 4091/4091/4091 
f 4091/4091/4091 4051/4051/4051 4083/4083/4083 
f 4121/4121/4121 4096/4096/4096 4133/4133/4133 
f 4096/4096/4096 4091/4091/4091 4133/4133/4133 
f 4118/4118/4118 4121/4121/4121 4120/4120/4120 
f 4091/4091/4091 4083/4083/4083 4095/4095/4095 
f 4095/4095/4095 4083/4083/4083 4088/4088/4088 
f 3908/3908/3908 3909/3909/3909 3911/3911/3911 
f 3908/3908/3908 3911/3911/3911 3935/3935/3935 
f 3795/3795/3795 3797/3797/3797 3909/3909/3909 
f 3783/3783/3783 3795/3795/3795 3775/3775/3775 
f 3797/3797/3797 3795/3795/3795 3783/3783/3783 
f 3909/3909/3909 3910/3910/3910 3911/3911/3911 
f 3909/3909/3909 3797/3797/3797 3910/3910/3910 
f 3935/3935/3935 3911/3911/3911 3941/3941/3941 
f 3911/3911/3911 3910/3910/3910 3912/3912/3912 
f 3911/3911/3911 3912/3912/3912 3941/3941/3941 
f 3797/3797/3797 3847/3847/3847 3910/3910/3910 
f 3796/3796/3796 3797/3797/3797 3783/3783/3783 
f 3847/3847/3847 3797/3797/3797 3796/3796/3796 
f 3839/3839/3839 3847/3847/3847 3796/3796/3796 
f 3796/3796/3796 3783/3783/3783 3782/3782/3782 
f 3796/3796/3796 3782/3782/3782 3839/3839/3839 
f 3851/3851/3851 3847/3847/3847 3839/3839/3839 
f 3839/3839/3839 3782/3782/3782 3838/3838/3838 
f 3838/3838/3838 3782/3782/3782 3837/3837/3837 
f 3847/3847/3847 3851/3851/3851 3951/3951/3951 
f 3910/3910/3910 3847/3847/3847 3951/3951/3951 
f 3910/3910/3910 3951/3951/3951 3912/3912/3912 
f 3951/3951/3951 3851/3851/3851 3957/3957/3957 
f 3837/3837/3837 3782/3782/3782 3828/3828/3828 
f 3951/3951/3951 3957/3957/3957 3952/3952/3952 
f 3912/3912/3912 3951/3951/3951 3952/3952/3952 
f 3952/3952/3952 3957/3957/3957 3958/3958/3958 
f 3837/3837/3837 3828/3828/3828 3836/3836/3836 
f 3912/3912/3912 3952/3952/3952 3950/3950/3950 
f 3952/3952/3952 3958/3958/3958 3953/3953/3953 
f 3950/3950/3950 3952/3952/3952 3953/3953/3953 
f 3953/3953/3953 3958/3958/3958 3959/3959/3959 
f 3941/3941/3941 3912/3912/3912 3950/3950/3950 
f 3959/3959/3959 3955/3955/3955 3953/3953/3953 
f 3955/3955/3955 3950/3950/3950 3953/3953/3953 
f 3963/3963/3963 3955/3955/3955 3959/3959/3959 
f 3962/3962/3962 3955/3955/3955 3963/3963/3963 
f 3943/3943/3943 3950/3950/3950 3955/3955/3955 
f 3943/3943/3943 3941/3941/3941 3950/3950/3950 
f 3956/3956/3956 3955/3955/3955 3962/3962/3962 
f 3956/3956/3956 3943/3943/3943 3955/3955/3955 
f 3961/3961/3961 3956/3956/3956 3962/3962/3962 
f 3940/3940/3940 3941/3941/3941 3943/3943/3943 
f 3940/3940/3940 3935/3935/3935 3941/3941/3941 
f 3954/3954/3954 3943/3943/3943 3956/3956/3956 
f 3954/3954/3954 3940/3940/3940 3943/3943/3943 
f 3960/3960/3960 3956/3956/3956 3961/3961/3961 
f 3960/3960/3960 3954/3954/3954 3956/3956/3956 
f 3961/3961/3961 3997/3997/3997 3960/3960/3960 
f 4000/4000/4000 3997/3997/3997 3961/3961/3961 
f 3997/3997/3997 3991/3991/3991 3960/3960/3960 
f 3939/3939/3939 3935/3935/3935 3940/3940/3940 
f 3939/3939/3939 3936/3936/3936 3935/3935/3935 
f 3942/3942/3942 3940/3940/3940 3954/3954/3954 
f 3942/3942/3942 3939/3939/3939 3940/3940/3940 
f 3964/3964/3964 3954/3954/3954 3960/3960/3960 
f 3964/3964/3964 3942/3942/3942 3954/3954/3954 
f 3960/3960/3960 3991/3991/3991 3964/3964/3964 
f 3991/3991/3991 3944/3944/3944 3964/3964/3964 
f 3944/3944/3944 3942/3942/3942 3964/3964/3964 
f 3995/3995/3995 3944/3944/3944 3991/3991/3991 
f 3995/3995/3995 3990/3990/3990 3944/3944/3944 
f 3938/3938/3938 3939/3939/3939 3942/3942/3942 
f 3944/3944/3944 3938/3938/3938 3942/3942/3942 
f 3938/3938/3938 3936/3936/3936 3939/3939/3939 
f 3944/3944/3944 3990/3990/3990 3947/3947/3947 
f 3947/3947/3947 3938/3938/3938 3944/3944/3944 
f 3990/3990/3990 3946/3946/3946 3947/3947/3947 
f 3937/3937/3937 3936/3936/3936 3938/3938/3938 
f 3947/3947/3947 3937/3937/3937 3938/3938/3938 
f 3937/3937/3937 3923/3923/3923 3936/3936/3936 
f 3947/3947/3947 3946/3946/3946 3945/3945/3945 
f 3945/3945/3945 3937/3937/3937 3947/3947/3947 
f 3984/3984/3984 3985/3985/3985 3986/3986/3986 
f 3985/3985/3985 3987/3987/3987 3986/3986/3986 
f 4148/4148/4148 3984/3984/3984 3986/3986/3986 
f 3987/3987/3987 3988/3988/3988 3986/3986/3986 
f 4149/4149/4149 4148/4148/4148 3986/3986/3986 
f 3988/3988/3988 4001/4001/4001 3986/3986/3986 
f 4150/4150/4150 4149/4149/4149 3986/3986/3986 
f 4001/4001/4001 4003/4003/4003 3986/3986/3986 
f 4168/4168/4168 4150/4150/4150 3986/3986/3986 
f 4003/4003/4003 4002/4002/4002 3986/3986/3986 
f 4169/4169/4169 4168/4168/4168 3986/3986/3986 
f 4002/4002/4002 3996/3996/3996 3986/3986/3986 
f 4170/4170/4170 4169/4169/4169 3986/3986/3986 
f 3996/3996/3996 3992/3992/3992 3986/3986/3986 
f 4171/4171/4171 4170/4170/4170 3986/3986/3986 
f 3986/3986/3986 3992/3992/3992 3993/3993/3993 
f 4173/4173/4173 4171/4171/4171 3986/3986/3986 
f 3986/3986/3986 3993/3993/3993 3994/3994/3994 
f 3986/3986/3986 4182/4182/4182 4173/4173/4173 
f 3986/3986/3986 3994/3994/3994 4004/4004/4004 
f 3986/3986/3986 4167/4167/4167 4182/4182/4182 
f 3986/3986/3986 4004/4004/4004 4005/4005/4005 
f 3986/3986/3986 4166/4166/4166 4167/4167/4167 
f 3986/3986/3986 4005/4005/4005 3998/3998/3998 
f 3986/3986/3986 4172/4172/4172 4166/4166/4166 
f 3986/3986/3986 3998/3998/3998 3999/3999/3999 
f 3986/3986/3986 4162/4162/4162 4172/4172/4172 
f 3986/3986/3986 3999/3999/3999 4162/4162/4162 
f 4133/4133/4133 4091/4091/4091 4204/4204/4204 
f 4091/4091/4091 4095/4095/4095 4204/4204/4204 
f 4133/4133/4133 4132/4132/4132 4121/4121/4121 
f 4121/4121/4121 4132/4132/4132 4120/4120/4120 
f 4204/4204/4204 4207/4207/4207 4133/4133/4133 
f 4133/4133/4133 4207/4207/4207 4132/4132/4132 
f 4095/4095/4095 4088/4088/4088 4099/4099/4099 
f 4099/4099/4099 4088/4088/4088 4087/4087/4087 
f 4099/4099/4099 4087/4087/4087 4098/4098/4098 
f 4095/4095/4095 4099/4099/4099 4205/4205/4205 
f 4204/4204/4204 4095/4095/4095 4205/4205/4205 
f 4099/4099/4099 4098/4098/4098 4210/4210/4210 
f 4205/4205/4205 4099/4099/4099 4210/4210/4210 
f 4210/4210/4210 4098/4098/4098 4209/4209/4209 
f 4205/4205/4205 4206/4206/4206 4204/4204/4204 
f 4205/4205/4205 4210/4210/4210 4206/4206/4206 
f 4204/4204/4204 4206/4206/4206 4207/4207/4207 
f 4210/4210/4210 4209/4209/4209 4211/4211/4211 
f 4206/4206/4206 4210/4210/4210 4211/4211/4211 
f 4211/4211/4211 4209/4209/4209 4208/4208/4208 
f 4211/4211/4211 4208/4208/4208 4230/4230/4230 
f 4230/4230/4230 4206/4206/4206 4211/4211/4211 
f 4228/4228/4228 4207/4207/4207 4206/4206/4206 
f 4228/4228/4228 4206/4206/4206 4230/4230/4230 
f 4134/4134/4134 4207/4207/4207 4228/4228/4228 
f 4134/4134/4134 4132/4132/4132 4207/4207/4207 
f 4231/4231/4231 4228/4228/4228 4230/4230/4230 
f 4231/4231/4231 4230/4230/4230 4225/4225/4225 
f 4225/4225/4225 4229/4229/4229 4231/4231/4231 
f 4229/4229/4229 4227/4227/4227 4231/4231/4231 
f 4229/4229/4229 4174/4174/4174 4227/4227/4227 
f 4226/4226/4226 4228/4228/4228 4231/4231/4231 
f 4231/4231/4231 4227/4227/4227 4226/4226/4226 
f 4228/4228/4228 4138/4138/4138 4134/4134/4134 
f 4226/4226/4226 4138/4138/4138 4228/4228/4228 
f 4131/4131/4131 4132/4132/4132 4134/4134/4134 
f 4131/4131/4131 4120/4120/4120 4132/4132/4132 
f 4138/4138/4138 4129/4129/4129 4134/4134/4134 
f 4134/4134/4134 4129/4129/4129 4131/4131/4131 
f 4226/4226/4226 4137/4137/4137 4138/4138/4138 
f 4227/4227/4227 4137/4137/4137 4226/4226/4226 
f 4119/4119/4119 4120/4120/4120 4131/4131/4131 
f 4119/4119/4119 4118/4118/4118 4120/4120/4120 
f 4117/4117/4117 4118/4118/4118 4119/4119/4119 
f 4131/4131/4131 4123/4123/4123 4119/4119/4119 
f 4123/4123/4123 4117/4117/4117 4119/4119/4119 
f 4129/4129/4129 4123/4123/4123 4131/4131/4131 
f 4130/4130/4130 4117/4117/4117 4123/4123/4123 
f 4123/4123/4123 4126/4126/4126 4130/4130/4130 
f 4124/4124/4124 4126/4126/4126 4123/4123/4123 
f 4129/4129/4129 4124/4124/4124 4123/4123/4123 
f 4124/4124/4124 4125/4125/4125 4126/4126/4126 
f 4138/4138/4138 4127/4127/4127 4129/4129/4129 
f 4127/4127/4127 4124/4124/4124 4129/4129/4129 
f 4137/4137/4137 4127/4127/4127 4138/4138/4138 
f 4128/4128/4128 4125/4125/4125 4124/4124/4124 
f 4127/4127/4127 4128/4128/4128 4124/4124/4124 
f 4163/4163/4163 4125/4125/4125 4128/4128/4128 
f 4165/4165/4165 4125/4125/4125 4163/4163/4163 
f 4163/4163/4163 4128/4128/4128 4164/4164/4164 
f 4139/4139/4139 4128/4128/4128 4127/4127/4127 
f 4137/4137/4137 4139/4139/4139 4127/4127/4127 
f 4164/4164/4164 4128/4128/4128 4139/4139/4139 
f 4176/4176/4176 4139/4139/4139 4137/4137/4137 
f 4176/4176/4176 4164/4164/4164 4139/4139/4139 
f 4227/4227/4227 4176/4176/4176 4137/4137/4137 
f 4175/4175/4175 4164/4164/4164 4176/4176/4176 
f 4174/4174/4174 4176/4176/4176 4227/4227/4227 
f 4174/4174/4174 4175/4175/4175 4176/4176/4176 
f 3813/3813/3813 3814/3814/3814 3815/3815/3815 
f 3814/3814/3814 3816/3816/3816 3815/3815/3815 
f 3819/3819/3819 3813/3813/3813 3815/3815/3815 
f 3816/3816/3816 4012/4012/4012 3815/3815/3815 
f 3831/3831/3831 3819/3819/3819 3815/3815/3815 
f 4012/4012/4012 4013/4013/4013 3815/3815/3815 
f 3823/3823/3823 3831/3831/3831 3815/3815/3815 
f 4013/4013/4013 4025/4025/4025 3815/3815/3815 
f 3822/3822/3822 3823/3823/3823 3815/3815/3815 
f 4025/4025/4025 4026/4026/4026 3815/3815/3815 
f 3821/3821/3821 3822/3822/3822 3815/3815/3815 
f 4026/4026/4026 4027/4027/4027 3815/3815/3815 
f 3820/3820/3820 3821/3821/3821 3815/3815/3815 
f 4027/4027/4027 4041/4041/4041 3815/3815/3815 
f 3824/3824/3824 3820/3820/3820 3815/3815/3815 
f 4041/4041/4041 4042/4042/4042 3815/3815/3815 
f 3825/3825/3825 3824/3824/3824 3815/3815/3815 
f 4042/4042/4042 4043/4043/4043 3815/3815/3815 
f 3826/3826/3826 3825/3825/3825 3815/3815/3815 
f 4043/4043/4043 4044/4044/4044 3815/3815/3815 
f 3830/3830/3830 3826/3826/3826 3815/3815/3815 
f 4044/4044/4044 4045/4045/4045 3815/3815/3815 
f 3832/3832/3832 3830/3830/3830 3815/3815/3815 
f 4045/4045/4045 4028/4028/4028 3815/3815/3815 
f 3833/3833/3833 3832/3832/3832 3815/3815/3815 
f 4028/4028/4028 4029/4029/4029 3815/3815/3815 
f 4030/4030/4030 3833/3833/3833 3815/3815/3815 
f 4029/4029/4029 4030/4030/4030 3815/3815/3815 
f 3700/3700/3700 3701/3701/3701 3702/3702/3702 
f 3708/3708/3708 3701/3701/3701 3700/3700/3700 
f 3703/3703/3703 3700/3700/3700 3702/3702/3702 
f 3674/3674/3674 3675/3675/3675 3676/3676/3676 
f 3677/3677/3677 3674/3674/3674 3676/3676/3676 
f 3683/3683/3683 3677/3677/3677 3676/3676/3676 
f 3683/3683/3683 3684/3684/3684 3677/3677/3677 
f 3684/3684/3684 3683/3683/3683 3687/3687/3687 
f 3716/3716/3716 3684/3684/3684 3687/3687/3687 
f 3684/3684/3684 3716/3716/3716 3722/3722/3722 
f 3726/3726/3726 3716/3716/3716 3687/3687/3687 
f 3722/3722/3722 3716/3716/3716 3718/3718/3718 
f 3726/3726/3726 3717/3717/3717 3716/3716/3716 
f 3716/3716/3716 3717/3717/3717 3718/3718/3718 
f 3717/3717/3717 3726/3726/3726 3727/3727/3727 
f 3718/3718/3718 3717/3717/3717 3723/3723/3723 
f 3731/3731/3731 3717/3717/3717 3727/3727/3727 
f 3717/3717/3717 3731/3731/3731 3723/3723/3723 
f 4060/4060/4060 4065/4065/4065 4067/4067/4067 
f 4067/4067/4067 4076/4076/4076 4060/4060/4060 
f 4058/4058/4058 4065/4065/4065 4060/4060/4060 
f 4058/4058/4058 4064/4064/4064 4065/4065/4065 
f 4076/4076/4076 4078/4078/4078 4060/4060/4060 
f 4060/4060/4060 4078/4078/4078 4059/4059/4059 
f 4059/4059/4059 4058/4058/4058 4060/4060/4060 
f 4076/4076/4076 4077/4077/4077 4078/4078/4078 
f 4057/4057/4057 4058/4058/4058 4059/4059/4059 
f 4079/4079/4079 4077/4077/4077 4076/4076/4076 
f 4076/4076/4076 4084/4084/4084 4079/4079/4079 
f 4079/4079/4079 4048/4048/4048 4077/4077/4077 
f 4055/4055/4055 4064/4064/4064 4058/4058/4058 
f 4057/4057/4057 4055/4055/4055 4058/4058/4058 
f 4055/4055/4055 4056/4056/4056 4064/4064/4064 
f 4024/4024/4024 4055/4055/4055 4057/4057/4057 
f 4023/4023/4023 4056/4056/4056 4055/4055/4055 
f 4024/4024/4024 4023/4023/4023 4055/4055/4055 
f 4023/4023/4023 4054/4054/4054 4056/4056/4056 
f 4022/4022/4022 4023/4023/4023 4024/4024/4024 
f 4020/4020/4020 4054/4054/4054 4023/4023/4023 
f 4022/4022/4022 4020/4020/4020 4023/4023/4023 
f 4020/4020/4020 4021/4021/4021 4054/4054/4054 
f 4019/4019/4019 4020/4020/4020 4022/4022/4022 
f 4018/4018/4018 4021/4021/4021 4020/4020/4020 
f 4019/4019/4019 4018/4018/4018 4020/4020/4020 
f 4018/4018/4018 4017/4017/4017 4021/4021/4021 
f 4014/4014/4014 4018/4018/4018 4019/4019/4019 
f 4011/4011/4011 4017/4017/4017 4018/4018/4018 
f 4014/4014/4014 4011/4011/4011 4018/4018/4018 
f 4011/4011/4011 4015/4015/4015 4017/4017/4017 
f 4010/4010/4010 4011/4011/4011 4014/4014/4014 
f 4009/4009/4009 4015/4015/4015 4011/4011/4011 
f 4010/4010/4010 4009/4009/4009 4011/4011/4011 
f 4009/4009/4009 3817/3817/3817 4015/4015/4015 
f 4008/4008/4008 4009/4009/4009 4010/4010/4010 
f 4008/4008/4008 3812/3812/3812 4009/4009/4009 
f 3812/3812/3812 3817/3817/3817 4009/4009/4009 
f 3811/3811/3811 3812/3812/3812 4008/4008/4008 
f 3811/3811/3811 3810/3810/3810 3812/3812/3812 
f 3812/3812/3812 3808/3808/3808 3817/3817/3817 
f 3812/3812/3812 3810/3810/3810 3808/3808/3808 
f 3817/3817/3817 3808/3808/3808 3818/3818/3818 
f 3810/3810/3810 3809/3809/3809 3808/3808/3808 
f 3808/3808/3808 3803/3803/3803 3818/3818/3818 
f 3808/3808/3808 3809/3809/3809 3803/3803/3803 
f 3818/3818/3818 3803/3803/3803 3806/3806/3806 
f 3809/3809/3809 3804/3804/3804 3803/3803/3803 
f 3803/3803/3803 3801/3801/3801 3806/3806/3806 
f 3803/3803/3803 3804/3804/3804 3801/3801/3801 
f 3806/3806/3806 3801/3801/3801 3761/3761/3761 
f 3804/3804/3804 3802/3802/3802 3801/3801/3801 
f 3801/3801/3801 3758/3758/3758 3761/3761/3761 
f 3801/3801/3801 3802/3802/3802 3758/3758/3758 
f 3761/3761/3761 3758/3758/3758 3759/3759/3759 
f 3802/3802/3802 3805/3805/3805 3758/3758/3758 
f 3758/3758/3758 3756/3756/3756 3759/3759/3759 
f 3758/3758/3758 3805/3805/3805 3756/3756/3756 
f 3759/3759/3759 3756/3756/3756 3743/3743/3743 
f 3805/3805/3805 3757/3757/3757 3756/3756/3756 
f 3756/3756/3756 3741/3741/3741 3743/3743/3743 
f 3756/3756/3756 3757/3757/3757 3741/3741/3741 
f 3743/3743/3743 3741/3741/3741 3740/3740/3740 
f 3757/3757/3757 3760/3760/3760 3741/3741/3741 
f 3741/3741/3741 3742/3742/3742 3740/3740/3740 
f 3741/3741/3741 3760/3760/3760 3742/3742/3742 
f 3760/3760/3760 3755/3755/3755 3742/3742/3742 
f 3742/3742/3742 3755/3755/3755 3745/3745/3745 
f 3742/3742/3742 3745/3745/3745 3738/3738/3738 
f 3745/3745/3745 3755/3755/3755 3767/3767/3767 
f 3767/3767/3767 3755/3755/3755 3776/3776/3776 
f 3738/3738/3738 3745/3745/3745 3744/3744/3744 
f 3767/3767/3767 3744/3744/3744 3745/3745/3745 
f 3738/3738/3738 3744/3744/3744 3739/3739/3739 
f 3777/3777/3777 3767/3767/3767 3776/3776/3776 
f 3739/3739/3739 3744/3744/3744 3753/3753/3753 
f 3753/3753/3753 3754/3754/3754 3739/3739/3739 
f 3765/3765/3765 3754/3754/3754 3753/3753/3753 
f 3766/3766/3766 3753/3753/3753 3744/3744/3744 
f 3765/3765/3765 3753/3753/3753 3766/3766/3766 
f 3766/3766/3766 3744/3744/3744 3767/3767/3767 
f 3768/3768/3768 3765/3765/3765 3766/3766/3766 
f 3766/3766/3766 3767/3767/3767 3768/3768/3768 
f 3772/3772/3772 3765/3765/3765 3768/3768/3768 
f 3771/3771/3771 3765/3765/3765 3772/3772/3772 
f 3768/3768/3768 3767/3767/3767 3769/3769/3769 
f 3769/3769/3769 3767/3767/3767 3777/3777/3777 
f 3770/3770/3770 3772/3772/3772 3768/3768/3768 
f 3768/3768/3768 3769/3769/3769 3770/3770/3770 
f 3773/3773/3773 3771/3771/3771 3772/3772/3772 
f 3773/3773/3773 3772/3772/3772 3770/3770/3770 
f 3775/3775/3775 3771/3771/3771 3773/3773/3773 
f 3769/3769/3769 3777/3777/3777 3778/3778/3778 
f 3770/3770/3770 3769/3769/3769 3778/3778/3778 
f 3778/3778/3778 3777/3777/3777 3779/3779/3779 
f 3781/3781/3781 3773/3773/3773 3770/3770/3770 
f 3770/3770/3770 3778/3778/3778 3781/3781/3781 
f 3774/3774/3774 3775/3775/3775 3773/3773/3773 
f 3774/3774/3774 3773/3773/3773 3781/3781/3781 
f 3783/3783/3783 3775/3775/3775 3774/3774/3774 
f 3782/3782/3782 3783/3783/3783 3774/3774/3774 
f 3782/3782/3782 3774/3774/3774 3828/3828/3828 
f 3828/3828/3828 3774/3774/3774 3781/3781/3781 
f 3781/3781/3781 3778/3778/3778 3780/3780/3780 
f 3781/3781/3781 3780/3780/3780 3828/3828/3828 
f 3778/3778/3778 3779/3779/3779 3780/3780/3780 
f 3780/3780/3780 3779/3779/3779 3827/3827/3827 
f 3828/3828/3828 3780/3780/3780 3829/3829/3829 
f 3780/3780/3780 3827/3827/3827 3829/3829/3829 
f 3836/3836/3836 3828/3828/3828 3829/3829/3829 
f 3829/3829/3829 3827/3827/3827 3834/3834/3834 
f 3829/3829/3829 3835/3835/3835 3836/3836/3836 
f 3834/3834/3834 3835/3835/3835 3829/3829/3829 
f 3738/3738/3738 3739/3739/3739 3740/3740/3740 
f 3740/3740/3740 3739/3739/3739 3749/3749/3749 
f 3740/3740/3740 3742/3742/3742 3738/3738/3738 
f 3739/3739/3739 3752/3752/3752 3749/3749/3749 
f 3749/3749/3749 3752/3752/3752 3793/3793/3793 
f 3752/3752/3752 3791/3791/3791 3793/3793/3793 
f 3790/3790/3790 3791/3791/3791 3752/3752/3752 
f 3790/3790/3790 3792/3792/3792 3791/3791/3791 
f 3739/3739/3739 3754/3754/3754 3752/3752/3752 
f 3790/3790/3790 3752/3752/3752 3786/3786/3786 
f 3786/3786/3786 3752/3752/3752 3754/3754/3754 
f 3789/3789/3789 3792/3792/3792 3790/3790/3790 
f 3786/3786/3786 3789/3789/3789 3790/3790/3790 
f 3890/3890/3890 3792/3792/3792 3789/3789/3789 
f 3889/3889/3889 3792/3792/3792 3890/3890/3890 
f 3890/3890/3890 3893/3893/3893 3889/3889/3889 
f 3890/3890/3890 3789/3789/3789 3904/3904/3904 
f 3904/3904/3904 3789/3789/3789 3786/3786/3786 
f 3891/3891/3891 3893/3893/3893 3890/3890/3890 
f 3904/3904/3904 3891/3891/3891 3890/3890/3890 
f 3891/3891/3891 3892/3892/3892 3893/3893/3893 
f 3899/3899/3899 3892/3892/3892 3891/3891/3891 
f 3904/3904/3904 3899/3899/3899 3891/3891/3891 
f 3899/3899/3899 3900/3900/3900 3892/3892/3892 
f 3901/3901/3901 3900/3900/3900 3899/3899/3899 
f 3901/3901/3901 3902/3902/3902 3900/3900/3900 
f 3907/3907/3907 3899/3899/3899 3904/3904/3904 
f 3901/3901/3901 3899/3899/3899 3907/3907/3907 
f 3913/3913/3913 3902/3902/3902 3901/3901/3901 
f 3907/3907/3907 3913/3913/3913 3901/3901/3901 
f 3913/3913/3913 3914/3914/3914 3902/3902/3902 
f 3902/3902/3902 3914/3914/3914 3915/3915/3915 
f 3915/3915/3915 3914/3914/3914 3919/3919/3919 
f 3913/3913/3913 3917/3917/3917 3914/3914/3914 
f 3907/3907/3907 3917/3917/3917 3913/3913/3913 
f 3919/3919/3919 3914/3914/3914 3918/3918/3918 
f 3914/3914/3914 3917/3917/3917 3918/3918/3918 
f 3919/3919/3919 3918/3918/3918 3920/3920/3920 
f 3917/3917/3917 3907/3907/3907 3934/3934/3934 
f 3918/3918/3918 3917/3917/3917 3921/3921/3921 
f 3934/3934/3934 3921/3921/3921 3917/3917/3917 
f 3920/3920/3920 3918/3918/3918 3922/3922/3922 
f 3918/3918/3918 3921/3921/3921 3922/3922/3922 
f 3922/3922/3922 3932/3932/3932 3920/3920/3920 
f 3922/3922/3922 3921/3921/3921 3923/3923/3923 
f 3922/3922/3922 3923/3923/3923 3932/3932/3932 
f 3936/3936/3936 3923/3923/3923 3921/3921/3921 
f 3936/3936/3936 3921/3921/3921 3934/3934/3934 
f 3934/3934/3934 3907/3907/3907 3906/3906/3906 
f 3904/3904/3904 3906/3906/3906 3907/3907/3907 
f 3908/3908/3908 3934/3934/3934 3906/3906/3906 
f 3903/3903/3903 3906/3906/3906 3904/3904/3904 
f 3906/3906/3906 3903/3903/3903 3908/3908/3908 
f 3786/3786/3786 3903/3903/3903 3904/3904/3904 
f 3935/3935/3935 3934/3934/3934 3908/3908/3908 
f 3935/3935/3935 3936/3936/3936 3934/3934/3934 
f 3908/3908/3908 3903/3903/3903 3905/3905/3905 
f 3788/3788/3788 3903/3903/3903 3786/3786/3786 
f 3903/3903/3903 3788/3788/3788 3905/3905/3905 
f 3788/3788/3788 3786/3786/3786 3785/3785/3785 
f 3785/3785/3785 3786/3786/3786 3754/3754/3754 
f 3785/3785/3785 3771/3771/3771 3788/3788/3788 
f 3785/3785/3785 3754/3754/3754 3765/3765/3765 
f 3785/3785/3785 3765/3765/3765 3771/3771/3771 
f 3905/3905/3905 3788/3788/3788 3787/3787/3787 
f 3788/3788/3788 3771/3771/3771 3787/3787/3787 
f 3905/3905/3905 3909/3909/3909 3908/3908/3908 
f 3787/3787/3787 3795/3795/3795 3905/3905/3905 
f 3905/3905/3905 3795/3795/3795 3909/3909/3909 
f 3775/3775/3775 3787/3787/3787 3771/3771/3771 
f 3795/3795/3795 3787/3787/3787 3775/3775/3775 
f 4106/4106/4106 4104/4104/4104 3880/3880/3880 
f 3878/3878/3878 3879/3879/3879 4103/4103/4103 
f 3879/3879/3879 4104/4104/4104 4103/4103/4103 
f 3878/3878/3878 4103/4103/4103 4105/4105/4105 
f 4107/4107/4107 4105/4105/4105 4103/4103/4103 
f 4108/4108/4108 4107/4107/4107 4103/4103/4103 
f 4104/4104/4104 4108/4108/4108 4103/4103/4103 
f 4107/4107/4107 4108/4108/4108 4111/4111/4111 
f 4109/4109/4109 4104/4104/4104 4106/4106/4106 
f 4104/4104/4104 4109/4109/4109 4108/4108/4108 
f 4114/4114/4114 4109/4109/4109 4106/4106/4106 
f 4108/4108/4108 4110/4110/4110 4111/4111/4111 
f 4108/4108/4108 4109/4109/4109 4110/4110/4110 
f 4110/4110/4110 4113/4113/4113 4111/4111/4111 
f 4110/4110/4110 4112/4112/4112 4113/4113/4113 
f 4109/4109/4109 4112/4112/4112 4110/4110/4110 
f 4112/4112/4112 4109/4109/4109 4114/4114/4114 
f 4112/4112/4112 4114/4114/4114 4115/4115/4115 
f 4116/4116/4116 4112/4112/4112 4115/4115/4115 
f 4116/4116/4116 4135/4135/4135 4112/4112/4112 
f 4136/4136/4136 4135/4135/4135 4116/4116/4116 
f 4136/4136/4136 4214/4214/4214 4135/4135/4135 
f 4217/4217/4217 4214/4214/4214 4136/4136/4136 
f 4217/4217/4217 4212/4212/4212 4214/4214/4214 
f 4212/4212/4212 4213/4213/4213 4214/4214/4214 
f 4212/4212/4212 4215/4215/4215 4213/4213/4213 
f 4215/4215/4215 4196/4196/4196 4213/4213/4213 
f 4215/4215/4215 4198/4198/4198 4196/4196/4196 
f 4196/4196/4196 4198/4198/4198 4197/4197/4197 
f 4196/4196/4196 4197/4197/4197 4195/4195/4195 
f 4197/4197/4197 4194/4194/4194 4195/4195/4195 
f 4194/4194/4194 4187/4187/4187 4195/4195/4195 
f 4194/4194/4194 4186/4186/4186 4187/4187/4187 
f 4186/4186/4186 4184/4184/4184 4187/4187/4187 
f 4184/4184/4184 4186/4186/4186 4185/4185/4185 
f 4183/4183/4183 4184/4184/4184 4185/4185/4185 
f 4183/4183/4183 4185/4185/4185 4188/4188/4188 
f 4185/4185/4185 4094/4094/4094 4188/4188/4188 
f 4094/4094/4094 4093/4093/4093 4188/4188/4188 
f 4094/4094/4094 4092/4092/4092 4093/4093/4093 
f 4093/4093/4093 4092/4092/4092 4089/4089/4089 
f 4092/4092/4092 4070/4070/4070 4089/4089/4089 
f 4070/4070/4070 4062/4062/4062 4089/4089/4089 
f 4070/4070/4070 4068/4068/4068 4062/4062/4062 
f 4063/4063/4063 4062/4062/4062 4068/4068/4068 
f 4061/4061/4061 4062/4062/4062 4063/4063/4063 
f 4063/4063/4063 4068/4068/4068 4069/4069/4069 
f 3678/3678/3678 3679/3679/3679 3680/3680/3680 
f 3681/3681/3681 3680/3680/3680 3682/3682/3682 
f 3678/3678/3678 3680/3680/3680 3681/3681/3681 
f 3679/3679/3679 3678/3678/3678 3685/3685/3685 
f 3679/3679/3679 3685/3685/3685 3686/3686/3686 
f 3685/3685/3685 3688/3688/3688 3686/3686/3686 
f 3688/3688/3688 3724/3724/3724 3686/3686/3686 
f 3725/3725/3725 3724/3724/3724 3688/3688/3688 
f 3725/3725/3725 3732/3732/3732 3724/3724/3724 
f 3874/3874/3874 3725/3725/3725 3688/3688/3688 
f 3725/3725/3725 3874/3874/3874 3876/3876/3876 
f 3875/3875/3875 3876/3876/3876 3874/3874/3874 
f 3875/3875/3875 3874/3874/3874 3859/3859/3859 
f 3858/3858/3858 3874/3874/3874 3688/3688/3688 
f 3874/3874/3874 3858/3858/3858 3859/3859/3859 
f 3858/3858/3858 3688/3688/3688 3685/3685/3685 
f 3858/3858/3858 3854/3854/3854 3859/3859/3859 
f 3853/3853/3853 3858/3858/3858 3685/3685/3685 
f 3854/3854/3854 3858/3858/3858 3853/3853/3853 
f 3678/3678/3678 3853/3853/3853 3685/3685/3685 
f 3854/3854/3854 3853/3853/3853 3855/3855/3855 
f 3678/3678/3678 3852/3852/3852 3853/3853/3853 
f 3855/3855/3855 3853/3853/3853 3852/3852/3852 
f 3856/3856/3856 3852/3852/3852 3678/3678/3678 
f 3855/3855/3855 3852/3852/3852 3857/3857/3857 
f 3856/3856/3856 3857/3857/3857 3852/3852/3852 
f 3711/3711/3711 3712/3712/3712 3713/3713/3713 
f 3807/3807/3807 3711/3711/3711 3713/3713/3713 
f 3713/3713/3713 3712/3712/3712 3715/3715/3715 
f 3763/3763/3763 3711/3711/3711 3807/3807/3807 
f 3712/3712/3712 3714/3714/3714 3715/3715/3715 
f 3715/3715/3715 3714/3714/3714 4007/4007/4007 
f 3715/3715/3715 4007/4007/4007 4016/4016/4016 
f 3764/3764/3764 3763/3763/3763 3807/3807/3807 
f 3762/3762/3762 3763/3763/3763 3764/3764/3764 
f 3748/3748/3748 3762/3762/3762 3764/3764/3764 
f 3747/3747/3747 3762/3762/3762 3748/3748/3748 
f 3746/3746/3746 3747/3747/3747 3748/3748/3748 
f 3750/3750/3750 3747/3747/3747 3746/3746/3746 
f 3750/3750/3750 3751/3751/3751 3747/3747/3747 
f 3747/3747/3747 3751/3751/3751 3784/3784/3784 
f 3794/3794/3794 3747/3747/3747 3784/3784/3784 
f 3794/3794/3794 3784/3784/3784 3799/3799/3799 
f 3798/3798/3798 3794/3794/3794 3799/3799/3799 
f 3798/3798/3798 3799/3799/3799 3800/3800/3800 
f 3883/3883/3883 3798/3798/3798 3800/3800/3800 
f 3883/3883/3883 3800/3800/3800 3885/3885/3885 
f 3884/3884/3884 3883/3883/3883 3885/3885/3885 
f 3884/3884/3884 3885/3885/3885 3886/3886/3886 
f 3885/3885/3885 3887/3887/3887 3886/3886/3886 
f 3886/3886/3886 3887/3887/3887 3888/3888/3888 
f 3887/3887/3887 3894/3894/3894 3888/3888/3888 
f 3888/3888/3888 3894/3894/3894 3896/3896/3896 
f 3894/3894/3894 3895/3895/3895 3896/3896/3896 
f 3895/3895/3895 3897/3897/3897 3896/3896/3896 
f 3895/3895/3895 3898/3898/3898 3897/3897/3897 
f 3916/3916/3916 3897/3897/3897 3898/3898/3898 
f 3916/3916/3916 3924/3924/3924 3897/3897/3897 
f 3925/3925/3925 3924/3924/3924 3916/3916/3916 
f 3925/3925/3925 3916/3916/3916 3926/3926/3926 
f 3928/3928/3928 3925/3925/3925 3926/3926/3926 
f 3928/3928/3928 3926/3926/3926 3929/3929/3929 
f 3927/3927/3927 3925/3925/3925 3928/3928/3928 
f 3949/3949/3949 3927/3927/3927 3928/3928/3928 
f 3868/3868/3868 3927/3927/3927 3949/3949/3949 
f 3948/3948/3948 3868/3868/3868 3949/3949/3949 
f 3948/3948/3948 3882/3882/3882 3868/3868/3868 
f 3882/3882/3882 3869/3869/3869 3868/3868/3868 
f 3873/3873/3873 3869/3869/3869 3882/3882/3882 
f 3868/3868/3868 3869/3869/3869 3865/3865/3865 
f 3865/3865/3865 3867/3867/3867 3868/3868/3868 
f 3865/3865/3865 3864/3864/3864 3867/3867/3867 
f 3863/3863/3863 3864/3864/3864 3865/3865/3865 
f 3869/3869/3869 3863/3863/3863 3865/3865/3865 
f 3863/3863/3863 3866/3866/3866 3864/3864/3864 
f 3873/3873/3873 3872/3872/3872 3869/3869/3869 
f 3869/3869/3869 3872/3872/3872 3863/3863/3863 
f 3880/3880/3880 3872/3872/3872 3873/3873/3873 
f 3880/3880/3880 3881/3881/3881 3872/3872/3872 
f 4104/4104/4104 3881/3881/3881 3880/3880/3880 
f 3872/3872/3872 3870/3870/3870 3863/3863/3863 
f 3870/3870/3870 3866/3866/3866 3863/3863/3863 
f 3870/3870/3870 3871/3871/3871 3866/3866/3866 
f 3870/3870/3870 3872/3872/3872 3879/3879/3879 
f 3871/3871/3871 3870/3870/3870 3878/3878/3878 
f 3870/3870/3870 3879/3879/3879 3878/3878/3878 
f 3946/3946/3946 3933/3933/3933 3945/3945/3945 
f 3945/3945/3945 3933/3933/3933 3937/3937/3937 
f 3937/3937/3937 3933/3933/3933 3923/3923/3923 
f 3989/3989/3989 3933/3933/3933 3946/3946/3946 
f 3932/3932/3932 3923/3923/3923 3933/3933/3933 
f 3933/3933/3933 3989/3989/3989 3932/3932/3932 
f 3932/3932/3932 3989/3989/3989 3975/3975/3975 
f 3932/3932/3932 3975/3975/3975 3930/3930/3930 
f 3920/3920/3920 3932/3932/3932 3930/3930/3930 
f 3930/3930/3930 3975/3975/3975 3971/3971/3971 
f 3920/3920/3920 3930/3930/3930 3931/3931/3931 
f 3930/3930/3930 3971/3971/3971 3970/3970/3970 
f 3931/3931/3931 3930/3930/3930 3970/3970/3970 
f 3970/3970/3970 3971/3971/3971 3972/3972/3972 
f 3931/3931/3931 3970/3970/3970 3965/3965/3965 
f 3970/3970/3970 3972/3972/3972 3966/3966/3966 
f 3965/3965/3965 3970/3970/3970 3966/3966/3966 
f 3966/3966/3966 3972/3972/3972 3973/3973/3973 
f 3965/3965/3965 3966/3966/3966 3967/3967/3967 
f 3966/3966/3966 3973/3973/3973 3968/3968/3968 
f 3967/3967/3967 3966/3966/3966 3968/3968/3968 
f 3968/3968/3968 3973/3973/3973 3974/3974/3974 
f 3967/3967/3967 3968/3968/3968 3969/3969/3969 
f 3968/3968/3968 3974/3974/3974 3976/3976/3976 
f 3969/3969/3969 3968/3968/3968 3976/3976/3976 
f 3976/3976/3976 3974/3974/3974 3981/3981/3981 
f 3969/3969/3969 3976/3976/3976 3977/3977/3977 
f 3976/3976/3976 3981/3981/3981 3978/3978/3978 
f 3977/3977/3977 3976/3976/3976 3978/3978/3978 
f 3978/3978/3978 3981/3981/3981 3982/3982/3982 
f 3977/3977/3977 3978/3978/3978 3979/3979/3979 
f 3978/3978/3978 3982/3982/3982 3980/3980/3980 
f 3979/3979/3979 3978/3978/3978 3980/3980/3980 
f 3980/3980/3980 3982/3982/3982 3983/3983/3983 
f 4144/4144/4144 3980/3980/3980 3983/3983/3983 
f 4140/4140/4140 3979/3979/3979 3980/3980/3980 
f 4140/4140/4140 3980/3980/3980 4144/4144/4144 
f 4141/4141/4141 3979/3979/3979 4140/4140/4140 
f 4145/4145/4145 4140/4140/4140 4144/4144/4144 
f 4143/4143/4143 4141/4141/4141 4140/4140/4140 
f 4143/4143/4143 4140/4140/4140 4145/4145/4145 
f 4142/4142/4142 4141/4141/4141 4143/4143/4143 
f 4147/4147/4147 4143/4143/4143 4145/4145/4145 
f 4146/4146/4146 4142/4142/4142 4143/4143/4143 
f 4146/4146/4146 4143/4143/4143 4147/4147/4147 
f 4151/4151/4151 4142/4142/4142 4146/4146/4146 
f 4158/4158/4158 4146/4146/4146 4147/4147/4147 
f 4152/4152/4152 4151/4151/4151 4146/4146/4146 
f 4152/4152/4152 4146/4146/4146 4158/4158/4158 
f 4153/4153/4153 4151/4151/4151 4152/4152/4152 
f 4159/4159/4159 4152/4152/4152 4158/4158/4158 
f 4155/4155/4155 4153/4153/4153 4152/4152/4152 
f 4155/4155/4155 4152/4152/4152 4159/4159/4159 
f 4154/4154/4154 4153/4153/4153 4155/4155/4155 
f 4157/4157/4157 4155/4155/4155 4159/4159/4159 
f 4156/4156/4156 4154/4154/4154 4155/4155/4155 
f 4156/4156/4156 4155/4155/4155 4157/4157/4157 
f 4161/4161/4161 4156/4156/4156 4157/4157/4157 
f 4216/4216/4216 4154/4154/4154 4156/4156/4156 
f 4160/4160/4160 4156/4156/4156 4161/4161/4161 
f 4160/4160/4160 4216/4216/4216 4156/4156/4156 
f 4178/4178/4178 4160/4160/4160 4161/4161/4161 
f 4177/4177/4177 4160/4160/4160 4178/4178/4178 
f 4178/4178/4178 4179/4179/4179 4177/4177/4177 
f 4177/4177/4177 4179/4179/4179 4180/4180/4180 
f 4179/4179/4179 4174/4174/4174 4180/4180/4180 
f 4181/4181/4181 4174/4174/4174 4179/4179/4179 
f 4180/4180/4180 4229/4229/4229 4177/4177/4177 
f 4180/4180/4180 4174/4174/4174 4229/4229/4229 
f 4181/4181/4181 4175/4175/4175 4174/4174/4174 
f 4219/4219/4219 4160/4160/4160 4177/4177/4177 
f 4177/4177/4177 4229/4229/4229 4219/4219/4219 
f 4218/4218/4218 4160/4160/4160 4219/4219/4219 
f 4218/4218/4218 4216/4216/4216 4160/4160/4160 
f 4219/4219/4219 4229/4229/4229 4225/4225/4225 
f 4225/4225/4225 4218/4218/4218 4219/4219/4219 
f 4220/4220/4220 4216/4216/4216 4218/4218/4218 
f 4220/4220/4220 4218/4218/4218 4225/4225/4225 
f 4224/4224/4224 4216/4216/4216 4220/4220/4220 
f 4221/4221/4221 4224/4224/4224 4220/4220/4220 
f 4222/4222/4222 4224/4224/4224 4221/4221/4221 
f 4221/4221/4221 4199/4199/4199 4222/4222/4222 
f 4221/4221/4221 4220/4220/4220 4223/4223/4223 
f 4223/4223/4223 4220/4220/4220 4225/4225/4225 
f 4203/4203/4203 4199/4199/4199 4221/4221/4221 
f 4223/4223/4223 4203/4203/4203 4221/4221/4221 
f 4203/4203/4203 4200/4200/4200 4199/4199/4199 
f 4199/4199/4199 4200/4200/4200 4201/4201/4201 
f 4208/4208/4208 4203/4203/4203 4223/4223/4223 
f 4203/4203/4203 4208/4208/4208 4200/4200/4200 
f 4225/4225/4225 4230/4230/4230 4223/4223/4223 
f 4230/4230/4230 4208/4208/4208 4223/4223/4223 
f 4200/4200/4200 4202/4202/4202 4201/4201/4201 
f 4208/4208/4208 4202/4202/4202 4200/4200/4200 
f 4201/4201/4201 4202/4202/4202 4189/4189/4189 
f 4202/4202/4202 4190/4190/4190 4189/4189/4189 
f 4189/4189/4189 4190/4190/4190 4191/4191/4191 
f 4209/4209/4209 4202/4202/4202 4208/4208/4208 
f 4202/4202/4202 4209/4209/4209 4190/4190/4190 
f 4190/4190/4190 4193/4193/4193 4191/4191/4191 
f 4190/4190/4190 4209/4209/4209 4193/4193/4193 
f 4191/4191/4191 4193/4193/4193 4192/4192/4192 
f 4192/4192/4192 4193/4193/4193 4100/4100/4100 
f 4100/4100/4100 4193/4193/4193 4102/4102/4102 
f 4209/4209/4209 4102/4102/4102 4193/4193/4193 
f 4102/4102/4102 4101/4101/4101 4100/4100/4100 
f 4100/4100/4100 4101/4101/4101 4097/4097/4097 
f 4098/4098/4098 4102/4102/4102 4209/4209/4209 
f 4102/4102/4102 4098/4098/4098 4101/4101/4101 
f 4101/4101/4101 4072/4072/4072 4097/4097/4097 
f 4101/4101/4101 4098/4098/4098 4072/4072/4072 
f 4097/4097/4097 4072/4072/4072 4090/4090/4090 
f 4072/4072/4072 4071/4071/4071 4090/4090/4090 
f 4066/4066/4066 4071/4071/4071 4072/4072/4072 
f 4066/4066/4066 4064/4064/4064 4071/4071/4071 
f 4072/4072/4072 4098/4098/4098 4074/4074/4074 
f 4074/4074/4074 4066/4066/4066 4072/4072/4072 
f 4098/4098/4098 4087/4087/4087 4074/4074/4074 
f 4073/4073/4073 4066/4066/4066 4074/4074/4074 
f 4074/4074/4074 4087/4087/4087 4073/4073/4073 
f 4065/4065/4065 4064/4064/4064 4066/4066/4066 
f 4067/4067/4067 4066/4066/4066 4073/4073/4073 
f 4065/4065/4065 4066/4066/4066 4067/4067/4067 
f 4073/4073/4073 4087/4087/4087 4085/4085/4085 
f 4073/4073/4073 4075/4075/4075 4067/4067/4067 
f 4085/4085/4085 4075/4075/4075 4073/4073/4073 
f 4075/4075/4075 4076/4076/4076 4067/4067/4067 
f 4085/4085/4085 4084/4084/4084 4075/4075/4075 
f 4075/4075/4075 4084/4084/4084 4076/4076/4076 
f 3671/3671/3671 3672/3672/3672 3673/3673/3673 
f 3672/3672/3672 3690/3690/3690 3673/3673/3673 
f 3689/3689/3689 3671/3671/3671 3673/3673/3673 
f 3691/3691/3691 3692/3692/3692 3693/3693/3693 
f 3694/3694/3694 3693/3693/3693 3695/3695/3695 
f 3692/3692/3692 3695/3695/3695 3693/3693/3693 
f 3692/3692/3692 3840/3840/3840 3695/3695/3695 
f 3840/3840/3840 3841/3841/3841 3695/3695/3695 
f 3840/3840/3840 3848/3848/3848 3841/3841/3841 
f 3692/3692/3692 3844/3844/3844 3840/3840/3840 
f 3692/3692/3692 3691/3691/3691 3697/3697/3697 
f 3697/3697/3697 3844/3844/3844 3692/3692/3692 
f 3691/3691/3691 3696/3696/3696 3697/3697/3697 
f 3697/3697/3697 3696/3696/3696 3699/3699/3699 
f 3696/3696/3696 3698/3698/3698 3699/3699/3699 
f 3699/3699/3699 3698/3698/3698 3860/3860/3860 
f 3699/3699/3699 3861/3861/3861 3697/3697/3697 
f 3697/3697/3697 3861/3861/3861 3844/3844/3844 
f 3860/3860/3860 3845/3845/3845 3699/3699/3699 
f 3699/3699/3699 3845/3845/3845 3861/3861/3861 
f 3860/3860/3860 3862/3862/3862 3845/3845/3845 
f 3862/3862/3862 3846/3846/3846 3845/3845/3845 
f 3845/3845/3845 3846/3846/3846 3842/3842/3842 
f 3845/3845/3845 3842/3842/3842 3861/3861/3861 
f 3861/3861/3861 3842/3842/3842 3844/3844/3844 
f 3842/3842/3842 3843/3843/3843 3844/3844/3844 
f 3850/3850/3850 3844/3844/3844 3843/3843/3843 
f 3843/3843/3843 3849/3849/3849 3850/3850/3850 
f 3719/3719/3719 3720/3720/3720 3721/3721/3721 
f 3719/3719/3719 3730/3730/3730 3720/3720/3720 
f 3728/3728/3728 3730/3730/3730 3719/3719/3719 
f 3728/3728/3728 3729/3729/3729 3730/3730/3730 
f 3733/3733/3733 3734/3734/3734 3735/3735/3735 
f 3735/3735/3735 3734/3734/3734 3737/3737/3737 
f 3734/3734/3734 3736/3736/3736 3737/3737/3737 
f 3737/3737/3737 3736/3736/3736 3877/3877/3877 
f 3704/3704/3704 3705/3705/3705 3706/3706/3706 
f 3705/3705/3705 3707/3707/3707 3706/3706/3706 
f 3710/3710/3710 3705/3705/3705 3704/3704/3704 
f 3709/3709/3709 3710/3710/3710 3704/3704/3704 
f 3709/3709/3709 4006/4006/4006 3710/3710/3710 
f 4339/4339/4339 4340/4340/4340 4341/4341/4341 
f 4339/4339/4339 4341/4341/4341 4342/4342/4342 
f 4339/4339/4339 4342/4342/4342 4348/4348/4348 
f 4250/4250/4250 4251/4251/4251 4252/4252/4252 
f 4253/4253/4253 4250/4250/4250 4252/4252/4252 
f 4257/4257/4257 4251/4251/4251 4250/4250/4250 
f 4257/4257/4257 4250/4250/4250 4258/4258/4258 
f 4232/4232/4232 4233/4233/4233 4234/4234/4234 
f 4233/4233/4233 4236/4236/4236 4234/4234/4234 
f 4234/4234/4234 4235/4235/4235 4232/4232/4232 
f 4269/4269/4269 4270/4270/4270 4271/4271/4271 
f 4276/4276/4276 4270/4270/4270 4269/4269/4269 
f 4276/4276/4276 4300/4300/4300 4270/4270/4270 
f 4269/4269/4269 4290/4290/4290 4276/4276/4276 
f 4272/4272/4272 4270/4270/4270 4300/4300/4300 
f 4271/4271/4271 4270/4270/4270 4272/4272/4272 
f 4276/4276/4276 4290/4290/4290 4312/4312/4312 
f 4272/4272/4272 4300/4300/4300 4299/4299/4299 
f 4299/4299/4299 4300/4300/4300 4301/4301/4301 
f 4273/4273/4273 4272/4272/4272 4299/4299/4299 
f 4271/4271/4271 4272/4272/4272 4273/4273/4273 
f 4303/4303/4303 4273/4273/4273 4299/4299/4299 
f 4274/4274/4274 4271/4271/4271 4273/4273/4273 
f 4302/4302/4302 4303/4303/4303 4299/4299/4299 
f 4302/4302/4302 4299/4299/4299 4301/4301/4301 
f 4302/4302/4302 4301/4301/4301 4304/4304/4304 
f 4301/4301/4301 4306/4306/4306 4304/4304/4304 
f 4275/4275/4275 4271/4271/4271 4274/4274/4274 
f 4304/4304/4304 4306/4306/4306 4308/4308/4308 
f 4275/4275/4275 4279/4279/4279 4271/4271/4271 
f 4269/4269/4269 4271/4271/4271 4279/4279/4279 
f 4279/4279/4279 4275/4275/4275 4281/4281/4281 
f 4306/4306/4306 4307/4307/4307 4308/4308/4308 
f 4278/4278/4278 4269/4269/4269 4279/4279/4279 
f 4307/4307/4307 4306/4306/4306 4312/4312/4312 
f 4307/4307/4307 4320/4320/4320 4308/4308/4308 
f 4277/4277/4277 4279/4279/4279 4281/4281/4281 
f 4277/4277/4277 4278/4278/4278 4279/4279/4279 
f 4281/4281/4281 4282/4282/4282 4277/4277/4277 
f 4269/4269/4269 4278/4278/4278 4290/4290/4290 
f 4307/4307/4307 4319/4319/4319 4320/4320/4320 
f 4319/4319/4319 4322/4322/4322 4320/4320/4320 
f 4312/4312/4312 4313/4313/4313 4307/4307/4307 
f 4313/4313/4313 4319/4319/4319 4307/4307/4307 
f 4290/4290/4290 4313/4313/4313 4312/4312/4312 
f 4319/4319/4319 4321/4321/4321 4322/4322/4322 
f 4321/4321/4321 4323/4323/4323 4322/4322/4322 
f 4313/4313/4313 4314/4314/4314 4319/4319/4319 
f 4314/4314/4314 4321/4321/4321 4319/4319/4319 
f 4290/4290/4290 4292/4292/4292 4313/4313/4313 
f 4292/4292/4292 4314/4314/4314 4313/4313/4313 
f 4278/4278/4278 4292/4292/4292 4290/4290/4290 
f 4321/4321/4321 4316/4316/4316 4323/4323/4323 
f 4316/4316/4316 4321/4321/4321 4314/4314/4314 
f 4316/4316/4316 4324/4324/4324 4323/4323/4323 
f 4316/4316/4316 4318/4318/4318 4324/4324/4324 
f 4316/4316/4316 4314/4314/4314 4315/4315/4315 
f 4316/4316/4316 4315/4315/4315 4318/4318/4318 
f 4315/4315/4315 4314/4314/4314 4292/4292/4292 
f 4315/4315/4315 4317/4317/4317 4318/4318/4318 
f 4315/4315/4315 4291/4291/4291 4317/4317/4317 
f 4315/4315/4315 4292/4292/4292 4291/4291/4291 
f 4291/4291/4291 4296/4296/4296 4317/4317/4317 
f 4278/4278/4278 4280/4280/4280 4292/4292/4292 
f 4277/4277/4277 4280/4280/4280 4278/4278/4278 
f 4291/4291/4291 4292/4292/4292 4284/4284/4284 
f 4292/4292/4292 4280/4280/4280 4284/4284/4284 
f 4291/4291/4291 4287/4287/4287 4296/4296/4296 
f 4291/4291/4291 4284/4284/4284 4287/4287/4287 
f 4296/4296/4296 4287/4287/4287 4294/4294/4294 
f 4296/4296/4296 4294/4294/4294 4325/4325/4325 
f 4277/4277/4277 4283/4283/4283 4280/4280/4280 
f 4282/4282/4282 4283/4283/4283 4277/4277/4277 
f 4282/4282/4282 4288/4288/4288 4283/4283/4283 
f 4280/4280/4280 4283/4283/4283 4285/4285/4285 
f 4288/4288/4288 4285/4285/4285 4283/4283/4283 
f 4284/4284/4284 4280/4280/4280 4285/4285/4285 
f 4285/4285/4285 4288/4288/4288 4289/4289/4289 
f 4284/4284/4284 4285/4285/4285 4286/4286/4286 
f 4286/4286/4286 4285/4285/4285 4289/4289/4289 
f 4284/4284/4284 4286/4286/4286 4287/4287/4287 
f 4286/4286/4286 4289/4289/4289 4297/4297/4297 
f 4287/4287/4287 4286/4286/4286 4293/4293/4293 
f 4286/4286/4286 4297/4297/4297 4293/4293/4293 
f 4287/4287/4287 4293/4293/4293 4294/4294/4294 
f 4293/4293/4293 4297/4297/4297 4298/4298/4298 
f 4294/4294/4294 4293/4293/4293 4295/4295/4295 
f 4293/4293/4293 4298/4298/4298 4295/4295/4295 
f 4325/4325/4325 4294/4294/4294 4295/4295/4295 
f 4295/4295/4295 4298/4298/4298 4326/4326/4326 
f 4325/4325/4325 4295/4295/4295 4326/4326/4326 
f 4298/4298/4298 4329/4329/4329 4326/4326/4326 
f 4325/4325/4325 4326/4326/4326 4327/4327/4327 
f 4326/4326/4326 4329/4329/4329 4328/4328/4328 
f 4326/4326/4326 4328/4328/4328 4327/4327/4327 
f 4254/4254/4254 4255/4255/4255 4256/4256/4256 
f 4255/4255/4255 4305/4305/4305 4256/4256/4256 
f 4254/4254/4254 4256/4256/4256 4259/4259/4259 
f 4262/4262/4262 4263/4263/4263 4264/4264/4264 
f 4237/4237/4237 4238/4238/4238 4239/4239/4239 
f 4238/4238/4238 4244/4244/4244 4239/4239/4239 
f 4240/4240/4240 4238/4238/4238 4237/4237/4237 
f 4246/4246/4246 4244/4244/4244 4238/4238/4238 
f 4249/4249/4249 4244/4244/4244 4246/4246/4246 
f 4242/4242/4242 4238/4238/4238 4240/4240/4240 
f 4246/4246/4246 4238/4238/4238 4242/4242/4242 
f 4248/4248/4248 4249/4249/4249 4246/4246/4246 
f 4330/4330/4330 4249/4249/4249 4248/4248/4248 
f 4330/4330/4330 4333/4333/4333 4249/4249/4249 
f 4247/4247/4247 4248/4248/4248 4246/4246/4246 
f 4330/4330/4330 4248/4248/4248 4247/4247/4247 
f 4334/4334/4334 4333/4333/4333 4330/4330/4330 
f 4247/4247/4247 4246/4246/4246 4245/4245/4245 
f 4245/4245/4245 4246/4246/4246 4242/4242/4242 
f 4311/4311/4311 4247/4247/4247 4245/4245/4245 
f 4311/4311/4311 4245/4245/4245 4309/4309/4309 
f 4332/4332/4332 4247/4247/4247 4311/4311/4311 
f 4332/4332/4332 4330/4330/4330 4247/4247/4247 
f 4365/4365/4365 4332/4332/4332 4311/4311/4311 
f 4331/4331/4331 4334/4334/4334 4330/4330/4330 
f 4331/4331/4331 4330/4330/4330 4332/4332/4332 
f 4351/4351/4351 4334/4334/4334 4331/4331/4331 
f 4309/4309/4309 4245/4245/4245 4241/4241/4241 
f 4245/4245/4245 4242/4242/4242 4241/4241/4241 
f 4309/4309/4309 4241/4241/4241 4310/4310/4310 
f 4310/4310/4310 4241/4241/4241 4260/4260/4260 
f 4241/4241/4241 4242/4242/4242 4243/4243/4243 
f 4241/4241/4241 4243/4243/4243 4260/4260/4260 
f 4242/4242/4242 4240/4240/4240 4243/4243/4243 
f 4260/4260/4260 4243/4243/4243 4261/4261/4261 
f 4243/4243/4243 4240/4240/4240 4266/4266/4266 
f 4243/4243/4243 4266/4266/4266 4261/4261/4261 
f 4240/4240/4240 4265/4265/4265 4266/4266/4266 
f 4261/4261/4261 4266/4266/4266 4268/4268/4268 
f 4266/4266/4266 4265/4265/4265 4267/4267/4267 
f 4266/4266/4266 4267/4267/4267 4268/4268/4268 
f 4335/4335/4335 4351/4351/4351 4331/4331/4331 
f 4352/4352/4352 4351/4351/4351 4335/4335/4335 
f 4335/4335/4335 4331/4331/4331 4336/4336/4336 
f 4336/4336/4336 4331/4331/4331 4332/4332/4332 
f 4336/4336/4336 4332/4332/4332 4365/4365/4365 
f 4366/4366/4366 4336/4336/4336 4365/4365/4365 
f 4338/4338/4338 4336/4336/4336 4366/4366/4366 
f 4338/4338/4338 4335/4335/4335 4336/4336/4336 
f 4367/4367/4367 4338/4338/4338 4366/4366/4366 
f 4337/4337/4337 4338/4338/4338 4367/4367/4367 
f 4337/4337/4337 4335/4335/4335 4338/4338/4338 
f 4337/4337/4337 4352/4352/4352 4335/4335/4335 
f 4354/4354/4354 4352/4352/4352 4337/4337/4337 
f 4352/4352/4352 4344/4344/4344 4351/4351/4351 
f 4354/4354/4354 4353/4353/4353 4352/4352/4352 
f 4353/4353/4353 4344/4344/4344 4352/4352/4352 
f 4355/4355/4355 4353/4353/4353 4354/4354/4354 
f 4343/4343/4343 4344/4344/4344 4345/4345/4345 
f 4345/4345/4345 4344/4344/4344 4346/4346/4346 
f 4353/4353/4353 4346/4346/4346 4344/4344/4344 
f 4345/4345/4345 4346/4346/4346 4347/4347/4347 
f 4355/4355/4355 4356/4356/4356 4353/4353/4353 
f 4356/4356/4356 4346/4346/4346 4353/4353/4353 
f 4355/4355/4355 4360/4360/4360 4356/4356/4356 
f 4360/4360/4360 4361/4361/4361 4356/4356/4356 
f 4361/4361/4361 4349/4349/4349 4356/4356/4356 
f 4356/4356/4356 4349/4349/4349 4346/4346/4346 
f 4347/4347/4347 4346/4346/4346 4349/4349/4349 
f 4347/4347/4347 4349/4349/4349 4350/4350/4350 
f 4357/4357/4357 4358/4358/4358 4359/4359/4359 
f 4362/4362/4362 4357/4357/4357 4359/4359/4359 
f 4358/4358/4358 4363/4363/4363 4359/4359/4359 
f 4358/4358/4358 4364/4364/4364 4363/4363/4363 
f 4405/4405/4405 4406/4406/4406 4407/4407/4407 
f 4405/4405/4405 4407/4407/4407 4408/4408/4408 
f 4405/4405/4405 4408/4408/4408 4409/4409/4409 
f 4410/4410/4410 4405/4405/4405 4409/4409/4409 
f 4384/4384/4384 4385/4385/4385 4386/4386/4386 
f 4402/4402/4402 4384/4384/4384 4403/4403/4403 
f 4404/4404/4404 4402/4402/4402 4403/4403/4403 
f 4387/4387/4387 4388/4388/4388 4389/4389/4389 
f 4389/4389/4389 4388/4388/4388 4393/4393/4393 
f 4389/4389/4389 4393/4393/4393 4394/4394/4394 
f 4399/4399/4399 4389/4389/4389 4394/4394/4394 
f 4399/4399/4399 4394/4394/4394 4400/4400/4400 
f 4399/4399/4399 4400/4400/4400 4401/4401/4401 
f 4389/4389/4389 4399/4399/4399 4398/4398/4398 
f 4390/4390/4390 4387/4387/4387 4389/4389/4389 
f 4389/4389/4389 4398/4398/4398 4390/4390/4390 
f 4390/4390/4390 4391/4391/4391 4387/4387/4387 
f 4398/4398/4398 4392/4392/4392 4390/4390/4390 
f 4390/4390/4390 4392/4392/4392 4391/4391/4391 
f 4374/4374/4374 4375/4375/4375 4376/4376/4376 
f 4382/4382/4382 4383/4383/4383 4374/4374/4374 
f 4376/4376/4376 4382/4382/4382 4374/4374/4374 
f 4381/4381/4381 4382/4382/4382 4376/4376/4376 
f 4380/4380/4380 4381/4381/4381 4376/4376/4376 
f 4375/4375/4375 4379/4379/4379 4376/4376/4376 
f 4376/4376/4376 4379/4379/4379 4380/4380/4380 
f 4375/4375/4375 4377/4377/4377 4379/4379/4379 
f 4379/4379/4379 4378/4378/4378 4380/4380/4380 
f 4377/4377/4377 4378/4378/4378 4379/4379/4379 
f 4395/4395/4395 4396/4396/4396 4397/4397/4397 
f 4368/4368/4368 4369/4369/4369 4370/4370/4370 
f 4369/4369/4369 4368/4368/4368 4371/4371/4371 
f 4373/4373/4373 4368/4368/4368 4370/4370/4370 
f 4371/4371/4371 4368/4368/4368 4372/4372/4372 
f 4372/4372/4372 4368/4368/4368 4373/4373/4373 
f 4480/4480/4480 4481/4481/4481 4482/4482/4482 
f 4482/4482/4482 4481/4481/4481 4484/4484/4484 
f 4483/4483/4483 4481/4481/4481 4480/4480/4480 
f 4427/4427/4427 4428/4428/4428 4429/4429/4429 
f 4427/4427/4427 4429/4429/4429 4471/4471/4471 
f 4471/4471/4471 4429/4429/4429 4472/4472/4472 
f 4471/4471/4471 4472/4472/4472 4473/4473/4473 
f 4472/4472/4472 4477/4477/4477 4473/4473/4473 
f 4477/4477/4477 4478/4478/4478 4473/4473/4473 
f 4478/4478/4478 4477/4477/4477 4479/4479/4479 
f 4415/4415/4415 4416/4416/4416 4417/4417/4417 
f 4439/4439/4439 4440/4440/4440 4441/4441/4441 
f 4439/4439/4439 4441/4441/4441 4444/4444/4444 
f 4444/4444/4444 4441/4441/4441 4485/4485/4485 
f 4444/4444/4444 4445/4445/4445 4439/4439/4439 
f 4444/4444/4444 4455/4455/4455 4445/4445/4445 
f 4456/4456/4456 4445/4445/4445 4455/4455/4455 
f 4456/4456/4456 4455/4455/4455 4468/4468/4468 
f 4423/4423/4423 4424/4424/4424 4425/4425/4425 
f 4423/4423/4423 4451/4451/4451 4424/4424/4424 
f 4437/4437/4437 4423/4423/4423 4425/4425/4425 
f 4451/4451/4451 4423/4423/4423 4452/4452/4452 
f 4451/4451/4451 4452/4452/4452 4458/4458/4458 
f 4438/4438/4438 4452/4452/4452 4423/4423/4423 
f 4438/4438/4438 4423/4423/4423 4437/4437/4437 
f 4436/4436/4436 4438/4438/4438 4437/4437/4437 
f 4436/4436/4436 4437/4437/4437 4430/4430/4430 
f 4430/4430/4430 4437/4437/4437 4431/4431/4431 
f 4430/4430/4430 4431/4431/4431 4432/4432/4432 
f 4420/4420/4420 4421/4421/4421 4422/4422/4422 
f 4433/4433/4433 4434/4434/4434 4435/4435/4435 
f 4446/4446/4446 4433/4433/4433 4435/4435/4435 
f 4442/4442/4442 4435/4435/4435 4443/4443/4443 
f 4447/4447/4447 4435/4435/4435 4442/4442/4442 
f 4447/4447/4447 4442/4442/4442 4448/4448/4448 
f 4450/4450/4450 4447/4447/4447 4448/4448/4448 
f 4449/4449/4449 4447/4447/4447 4450/4450/4450 
f 4450/4450/4450 4448/4448/4448 4457/4457/4457 
f 4453/4453/4453 4449/4449/4449 4450/4450/4450 
f 4454/4454/4454 4450/4450/4450 4457/4457/4457 
f 4453/4453/4453 4450/4450/4450 4454/4454/4454 
f 4467/4467/4467 4453/4453/4453 4454/4454/4454 
f 4411/4411/4411 4412/4412/4412 4413/4413/4413 
f 4411/4411/4411 4414/4414/4414 4412/4412/4412 
f 4414/4414/4414 4418/4418/4418 4412/4412/4412 
f 4418/4418/4418 4414/4414/4414 4419/4419/4419 
f 4418/4418/4418 4419/4419/4419 4426/4426/4426 
f 4426/4426/4426 4419/4419/4419 4466/4466/4466 
f 4459/4459/4459 4460/4460/4460 4461/4461/4461 
f 4462/4462/4462 4459/4459/4459 4461/4461/4461 
f 4462/4462/4462 4461/4461/4461 4463/4463/4463 
f 4464/4464/4464 4462/4462/4462 4463/4463/4463 
f 4464/4464/4464 4463/4463/4463 4465/4465/4465 
f 4469/4469/4469 4464/4464/4464 4465/4465/4465 
f 4469/4469/4469 4465/4465/4465 4470/4470/4470 
f 4474/4474/4474 4475/4475/4475 4476/4476/4476 
f 4486/4486/4486 4487/4487/4487 4488/4488/4488 
f 4486/4486/4486 4488/4488/4488 4537/4537/4537 
f 4486/4486/4486 4503/4503/4503 4487/4487/4487 
f 4503/4503/4503 4504/4504/4504 4487/4487/4487 
f 4486/4486/4486 4505/4505/4505 4503/4503/4503 
f 4537/4537/4537 4506/4506/4506 4486/4486/4486 
f 4486/4486/4486 4506/4506/4506 4505/4505/4505 
f 4537/4537/4537 4541/4541/4541 4506/4506/4506 
f 4506/4506/4506 4509/4509/4509 4505/4505/4505 
f 4541/4541/4541 4509/4509/4509 4506/4506/4506 
f 4509/4509/4509 4514/4514/4514 4505/4505/4505 
f 4541/4541/4541 4554/4554/4554 4509/4509/4509 
f 4515/4515/4515 4514/4514/4514 4509/4509/4509 
f 4554/4554/4554 4515/4515/4515 4509/4509/4509 
f 4515/4515/4515 4517/4517/4517 4514/4514/4514 
f 4554/4554/4554 4536/4536/4536 4515/4515/4515 
f 4515/4515/4515 4516/4516/4516 4517/4517/4517 
f 4536/4536/4536 4516/4516/4516 4515/4515/4515 
f 4516/4516/4516 4518/4518/4518 4517/4517/4517 
f 4536/4536/4536 4560/4560/4560 4516/4516/4516 
f 4553/4553/4553 4518/4518/4518 4516/4516/4516 
f 4560/4560/4560 4555/4555/4555 4516/4516/4516 
f 4552/4552/4552 4553/4553/4553 4516/4516/4516 
f 4555/4555/4555 4552/4552/4552 4516/4516/4516 
f 4552/4552/4552 4556/4556/4556 4553/4553/4553 
f 4555/4555/4555 4551/4551/4551 4552/4552/4552 
f 4552/4552/4552 4550/4550/4550 4556/4556/4556 
f 4551/4551/4551 4550/4550/4550 4552/4552/4552 
f 4550/4550/4550 4549/4549/4549 4556/4556/4556 
f 4551/4551/4551 4542/4542/4542 4550/4550/4550 
f 4550/4550/4550 4540/4540/4540 4549/4549/4549 
f 4542/4542/4542 4540/4540/4540 4550/4550/4550 
f 4542/4542/4542 4538/4538/4538 4540/4540/4540 
f 4549/4549/4549 4540/4540/4540 4543/4543/4543 
f 4538/4538/4538 4539/4539/4539 4540/4540/4540 
f 4540/4540/4540 4539/4539/4539 4543/4543/4543 
f 4543/4543/4543 4539/4539/4539 4544/4544/4544 
f 4530/4530/4530 4531/4531/4531 4532/4532/4532 
f 4531/4531/4531 4533/4533/4533 4532/4532/4532 
f 4531/4531/4531 4534/4534/4534 4533/4533/4533 
f 4519/4519/4519 4520/4520/4520 4521/4521/4521 
f 4500/4500/4500 4501/4501/4501 4502/4502/4502 
f 4501/4501/4501 4507/4507/4507 4502/4502/4502 
f 4507/4507/4507 4508/4508/4508 4502/4502/4502 
f 4507/4507/4507 4524/4524/4524 4508/4508/4508 
f 4524/4524/4524 4525/4525/4525 4508/4508/4508 
f 4489/4489/4489 4490/4490/4490 4491/4491/4491 
f 4494/4494/4494 4489/4489/4489 4491/4491/4491 
f 4495/4495/4495 4494/4494/4494 4491/4491/4491 
f 4499/4499/4499 4489/4489/4489 4494/4494/4494 
f 4494/4494/4494 4495/4495/4495 4499/4499/4499 
f 4495/4495/4495 4491/4491/4491 4496/4496/4496 
f 4510/4510/4510 4495/4495/4495 4496/4496/4496 
f 4510/4510/4510 4496/4496/4496 4511/4511/4511 
f 4495/4495/4495 4510/4510/4510 4529/4529/4529 
f 4512/4512/4512 4510/4510/4510 4511/4511/4511 
f 4512/4512/4512 4511/4511/4511 4513/4513/4513 
f 4522/4522/4522 4512/4512/4512 4513/4513/4513 
f 4522/4522/4522 4513/4513/4513 4523/4523/4523 
f 4512/4512/4512 4522/4522/4522 4571/4571/4571 
f 4522/4522/4522 4523/4523/4523 4562/4562/4562 
f 4523/4523/4523 4561/4561/4561 4562/4562/4562 
f 4561/4561/4561 4559/4559/4559 4562/4562/4562 
f 4559/4559/4559 4563/4563/4563 4562/4562/4562 
f 4562/4562/4562 4563/4563/4563 4575/4575/4575 
f 4563/4563/4563 4559/4559/4559 4558/4558/4558 
f 4575/4575/4575 4563/4563/4563 4558/4558/4558 
f 4559/4559/4559 4557/4557/4557 4558/4558/4558 
f 4548/4548/4548 4558/4558/4558 4557/4557/4557 
f 4548/4548/4548 4557/4557/4557 4545/4545/4545 
f 4545/4545/4545 4547/4547/4547 4548/4548/4548 
f 4545/4545/4545 4546/4546/4546 4547/4547/4547 
f 4574/4574/4574 4558/4558/4558 4548/4548/4548 
f 4575/4575/4575 4558/4558/4558 4574/4574/4574 
f 4574/4574/4574 4577/4577/4577 4575/4575/4575 
f 4576/4576/4576 4577/4577/4577 4574/4574/4574 
f 4577/4577/4577 4578/4578/4578 4575/4575/4575 
f 4577/4577/4577 4579/4579/4579 4578/4578/4578 
f 4578/4578/4578 4579/4579/4579 4573/4573/4573 
f 4579/4579/4579 4580/4580/4580 4573/4573/4573 
f 4580/4580/4580 4572/4572/4572 4573/4573/4573 
f 4573/4573/4573 4572/4572/4572 4571/4571/4571 
f 4571/4571/4571 4572/4572/4572 4535/4535/4535 
f 4512/4512/4512 4571/4571/4571 4535/4535/4535 
f 4510/4510/4510 4512/4512/4512 4535/4535/4535 
f 4572/4572/4572 4569/4569/4569 4535/4535/4535 
f 4529/4529/4529 4510/4510/4510 4535/4535/4535 
f 4569/4569/4569 4529/4529/4529 4535/4535/4535 
f 4569/4569/4569 4568/4568/4568 4529/4529/4529 
f 4569/4569/4569 4570/4570/4570 4568/4568/4568 
f 4567/4567/4567 4568/4568/4568 4570/4570/4570 
f 4567/4567/4567 4566/4566/4566 4568/4568/4568 
f 4529/4529/4529 4568/4568/4568 4566/4566/4566 
f 4565/4565/4565 4566/4566/4566 4567/4567/4567 
f 4529/4529/4529 4566/4566/4566 4527/4527/4527 
f 4495/4495/4495 4529/4529/4529 4527/4527/4527 
f 4565/4565/4565 4528/4528/4528 4566/4566/4566 
f 4527/4527/4527 4566/4566/4566 4528/4528/4528 
f 4528/4528/4528 4565/4565/4565 4564/4564/4564 
f 4495/4495/4495 4527/4527/4527 4499/4499/4499 
f 4527/4527/4527 4528/4528/4528 4499/4499/4499 
f 4526/4526/4526 4528/4528/4528 4564/4564/4564 
f 4499/4499/4499 4528/4528/4528 4526/4526/4526 
f 4499/4499/4499 4526/4526/4526 4492/4492/4492 
f 4492/4492/4492 4526/4526/4526 4498/4498/4498 
f 4499/4499/4499 4492/4492/4492 4489/4489/4489 
f 4492/4492/4492 4498/4498/4498 4497/4497/4497 
f 4492/4492/4492 4493/4493/4493 4489/4489/4489 
f 4492/4492/4492 4497/4497/4497 4493/4493/4493 
f 4581/4581/4581 4582/4582/4582 4583/4583/4583 
f 4581/4581/4581 4626/4626/4626 4582/4582/4582 
f 4584/4584/4584 4581/4581/4581 4583/4583/4583 
f 4584/4584/4584 4583/4583/4583 4585/4585/4585 
f 4581/4581/4581 4596/4596/4596 4626/4626/4626 
f 4596/4596/4596 4625/4625/4625 4626/4626/4626 
f 4596/4596/4596 4595/4595/4595 4625/4625/4625 
f 4594/4594/4594 4595/4595/4595 4596/4596/4596 
f 4659/4659/4659 4596/4596/4596 4581/4581/4581 
f 4659/4659/4659 4594/4594/4594 4596/4596/4596 
f 4584/4584/4584 4659/4659/4659 4581/4581/4581 
f 4598/4598/4598 4594/4594/4594 4659/4659/4659 
f 4598/4598/4598 4659/4659/4659 4584/4584/4584 
f 4589/4589/4589 4584/4584/4584 4585/4585/4585 
f 4589/4589/4589 4598/4598/4598 4584/4584/4584 
f 4589/4589/4589 4585/4585/4585 4590/4590/4590 
f 4597/4597/4597 4598/4598/4598 4589/4589/4589 
f 4598/4598/4598 4599/4599/4599 4600/4600/4600 
f 4599/4599/4599 4601/4601/4601 4600/4600/4600 
f 4587/4587/4587 4589/4589/4589 4590/4590/4590 
f 4597/4597/4597 4589/4589/4589 4587/4587/4587 
f 4587/4587/4587 4590/4590/4590 4588/4588/4588 
f 4586/4586/4586 4587/4587/4587 4588/4588/4588 
f 4586/4586/4586 4597/4597/4597 4587/4587/4587 
f 4586/4586/4586 4602/4602/4602 4597/4597/4597 
f 4591/4591/4591 4592/4592/4592 4593/4593/4593 
f 4592/4592/4592 4660/4660/4660 4593/4593/4593 
f 4591/4591/4591 4593/4593/4593 4603/4603/4603 
f 4660/4660/4660 4679/4679/4679 4593/4593/4593 
f 4604/4604/4604 4603/4603/4603 4593/4593/4593 
f 4679/4679/4679 4604/4604/4604 4593/4593/4593 
f 4612/4612/4612 4613/4613/4613 4614/4614/4614 
f 4613/4613/4613 4627/4627/4627 4614/4614/4614 
f 4627/4627/4627 4613/4613/4613 4631/4631/4631 
f 4612/4612/4612 4614/4614/4614 4622/4622/4622 
f 4617/4617/4617 4612/4612/4612 4622/4622/4622 
f 4627/4627/4627 4615/4615/4615 4614/4614/4614 
f 4617/4617/4617 4622/4622/4622 4618/4618/4618 
f 4617/4617/4617 4618/4618/4618 4619/4619/4619 
f 4619/4619/4619 4618/4618/4618 4620/4620/4620 
f 4622/4622/4622 4614/4614/4614 4616/4616/4616 
f 4615/4615/4615 4616/4616/4616 4614/4614/4614 
f 4618/4618/4618 4622/4622/4622 4623/4623/4623 
f 4622/4622/4622 4616/4616/4616 4623/4623/4623 
f 4618/4618/4618 4646/4646/4646 4620/4620/4620 
f 4646/4646/4646 4618/4618/4618 4623/4623/4623 
f 4620/4620/4620 4646/4646/4646 4649/4649/4649 
f 4652/4652/4652 4620/4620/4620 4649/4649/4649 
f 4653/4653/4653 4652/4652/4652 4649/4649/4649 
f 4649/4649/4649 4646/4646/4646 4650/4650/4650 
f 4646/4646/4646 4623/4623/4623 4650/4650/4650 
f 4653/4653/4653 4649/4649/4649 4668/4668/4668 
f 4624/4624/4624 4623/4623/4623 4616/4616/4616 
f 4624/4624/4624 4650/4650/4650 4623/4623/4623 
f 4615/4615/4615 4624/4624/4624 4616/4616/4616 
f 4651/4651/4651 4649/4649/4649 4650/4650/4650 
f 4624/4624/4624 4651/4651/4651 4650/4650/4650 
f 4651/4651/4651 4668/4668/4668 4649/4649/4649 
f 4670/4670/4670 4653/4653/4653 4668/4668/4668 
f 4651/4651/4651 4624/4624/4624 4636/4636/4636 
f 4624/4624/4624 4615/4615/4615 4636/4636/4636 
f 4668/4668/4668 4651/4651/4651 4661/4661/4661 
f 4651/4651/4651 4636/4636/4636 4661/4661/4661 
f 4669/4669/4669 4670/4670/4670 4668/4668/4668 
f 4669/4669/4669 4668/4668/4668 4661/4661/4661 
f 4670/4670/4670 4669/4669/4669 4675/4675/4675 
f 4615/4615/4615 4632/4632/4632 4636/4636/4636 
f 4615/4615/4615 4627/4627/4627 4632/4632/4632 
f 4661/4661/4661 4636/4636/4636 4637/4637/4637 
f 4636/4636/4636 4632/4632/4632 4637/4637/4637 
f 4669/4669/4669 4661/4661/4661 4667/4667/4667 
f 4661/4661/4661 4637/4637/4637 4667/4667/4667 
f 4669/4669/4669 4671/4671/4671 4675/4675/4675 
f 4669/4669/4669 4667/4667/4667 4671/4671/4671 
f 4675/4675/4675 4671/4671/4671 4676/4676/4676 
f 4671/4671/4671 4673/4673/4673 4676/4676/4676 
f 4673/4673/4673 4671/4671/4671 4667/4667/4667 
f 4677/4677/4677 4676/4676/4676 4673/4673/4673 
f 4662/4662/4662 4673/4673/4673 4667/4667/4667 
f 4662/4662/4662 4667/4667/4667 4637/4637/4637 
f 4672/4672/4672 4677/4677/4677 4673/4673/4673 
f 4662/4662/4662 4672/4672/4672 4673/4673/4673 
f 4672/4672/4672 4678/4678/4678 4677/4677/4677 
f 4672/4672/4672 4666/4666/4666 4678/4678/4678 
f 4666/4666/4666 4674/4674/4674 4678/4678/4678 
f 4666/4666/4666 4665/4665/4665 4674/4674/4674 
f 4663/4663/4663 4666/4666/4666 4672/4672/4672 
f 4662/4662/4662 4663/4663/4663 4672/4672/4672 
f 4664/4664/4664 4665/4665/4665 4666/4666/4666 
f 4663/4663/4663 4664/4664/4664 4666/4666/4666 
f 4644/4644/4644 4665/4665/4665 4664/4664/4664 
f 4644/4644/4644 4645/4645/4645 4665/4665/4665 
f 4643/4643/4643 4645/4645/4645 4644/4644/4644 
f 4642/4642/4642 4643/4643/4643 4644/4644/4644 
f 4641/4641/4641 4644/4644/4644 4664/4664/4664 
f 4642/4642/4642 4644/4644/4644 4641/4641/4641 
f 4641/4641/4641 4664/4664/4664 4663/4663/4663 
f 4639/4639/4639 4642/4642/4642 4641/4641/4641 
f 4640/4640/4640 4663/4663/4663 4662/4662/4662 
f 4640/4640/4640 4641/4641/4641 4663/4663/4663 
f 4639/4639/4639 4641/4641/4641 4640/4640/4640 
f 4640/4640/4640 4662/4662/4662 4637/4637/4637 
f 4638/4638/4638 4639/4639/4639 4640/4640/4640 
f 4638/4638/4638 4640/4640/4640 4637/4637/4637 
f 4638/4638/4638 4637/4637/4637 4633/4633/4633 
f 4632/4632/4632 4633/4633/4633 4637/4637/4637 
f 4635/4635/4635 4638/4638/4638 4633/4633/4633 
f 4632/4632/4632 4628/4628/4628 4633/4633/4633 
f 4627/4627/4627 4628/4628/4628 4632/4632/4632 
f 4627/4627/4627 4631/4631/4631 4628/4628/4628 
f 4628/4628/4628 4631/4631/4631 4629/4629/4629 
f 4628/4628/4628 4630/4630/4630 4633/4633/4633 
f 4635/4635/4635 4633/4633/4633 4630/4630/4630 
f 4628/4628/4628 4629/4629/4629 4630/4630/4630 
f 4630/4630/4630 4634/4634/4634 4635/4635/4635 
f 4630/4630/4630 4629/4629/4629 4634/4634/4634 
f 4605/4605/4605 4606/4606/4606 4607/4607/4607 
f 4607/4607/4607 4606/4606/4606 4611/4611/4611 
f 4608/4608/4608 4605/4605/4605 4607/4607/4607 
f 4607/4607/4607 4611/4611/4611 4610/4610/4610 
f 4609/4609/4609 4608/4608/4608 4607/4607/4607 
f 4609/4609/4609 4607/4607/4607 4610/4610/4610 
f 4647/4647/4647 4608/4608/4608 4609/4609/4609 
f 4621/4621/4621 4609/4609/4609 4610/4610/4610 
f 4647/4647/4647 4609/4609/4609 4648/4648/4648 
f 4648/4648/4648 4609/4609/4609 4621/4621/4621 
f 4654/4654/4654 4647/4647/4647 4648/4648/4648 
f 4656/4656/4656 4648/4648/4648 4621/4621/4621 
f 4654/4654/4654 4648/4648/4648 4655/4655/4655 
f 4655/4655/4655 4648/4648/4648 4656/4656/4656 
f 4657/4657/4657 4654/4654/4654 4655/4655/4655 
f 4658/4658/4658 4655/4655/4655 4656/4656/4656 
f 4655/4655/4655 4658/4658/4658 4657/4657/4657 
f 4680/4680/4680 4681/4681/4681 4682/4682/4682 
f 4681/4681/4681 4685/4685/4685 4682/4682/4682 
f 4680/4680/4680 4684/4684/4684 4681/4681/4681 
f 4680/4680/4680 4683/4683/4683 4684/4684/4684 
f 4681/4681/4681 4684/4684/4684 4687/4687/4687 
f 4681/4681/4681 4686/4686/4686 4685/4685/4685 
f 4686/4686/4686 4681/4681/4681 4687/4687/4687 
f 4686/4686/4686 4688/4688/4688 4685/4685/4685 
f 4686/4686/4686 4687/4687/4687 4689/4689/4689 
f 4686/4686/4686 4690/4690/4690 4688/4688/4688 
f 4690/4690/4690 4686/4686/4686 4689/4689/4689 

g Rig11

v 1.60075 6.85971 0.0761211 
v 1.29345 6.81807 0.110755 
v 1.47577 6.77016 0.265234 
v 1.26745 6.80238 0.142915 
v 1.63625 6.85247 0.101268 
v 1.31525 6.68791 0.429193 
v 1.68405 6.73797 0.387641 
v 1.35085 6.68057 0.454305 
v 1.65815 6.72222 0.41967 
v 1.59561 6.22322 -0.31541 
v 1.55383 6.23812 -0.301774 
v 1.66786 6.47905 -0.217021 
v 1.6601 6.26152 -0.309901 
v 1.70488 6.30864 -0.297185 
v 1.75426 6.41035 -0.261605 
v 1.76084 6.51017 -0.219475 
v 1.72309 6.60771 -0.170737 
v 1.5035 6.53848 -0.163044 
v 1.62404 6.67674 -0.123825 
v 1.52231 6.70909 -0.0923509 
v 1.40669 6.7089 -0.072577 
v 1.33848 6.59816 -0.108849 
v 1.29779 6.67651 -0.067919 
v 1.22792 6.63636 -0.073282 
v 1.27862 6.47446 -0.152141 
v 1.17 6.51914 -0.114123 
v 1.16694 6.43991 -0.147937 
v 1.24869 6.41261 -0.173786 
v 1.18458 6.36328 -0.184132 
v 1.22055 6.35077 -0.195736 
v 1.68562 5.99543 0.209832 
v 1.75791 6.25113 0.308514 
v 1.64383 6.01034 0.22344 
v 1.75012 6.0337 0.215422 
v 1.79491 6.08078 0.228212 
v 1.84431 6.18244 0.263903 
v 1.8509 6.28224 0.306088 
v 1.8126 6.37159 0.351438 
v 1.59355 6.31059 0.362431 
v 1.71411 6.44879 0.401793 
v 1.61237 6.48114 0.433251 
v 1.49674 6.48098 0.452951 
v 1.42909 6.37198 0.419961 
v 1.38783 6.44863 0.457536 
v 1.31833 6.40755 0.454304 
v 1.35667 6.27712 0.303452 
v 1.25219 6.312 0.365517 
v 1.23184 6.23471 0.245761 
v 1.30879 6.22124 0.22034 
v 1.23951 6.19113 0.135485 
v 1.26559 6.18594 0.117923 
v 1.70472 6.48699 0.27298 
v 1.68405 6.73797 0.387641 
v 1.65815 6.72222 0.41967 
v 1.68012 6.46744 0.304037 
v 1.35085 6.68057 0.454305 
v 1.33552 6.42181 0.313001 
v 1.37222 6.40733 0.332922 
v 1.31525 6.68791 0.429193 
v 1.26909 6.44082 0.42401 
v 1.25219 6.312 0.365517 
v 1.31833 6.40755 0.454304 
v 1.20296 6.34331 0.3279 
v 1.35988 6.49635 0.432575 
v 1.23184 6.23471 0.245761 
v 1.38783 6.44863 0.457536 
v 1.18497 6.27196 0.218544 
v 1.48419 6.53543 0.428258 
v 1.23951 6.19113 0.135485 
v 1.20029 6.21022 0.092328 
v 1.49674 6.48098 0.452951 
v 1.6152 6.53666 0.406362 
v 1.61237 6.48114 0.433251 
v 1.73064 6.49938 0.370434 
v 1.71411 6.44879 0.401793 
v 1.83976 6.42017 0.317377 
v 1.8126 6.37159 0.351438 
v 1.88289 6.30817 0.261395 
v 1.8509 6.28224 0.306088 
v 1.84431 6.18244 0.263903 
v 1.87695 6.18805 0.210284 
v 1.79491 6.08078 0.228212 
v 1.82601 6.08123 0.172648 
v 1.76589 6.01658 0.154867 
v 1.75012 6.0337 0.215422 
v 1.68562 5.99543 0.209832 
v 1.67319 5.96918 0.150161 
v 1.67319 5.96918 0.150161 
v 1.64383 6.01034 0.22344 
v 1.60891 5.99254 0.171308 
v 1.59355 6.02158 0.186538 
v 1.69803 6.24006 0.263476 
v 1.75791 6.25113 0.308514 
v 1.22792 6.63636 -0.073282 
v 1.1363 6.51199 -0.0610591 
v 1.19246 6.63279 -0.0183421 
v 1.28404 6.68829 -0.010005 
v 1.17 6.51914 -0.114123 
v 1.29779 6.67651 -0.067919 
v 1.12974 6.41161 -0.103444 
v 1.40834 6.72739 -0.014384 
v 1.16694 6.43991 -0.147937 
v 1.40669 6.7089 -0.072577 
v 1.18458 6.36328 -0.184132 
v 1.15869 6.31537 -0.150112 
v 1.53934 6.72864 -0.0363139 
v 1.52231 6.70909 -0.0923509 
v 1.62404 6.67674 -0.123825 
v 1.65478 6.69138 -0.0722779 
v 1.72309 6.60771 -0.170737 
v 1.7639 6.61216 -0.125326 
v 1.80703 6.50015 -0.181275 
v 1.76084 6.51017 -0.219475 
v 1.75426 6.41035 -0.261605 
v 1.8011 6.38001 -0.232329 
v 1.70488 6.30864 -0.297185 
v 1.75018 6.27316 -0.269907 
v 1.6601 6.26152 -0.309901 
v 1.69007 6.20848 -0.287612 
v 1.59561 6.22322 -0.31541 
v 1.59738 6.16106 -0.292258 
v 1.5331 6.18441 -0.271118 
v 1.59738 6.16106 -0.292258 
v 1.55383 6.23812 -0.301774 
v 1.51774 6.21345 -0.255893 
v 1.62219 6.432 -0.179099 
v 1.66786 6.47905 -0.217021 
v 1.29982 6.61112 0.0272371 
v 1.26745 6.80238 0.142915 
v 1.29345 6.81807 0.110755 
v 1.27522 6.59157 0.058294 
v 1.60762 6.67114 -0.00168286 
v 1.60075 6.85971 0.0761211 
v 1.63625 6.85247 0.101268 
v 1.64432 6.65675 0.0182722 
v 1.2952 6.2003 0.0717611 
v 1.26559 6.18594 0.117923 
v 1.25454 6.19106 0.074721 
v 1.30997 6.19407 0.123294 
v 1.20029 6.21022 0.092328 
v 1.68012 6.46744 0.304037 
v 1.35085 6.68057 0.454305 
v 1.37222 6.40733 0.332922 
v 1.65815 6.72222 0.41967 
v 1.31525 6.68791 0.429193 
v 1.27522 6.59157 0.058294 
v 1.33552 6.42181 0.313001 
v 1.26745 6.80238 0.142915 
v 1.63625 6.85247 0.101268 
v 1.68405 6.73797 0.387641 
v 1.64432 6.65675 0.0182722 
v 1.70472 6.48699 0.27298 
v 1.59355 6.31059 0.362431 
v 1.43573 6.33427 0.349255 
v 1.56715 6.28702 0.306258 
v 1.42909 6.37198 0.419961 
v 1.69803 6.24006 0.263476 
v 1.75791 6.25113 0.308514 
v 1.5035 6.53848 -0.163044 
v 1.3599 6.52619 -0.093274 
v 1.33848 6.59816 -0.108849 
v 1.49131 6.47895 -0.136295 
v 1.62219 6.432 -0.179099 
v 1.66786 6.47905 -0.217021 
v 1.29345 6.81807 0.110755 
v 1.60762 6.67114 -0.00168286 
v 1.29982 6.61112 0.0272371 
v 1.60075 6.85971 0.0761211 
v 1.35667 6.27712 0.303452 
v 1.43573 6.33427 0.349255 
v 1.42909 6.37198 0.419961 
v 1.38245 6.26894 0.27196 
v 1.30879 6.22124 0.22034 
v 1.34383 6.22217 0.201518 
v 1.30997 6.19407 0.123294 
v 1.26559 6.18594 0.117923 
v 1.21287 6.29606 -0.167781 
v 1.22055 6.35077 -0.195736 
v 1.25367 6.30537 -0.170746 
v 1.15869 6.31537 -0.150112 
v 1.28416 6.37308 -0.146628 
v 1.24869 6.41261 -0.173786 
v 1.31465 6.44079 -0.122509 
v 1.27862 6.47446 -0.152141 
v 1.3599 6.52619 -0.093274 
v 1.33848 6.59816 -0.108849 
v 1.23467 6.52755 0.22406 
v 1.20296 6.34331 0.3279 
v 1.26909 6.44082 0.42401 
v 1.17798 6.40684 0.181422 
v 1.18497 6.27196 0.218544 
v 1.17134 6.30648 0.139035 
v 1.20029 6.21022 0.092328 
v 1.12974 6.41161 -0.103444 
v 1.1363 6.51199 -0.0610591 
v 1.15869 6.31537 -0.150112 
v 1.19246 6.63279 -0.0183421 
v 1.25454 6.19106 0.074721 
v 1.21287 6.29606 -0.167781 
v 1.25367 6.30537 -0.170746 
v 1.2952 6.2003 0.0717611 
v 1.28404 6.68829 -0.010005 
v 1.32632 6.5839 0.232792 
v 1.40834 6.72739 -0.014384 
v 1.35988 6.49635 0.432575 
v 1.45062 6.62299 0.228444 
v 1.53934 6.72864 -0.0363139 
v 1.48419 6.53543 0.428258 
v 1.58163 6.62432 0.206573 
v 1.6152 6.53666 0.406362 
v 1.73064 6.49938 0.370434 
v 1.69705 6.58697 0.170594 
v 1.65478 6.69138 -0.0722779 
v 1.83976 6.42017 0.317377 
v 1.80618 6.50764 0.117492 
v 1.7639 6.61216 -0.125326 
v 1.88289 6.30817 0.261395 
v 1.8493 6.39575 0.0615763 
v 1.80703 6.50015 -0.181275 
v 1.8011 6.38001 -0.232329 
v 1.84339 6.2757 0.0105253 
v 1.87695 6.18805 0.210284 
v 1.75018 6.27316 -0.269907 
v 1.79243 6.16878 -0.0271139 
v 1.82601 6.08123 0.172648 
v 1.69007 6.20848 -0.287612 
v 1.73233 6.1041 -0.0448648 
v 1.76589 6.01658 0.154867 
v 1.67319 5.96918 0.150161 
v 1.63966 6.05678 -0.0495099 
v 1.59738 6.16106 -0.292258 
v 1.5331 6.18441 -0.271118 
v 1.57534 6.08006 -0.0283889 
v 1.51774 6.21345 -0.255893 
v 1.60891 5.99254 0.171308 
v 1.55997 6.10901 -0.0132028 
v 1.59355 6.02158 0.186538 
v 1.53299 6.37389 0.106297 
v 1.56715 6.28702 0.306258 
v 1.4016 6.421 0.149244 
v 1.43573 6.33427 0.349255 
v 1.69803 6.24006 0.263476 
v 1.3599 6.52619 -0.093274 
v 1.66386 6.32687 0.0634802 
v 1.49131 6.47895 -0.136295 
v 1.62219 6.432 -0.179099 
v 1.4016 6.421 0.149244 
v 1.38245 6.26894 0.27196 
v 1.35626 6.33566 0.120003 
v 1.43573 6.33427 0.349255 
v 1.34383 6.22217 0.201518 
v 1.31465 6.44079 -0.122509 
v 1.3599 6.52619 -0.093274 
v 1.28416 6.37308 -0.146628 
v 1.32573 6.26798 0.095882 
v 1.30997 6.19407 0.123294 
v 1.25367 6.30537 -0.170746 
v 1.2952 6.2003 0.0717611 
v 1.55997 6.10901 -0.0132028 
v 1.69803 6.24006 0.263476 
v 1.66386 6.32687 0.0634802 
v 1.59355 6.02158 0.186538 
v 1.51774 6.21345 -0.255893 
v 1.62219 6.432 -0.179099 

vn -0.0787402 0.92126 0.377953 
vn -0.0787402 0.92126 0.385827 
vn -0.0787402 0.92126 0.377953 
vn -0.0787402 0.92126 0.385827 
vn -0.0787402 0.92126 0.377953 
vn -0.0787402 0.92126 0.385827 
vn -0.0866142 0.92126 0.385827 
vn -0.0787402 0.92126 0.385827 
vn -0.0866142 0.92126 0.385827 
vn -0.15748 0.393701 -0.905512 
vn -0.15748 0.393701 -0.905512 
vn -0.15748 0.393701 -0.905512 
vn -0.15748 0.393701 -0.905512 
vn -0.15748 0.393701 -0.905512 
vn -0.15748 0.393701 -0.905512 
vn -0.15748 0.393701 -0.905512 
vn -0.15748 0.393701 -0.905512 
vn -0.15748 0.393701 -0.905512 
vn -0.15748 0.393701 -0.905512 
vn -0.15748 0.393701 -0.905512 
vn -0.15748 0.393701 -0.905512 
vn -0.15748 0.393701 -0.905512 
vn -0.15748 0.393701 -0.905512 
vn -0.15748 0.393701 -0.905512 
vn -0.15748 0.393701 -0.905512 
vn -0.15748 0.393701 -0.905512 
vn -0.15748 0.393701 -0.905512 
vn -0.15748 0.393701 -0.905512 
vn -0.15748 0.393701 -0.905512 
vn -0.15748 0.393701 -0.905512 
vn 0.15748 -0.393701 0.905512 
vn 0.15748 -0.393701 0.905512 
vn 0.15748 -0.393701 0.905512 
vn 0.15748 -0.393701 0.905512 
vn 0.15748 -0.393701 0.905512 
vn 0.15748 -0.393701 0.905512 
vn 0.15748 -0.393701 0.905512 
vn 0.15748 -0.393701 0.905512 
vn 0.15748 -0.393701 0.905512 
vn 0.15748 -0.393701 0.905512 
vn 0.15748 -0.393701 0.905512 
vn 0.165354 -0.385827 0.905512 
vn 0.133858 -0.511811 0.850394 
vn 0.165354 -0.370079 0.913386 
vn 0.0944882 -0.629921 0.771654 
vn 0.0393701 -0.80315 0.598425 
vn 0.0472441 -0.787402 0.614173 
vn 0.015748 -0.88189 0.472441 
vn 0.00787402 -0.889764 0.448819 
vn -0.023622 -0.937008 0.354331 
vn -0.023622 -0.937008 0.354331 
vn 0.818898 -0.181102 0.551181 
vn 0.818898 -0.181102 0.551181 
vn 0.818898 -0.181102 0.551181 
vn 0.818898 -0.181102 0.551181 
vn -0.566929 -0.370079 0.732283 
vn -0.566929 -0.370079 0.732283 
vn -0.566929 -0.370079 0.732283 
vn -0.566929 -0.370079 0.732283 
vn -0.543307 -0.015748 0.84252 
vn -0.685039 -0.362205 0.629921 
vn -0.456693 0.125984 0.88189 
vn -0.692913 -0.433071 0.574803 
vn -0.188976 0.377953 0.905512 
vn -0.692913 -0.622047 0.370079 
vn -0.181102 0.377953 0.905512 
vn -0.685039 -0.629921 0.354331 
vn 0.023622 0.425197 0.905512 
vn -0.527559 -0.84252 0.102362 
vn -0.511811 -0.850394 0.0944882 
vn 0.0314961 0.425197 0.905512 
vn 0.267717 0.409449 0.866142 
vn 0.267717 0.409449 0.874016 
vn 0.488189 0.322835 0.811024 
vn 0.480315 0.322835 0.811024 
vn 0.692913 0.141732 0.708661 
vn 0.700787 0.133858 0.700787 
vn 0.826772 -0.11811 0.551181 
vn 0.826772 -0.11811 0.551181 
vn 0.811024 -0.377953 0.448819 
vn 0.80315 -0.393701 0.448819 
vn 0.692913 -0.606299 0.385827 
vn 0.700787 -0.598425 0.385827 
vn 0.535433 -0.779528 0.338583 
vn 0.543307 -0.76378 0.338583 
vn 0.15748 -0.905512 0.385827 
vn 0.11811 -0.913386 0.393701 
vn 0.11811 -0.913386 0.393701 
vn -0.488189 -0.511811 0.708661 
vn -0.370079 -0.779528 0.511811 
vn -0.606299 -0.330709 0.724409 
vn -0.724409 -0.488189 0.488189 
vn -0.598425 0 0.80315 
vn -0.606299 0.716535 -0.346457 
vn -0.787402 0.393701 -0.472441 
vn -0.653543 0.661417 -0.370079 
vn -0.393701 0.88189 -0.267717 
vn -0.795276 0.385827 -0.472441 
vn -0.377953 0.88189 -0.267717 
vn -0.818898 0.15748 -0.551181 
vn -0.181102 0.937008 -0.291339 
vn -0.818898 0.165354 -0.551181 
vn -0.173228 0.944882 -0.291339 
vn -0.645669 -0.15748 -0.748031 
vn -0.637795 -0.165354 -0.755906 
vn 0.0629921 0.937008 -0.338583 
vn 0.0629921 0.937008 -0.338583 
vn 0.275591 0.874016 -0.401575 
vn 0.283465 0.866142 -0.409449 
vn 0.496063 0.692913 -0.527559 
vn 0.503937 0.685039 -0.527559 
vn 0.629921 0.401575 -0.661417 
vn 0.629921 0.401575 -0.661417 
vn 0.598425 0.15748 -0.787402 
vn 0.590551 0.141732 -0.795276 
vn 0.480315 -0.0629921 -0.874016 
vn 0.480315 -0.0551181 -0.874016 
vn 0.330709 -0.220472 -0.92126 
vn 0.314961 -0.228346 -0.92126 
vn -0.0708661 -0.330709 -0.937008 
vn -0.110236 -0.338583 -0.937008 
vn -0.590551 -0.212598 -0.779528 
vn -0.110236 -0.338583 -0.937008 
vn -0.724409 0.0944882 -0.685039 
vn -0.818898 0.212598 -0.527559 
vn -0.795276 0.496063 -0.346457 
vn -0.795276 0.496063 -0.346457 
vn -0.818898 0.188976 -0.543307 
vn -0.818898 0.188976 -0.543307 
vn -0.818898 0.188976 -0.543307 
vn -0.818898 0.188976 -0.543307 
vn 0.566929 0.338583 -0.748031 
vn 0.566929 0.338583 -0.748031 
vn 0.566929 0.338583 -0.748031 
vn 0.566929 0.338583 -0.748031 
vn 0.204724 -0.96063 -0.173228 
vn -0.0629921 -0.992126 -0.125984 
vn -0.0708661 -0.992126 -0.125984 
vn 0.204724 -0.96063 -0.173228 
vn -0.511811 -0.850394 0.0944882 
vn 0.15748 -0.393701 0.905512 
vn 0.15748 -0.393701 0.905512 
vn 0.15748 -0.393701 0.905512 
vn 0.15748 -0.393701 0.905512 
vn -0.984252 -0.11811 0.133858 
vn -0.984252 -0.11811 0.133858 
vn -0.984252 -0.11811 0.133858 
vn -0.984252 -0.11811 0.133858 
vn 0.984252 0.125984 -0.133858 
vn 0.984252 0.125984 -0.133858 
vn 0.984252 0.125984 -0.133858 
vn 0.984252 0.125984 -0.133858 
vn -0.173228 -0.874016 0.448819 
vn -0.165354 -0.874016 0.448819 
vn -0.173228 -0.874016 0.448819 
vn -0.165354 -0.874016 0.448819 
vn -0.173228 -0.88189 0.448819 
vn -0.173228 -0.88189 0.448819 
vn -0.393701 -0.307087 -0.866142 
vn -0.393701 -0.307087 -0.866142 
vn -0.393701 -0.307087 -0.866142 
vn -0.393701 -0.307087 -0.866142 
vn -0.393701 -0.307087 -0.866142 
vn -0.393701 -0.307087 -0.866142 
vn -0.15748 0.370079 -0.913386 
vn -0.15748 0.370079 -0.913386 
vn -0.15748 0.370079 -0.913386 
vn -0.15748 0.370079 -0.913386 
vn 0.299213 -0.834646 0.456693 
vn 0.322835 -0.818898 0.472441 
vn 0.322835 -0.818898 0.472441 
vn 0.283465 -0.850394 0.448819 
vn 0.204724 -0.913386 0.354331 
vn 0.204724 -0.913386 0.354331 
vn 0.15748 -0.952756 0.267717 
vn 0.15748 -0.952756 0.267717 
vn -0.212598 -0.425197 -0.88189 
vn 0.149606 -0.251969 -0.96063 
vn 0.354331 -0.244094 -0.905512 
vn -0.637795 -0.165354 -0.755906 
vn 0.614173 0 -0.787402 
vn 0.614173 0 -0.787402 
vn 0.606299 -0.015748 -0.795276 
vn 0.606299 -0.015748 -0.795276 
vn 0.598425 -0.023622 -0.80315 
vn 0.598425 -0.023622 -0.80315 
vn -0.732283 0.566929 0.370079 
vn -0.944882 0.212598 0.251969 
vn -0.708661 0.598425 0.377953 
vn -0.96063 0.15748 0.23622 
vn -0.984252 -0.0944882 0.125984 
vn -0.984252 -0.15748 0.102362 
vn -0.80315 -0.590551 -0.11811 
vn -0.984252 -0.15748 0.102362 
vn -0.96063 0.15748 0.23622 
vn -0.748031 -0.645669 -0.149606 
vn -0.740157 0.566929 0.370079 
vn -0.11811 -0.92126 -0.377953 
vn -0.11811 -0.92126 -0.377953 
vn 0.173228 -0.889764 -0.417323 
vn 0.173228 -0.889764 -0.417323 
vn -0.385827 0.818898 0.417323 
vn -0.385827 0.818898 0.425197 
vn -0.102362 0.905512 0.409449 
vn -0.385827 0.818898 0.425197 
vn -0.102362 0.905512 0.409449 
vn 0.220472 0.913386 0.354331 
vn -0.102362 0.905512 0.409449 
vn 0.220472 0.905512 0.354331 
vn 0.220472 0.905512 0.362205 
vn 0.519685 0.811024 0.267717 
vn 0.519685 0.811024 0.267717 
vn 0.511811 0.818898 0.259843 
vn 0.818898 0.566929 0.110236 
vn 0.811024 0.566929 0.110236 
vn 0.811024 0.574803 0.102362 
vn 0.976378 0.188976 -0.0787402 
vn 0.976378 0.19685 -0.0866142 
vn 0.976378 0.19685 -0.0866142 
vn 0.96063 -0.15748 -0.23622 
vn 0.96063 -0.15748 -0.228346 
vn 0.96063 -0.15748 -0.228346 
vn 0.826772 -0.456693 -0.338583 
vn 0.826772 -0.456693 -0.338583 
vn 0.826772 -0.456693 -0.338583 
vn 0.590551 -0.700787 -0.401575 
vn 0.590551 -0.700787 -0.401575 
vn 0.590551 -0.700787 -0.401575 
vn 0.00787402 -0.913386 -0.401575 
vn 0.00787402 -0.913386 -0.401575 
vn 0.00787402 -0.92126 -0.393701 
vn -0.692913 -0.700787 -0.181102 
vn -0.692913 -0.692913 -0.181102 
vn -0.889764 -0.448819 -0.0393701 
vn -0.692913 -0.692913 -0.188976 
vn -0.889764 -0.448819 -0.0393701 
vn -0.889764 -0.448819 -0.0472441 
vn -0.409449 -0.858268 -0.307087 
vn -0.409449 -0.858268 -0.307087 
vn -0.409449 -0.858268 -0.299213 
vn -0.409449 -0.858268 -0.307087 
vn -0.724409 -0.488189 0.488189 
vn -0.409449 -0.858268 -0.299213 
vn -0.409449 -0.858268 -0.307087 
vn -0.409449 -0.858268 -0.299213 
vn -0.409449 -0.858268 -0.299213 
vn 0.88189 -0.362205 -0.307087 
vn 0.889764 -0.346457 -0.299213 
vn 0.897638 -0.330709 -0.299213 
vn 0.88189 -0.362205 -0.307087 
vn 0.905512 -0.307087 -0.291339 
vn 0.897638 -0.330709 -0.299213 
vn 0.88189 -0.362205 -0.307087 
vn 0.905512 -0.307087 -0.291339 
vn 0.905512 -0.307087 -0.291339 
vn 0.905512 -0.299213 -0.291339 
vn 0.905512 -0.307087 -0.291339 
vn 0.905512 -0.307087 -0.291339 
vn -0.897638 0.322835 0.291339 
vn -0.897638 0.322835 0.291339 
vn -0.897638 0.322835 0.291339 
vn -0.897638 0.322835 0.291339 
vn -0.897638 0.322835 0.299213 
vn -0.897638 0.322835 0.299213 

vt 0.828067 0.52363 
vt 0.820312 0.523651 
vt 0.82389 0.518169 
vt 0.819529 0.522594 
vt 0.828848 0.522947 
vt 0.819529 0.513337 
vt 0.828848 0.513687 
vt 0.820312 0.512654 
vt 0.828067 0.512633 
vt 0.861906 0.518284 
vt 0.860422 0.518025 
vt 0.857686 0.53098 
vt 0.862677 0.521794 
vt 0.862744 0.524952 
vt 0.861803 0.530405 
vt 0.859942 0.534828 
vt 0.857111 0.538418 
vt 0.85136 0.530808 
vt 0.853022 0.539854 
vt 0.849366 0.539554 
vt 0.845732 0.53763 
vt 0.845035 0.530855 
vt 0.842704 0.534516 
vt 0.840919 0.531725 
vt 0.843674 0.523835 
vt 0.839885 0.525555 
vt 0.840225 0.521442 
vt 0.842996 0.520381 
vt 0.84112 0.517488 
vt 0.842392 0.517185 
vt 0.814169 0.518961 
vt 0.818164 0.531826 
vt 0.815656 0.518748 
vt 0.813363 0.522426 
vt 0.813223 0.525603 
vt 0.814071 0.531164 
vt 0.815876 0.535607 
vt 0.818543 0.538956 
vt 0.824448 0.531783 
vt 0.822808 0.540842 
vt 0.826494 0.540628 
vt 0.830137 0.538708 
vt 0.83071 0.532266 
vt 0.833075 0.535409 
vt 0.834553 0.532458 
vt 0.831331 0.523989 
vt 0.835214 0.525902 
vt 0.834645 0.519116 
vt 0.83201 0.518608 
vt 0.833548 0.513507 
vt 0.832544 0.512952 
vt 0.828183 0.575131 
vt 0.827931 0.562341 
vt 0.826472 0.562341 
vt 0.826729 0.575341 
vt 0.816153 0.562341 
vt 0.814902 0.576349 
vt 0.816346 0.576692 
vt 0.814693 0.562341 
vt 0.836714 0.532441 
vt 0.835214 0.525902 
vt 0.834553 0.532458 
vt 0.837373 0.524708 
vt 0.834698 0.537226 
vt 0.834645 0.519116 
vt 0.833075 0.535409 
vt 0.836701 0.518072 
vt 0.831177 0.541372 
vt 0.833548 0.513507 
vt 0.835009 0.511364 
vt 0.830137 0.538708 
vt 0.826866 0.543755 
vt 0.826494 0.540628 
vt 0.822465 0.543931 
vt 0.822808 0.540842 
vt 0.817695 0.541954 
vt 0.818543 0.538956 
vt 0.814332 0.537579 
vt 0.815876 0.535607 
vt 0.814071 0.531164 
vt 0.812068 0.532005 
vt 0.813223 0.525603 
vt 0.81115 0.525961 
vt 0.811319 0.521497 
vt 0.813363 0.522426 
vt 0.814169 0.518961 
vt 0.81258 0.516663 
vt 0.813595 0.51572 
vt 0.815656 0.518748 
vt 0.815996 0.51564 
vt 0.817099 0.516616 
vt 0.819559 0.528413 
vt 0.818164 0.531826 
vt 0.840919 0.531725 
vt 0.837864 0.525861 
vt 0.83884 0.532493 
vt 0.84119 0.536528 
vt 0.839885 0.525555 
vt 0.842704 0.534516 
vt 0.838161 0.520537 
vt 0.84473 0.540323 
vt 0.840225 0.521442 
vt 0.845732 0.53763 
vt 0.84112 0.517488 
vt 0.839457 0.515426 
vt 0.848993 0.54268 
vt 0.849366 0.539554 
vt 0.853022 0.539854 
vt 0.853337 0.542952 
vt 0.857111 0.538418 
vt 0.858069 0.541097 
vt 0.861479 0.536854 
vt 0.859942 0.534828 
vt 0.861803 0.530405 
vt 0.863793 0.531334 
vt 0.862744 0.524952 
vt 0.864789 0.525347 
vt 0.862677 0.521794 
vt 0.864715 0.520881 
vt 0.861906 0.518284 
vt 0.863503 0.516041 
vt 0.860108 0.514876 
vt 0.86249 0.515083 
vt 0.860422 0.518025 
vt 0.85898 0.515804 
vt 0.856347 0.527589 
vt 0.857686 0.53098 
vt 0.850107 0.573348 
vt 0.851488 0.562342 
vt 0.850025 0.562342 
vt 0.851557 0.573612 
vt 0.839744 0.571731 
vt 0.839713 0.562342 
vt 0.838255 0.562341 
vt 0.838302 0.572085 
vt 0.831151 0.511052 
vt 0.832544 0.512952 
vt 0.832561 0.510753 
vt 0.83114 0.513775 
vt 0.834574 0.510898 
vt 0.826729 0.575341 
vt 0.816153 0.562341 
vt 0.816346 0.576692 
vt 0.826472 0.562341 
vt 0.861809 0.562341 
vt 0.851557 0.573612 
vt 0.861671 0.576692 
vt 0.851488 0.562342 
vt 0.838255 0.562341 
vt 0.827931 0.562341 
vt 0.838302 0.572085 
vt 0.828183 0.575131 
vt 0.824448 0.531783 
vt 0.829466 0.528581 
vt 0.824457 0.528385 
vt 0.83071 0.532266 
vt 0.819559 0.528413 
vt 0.818164 0.531826 
vt 0.85136 0.530808 
vt 0.846483 0.527474 
vt 0.845035 0.530855 
vt 0.851411 0.527472 
vt 0.856347 0.527589 
vt 0.857686 0.53098 
vt 0.850025 0.562342 
vt 0.839744 0.571731 
vt 0.850107 0.573348 
vt 0.839713 0.562342 
vt 0.831331 0.523989 
vt 0.829466 0.528581 
vt 0.83071 0.532266 
vt 0.830141 0.522917 
vt 0.83201 0.518608 
vt 0.830686 0.518262 
vt 0.83114 0.513775 
vt 0.832544 0.512952 
vt 0.842396 0.514261 
vt 0.842392 0.517185 
vt 0.843761 0.515206 
vt 0.840372 0.514458 
vt 0.844745 0.518913 
vt 0.842996 0.520381 
vt 0.845474 0.522729 
vt 0.843674 0.523835 
vt 0.846483 0.527474 
vt 0.845035 0.530855 
vt 0.817329 0.553556 
vt 0.814292 0.558814 
vt 0.817333 0.560732 
vt 0.814291 0.553557 
vt 0.811923 0.556412 
vt 0.811923 0.553558 
vt 0.809519 0.553559 
vt 0.811922 0.544855 
vt 0.814291 0.544853 
vt 0.809518 0.544857 
vt 0.817326 0.544851 
vt 0.808213 0.55356 
vt 0.808212 0.544857 
vt 0.807302 0.544858 
vt 0.807306 0.553561 
vt 0.819656 0.544853 
vt 0.81967 0.553558 
vt 0.822485 0.544856 
vt 0.81965 0.560733 
vt 0.822496 0.553559 
vt 0.825368 0.544859 
vt 0.82248 0.560735 
vt 0.825375 0.553562 
vt 0.825363 0.560737 
vt 0.828111 0.56074 
vt 0.828116 0.553563 
vt 0.828115 0.544859 
vt 0.831258 0.560741 
vt 0.831257 0.553564 
vt 0.831261 0.54486 
vt 0.834134 0.560742 
vt 0.834125 0.553566 
vt 0.834136 0.54486 
vt 0.836973 0.54486 
vt 0.836957 0.553566 
vt 0.836972 0.560744 
vt 0.839669 0.544858 
vt 0.839654 0.553567 
vt 0.839667 0.560747 
vt 0.841623 0.544855 
vt 0.841609 0.553567 
vt 0.841622 0.560751 
vt 0.843881 0.560757 
vt 0.843872 0.553568 
vt 0.843885 0.544851 
vt 0.845437 0.544852 
vt 0.845428 0.553569 
vt 0.846224 0.544855 
vt 0.845435 0.560757 
vt 0.846212 0.553569 
vt 0.846222 0.560753 
vt 0.855278 0.553743 
vt 0.855277 0.560922 
vt 0.858446 0.553744 
vt 0.858448 0.560922 
vt 0.852121 0.560921 
vt 0.858449 0.545038 
vt 0.852121 0.553743 
vt 0.855278 0.545038 
vt 0.852121 0.545038 
vt 0.858446 0.553744 
vt 0.860651 0.559209 
vt 0.860637 0.553744 
vt 0.858448 0.560922 
vt 0.862331 0.557536 
vt 0.860639 0.54504 
vt 0.858449 0.545038 
vt 0.862333 0.545041 
vt 0.862331 0.553744 
vt 0.863672 0.555418 
vt 0.864027 0.545042 
vt 0.864025 0.553745 
vt 0.846627 0.553743 
vt 0.852121 0.560921 
vt 0.852121 0.553743 
vt 0.846606 0.560919 
vt 0.846607 0.545039 
vt 0.852121 0.545038 

usemtl Rig7Mtl

f 4691/4691/4691 4692/4692/4692 4693/4693/4693 
f 4692/4692/4692 4694/4694/4694 4693/4693/4693 
f 4695/4695/4695 4691/4691/4691 4693/4693/4693 
f 4694/4694/4694 4696/4696/4696 4693/4693/4693 
f 4697/4697/4697 4695/4695/4695 4693/4693/4693 
f 4696/4696/4696 4698/4698/4698 4693/4693/4693 
f 4699/4699/4699 4697/4697/4697 4693/4693/4693 
f 4698/4698/4698 4699/4699/4699 4693/4693/4693 
f 4700/4700/4700 4701/4701/4701 4702/4702/4702 
f 4703/4703/4703 4700/4700/4700 4702/4702/4702 
f 4702/4702/4702 4704/4704/4704 4703/4703/4703 
f 4704/4704/4704 4702/4702/4702 4705/4705/4705 
f 4705/4705/4705 4702/4702/4702 4706/4706/4706 
f 4702/4702/4702 4707/4707/4707 4706/4706/4706 
f 4708/4708/4708 4707/4707/4707 4702/4702/4702 
f 4708/4708/4708 4709/4709/4709 4707/4707/4707 
f 4710/4710/4710 4709/4709/4709 4708/4708/4708 
f 4711/4711/4711 4710/4710/4710 4708/4708/4708 
f 4712/4712/4712 4711/4711/4711 4708/4708/4708 
f 4711/4711/4711 4712/4712/4712 4713/4713/4713 
f 4712/4712/4712 4714/4714/4714 4713/4713/4713 
f 4715/4715/4715 4714/4714/4714 4712/4712/4712 
f 4714/4714/4714 4715/4715/4715 4716/4716/4716 
f 4715/4715/4715 4717/4717/4717 4716/4716/4716 
f 4717/4717/4717 4715/4715/4715 4718/4718/4718 
f 4718/4718/4718 4719/4719/4719 4717/4717/4717 
f 4719/4719/4719 4718/4718/4718 4720/4720/4720 
f 4721/4721/4721 4722/4722/4722 4723/4723/4723 
f 4724/4724/4724 4722/4722/4722 4721/4721/4721 
f 4722/4722/4722 4724/4724/4724 4725/4725/4725 
f 4722/4722/4722 4725/4725/4725 4726/4726/4726 
f 4726/4726/4726 4727/4727/4727 4722/4722/4722 
f 4728/4728/4728 4722/4722/4722 4727/4727/4727 
f 4728/4728/4728 4729/4729/4729 4722/4722/4722 
f 4728/4728/4728 4730/4730/4730 4729/4729/4729 
f 4731/4731/4731 4729/4729/4729 4730/4730/4730 
f 4729/4729/4729 4731/4731/4731 4732/4732/4732 
f 4729/4729/4729 4732/4732/4732 4733/4733/4733 
f 4733/4733/4733 4732/4732/4732 4734/4734/4734 
f 4733/4733/4733 4734/4734/4734 4735/4735/4735 
f 4735/4735/4735 4736/4736/4736 4733/4733/4733 
f 4736/4736/4736 4735/4735/4735 4737/4737/4737 
f 4738/4738/4738 4736/4736/4736 4737/4737/4737 
f 4736/4736/4736 4738/4738/4738 4739/4739/4739 
f 4740/4740/4740 4739/4739/4739 4738/4738/4738 
f 4741/4741/4741 4739/4739/4739 4740/4740/4740 
f 4742/4742/4742 4743/4743/4743 4744/4744/4744 
f 4744/4744/4744 4745/4745/4745 4742/4742/4742 
f 4746/4746/4746 4747/4747/4747 4748/4748/4748 
f 4747/4747/4747 4746/4746/4746 4749/4749/4749 
f 4750/4750/4750 4751/4751/4751 4752/4752/4752 
f 4751/4751/4751 4750/4750/4750 4753/4753/4753 
f 4752/4752/4752 4754/4754/4754 4750/4750/4750 
f 4753/4753/4753 4755/4755/4755 4751/4751/4751 
f 4754/4754/4754 4752/4752/4752 4756/4756/4756 
f 4755/4755/4755 4753/4753/4753 4757/4757/4757 
f 4756/4756/4756 4758/4758/4758 4754/4754/4754 
f 4757/4757/4757 4759/4759/4759 4755/4755/4755 
f 4759/4759/4759 4757/4757/4757 4760/4760/4760 
f 4758/4758/4758 4756/4756/4756 4761/4761/4761 
f 4761/4761/4761 4762/4762/4762 4758/4758/4758 
f 4762/4762/4762 4761/4761/4761 4763/4763/4763 
f 4763/4763/4763 4764/4764/4764 4762/4762/4762 
f 4763/4763/4763 4765/4765/4765 4764/4764/4764 
f 4766/4766/4766 4764/4764/4764 4765/4765/4765 
f 4765/4765/4765 4767/4767/4767 4766/4766/4766 
f 4767/4767/4767 4768/4768/4768 4766/4766/4766 
f 4768/4768/4768 4767/4767/4767 4769/4769/4769 
f 4770/4770/4770 4768/4768/4768 4769/4769/4769 
f 4768/4768/4768 4770/4770/4770 4771/4771/4771 
f 4772/4772/4772 4771/4771/4771 4770/4770/4770 
f 4771/4771/4771 4772/4772/4772 4773/4773/4773 
f 4772/4772/4772 4774/4774/4774 4773/4773/4773 
f 4774/4774/4774 4772/4772/4772 4775/4775/4775 
f 4776/4776/4776 4774/4774/4774 4775/4775/4775 
f 4774/4774/4774 4776/4776/4776 4777/4777/4777 
f 4778/4778/4778 4776/4776/4776 4779/4779/4779 
f 4779/4779/4779 4780/4780/4780 4778/4778/4778 
f 4781/4781/4781 4780/4780/4780 4779/4779/4779 
f 4779/4779/4779 4782/4782/4782 4781/4781/4781 
f 4782/4782/4782 4779/4779/4779 4783/4783/4783 
f 4784/4784/4784 4785/4785/4785 4786/4786/4786 
f 4787/4787/4787 4784/4784/4784 4786/4786/4786 
f 4785/4785/4785 4784/4784/4784 4788/4788/4788 
f 4784/4784/4784 4787/4787/4787 4789/4789/4789 
f 4788/4788/4788 4790/4790/4790 4785/4785/4785 
f 4791/4791/4791 4789/4789/4789 4787/4787/4787 
f 4790/4790/4790 4788/4788/4788 4792/4792/4792 
f 4789/4789/4789 4791/4791/4791 4793/4793/4793 
f 4790/4790/4790 4792/4792/4792 4794/4794/4794 
f 4790/4790/4790 4794/4794/4794 4795/4795/4795 
f 4791/4791/4791 4796/4796/4796 4793/4793/4793 
f 4793/4793/4793 4796/4796/4796 4797/4797/4797 
f 4796/4796/4796 4798/4798/4798 4797/4797/4797 
f 4798/4798/4798 4796/4796/4796 4799/4799/4799 
f 4799/4799/4799 4800/4800/4800 4798/4798/4798 
f 4800/4800/4800 4799/4799/4799 4801/4801/4801 
f 4801/4801/4801 4802/4802/4802 4800/4800/4800 
f 4800/4800/4800 4802/4802/4802 4803/4803/4803 
f 4802/4802/4802 4804/4804/4804 4803/4803/4803 
f 4802/4802/4802 4805/4805/4805 4804/4804/4804 
f 4805/4805/4805 4806/4806/4806 4804/4804/4804 
f 4806/4806/4806 4805/4805/4805 4807/4807/4807 
f 4807/4807/4807 4808/4808/4808 4806/4806/4806 
f 4808/4808/4808 4807/4807/4807 4809/4809/4809 
f 4809/4809/4809 4810/4810/4810 4808/4808/4808 
f 4810/4810/4810 4809/4809/4809 4811/4811/4811 
f 4812/4812/4812 4810/4810/4810 4813/4813/4813 
f 4810/4810/4810 4812/4812/4812 4814/4814/4814 
f 4815/4815/4815 4814/4814/4814 4812/4812/4812 
f 4814/4814/4814 4815/4815/4815 4816/4816/4816 
f 4817/4817/4817 4814/4814/4814 4816/4816/4816 
f 4818/4818/4818 4819/4819/4819 4820/4820/4820 
f 4819/4819/4819 4818/4818/4818 4821/4821/4821 
f 4822/4822/4822 4823/4823/4823 4824/4824/4824 
f 4824/4824/4824 4825/4825/4825 4822/4822/4822 
f 4826/4826/4826 4827/4827/4827 4828/4828/4828 
f 4827/4827/4827 4826/4826/4826 4829/4829/4829 
f 4759/4759/4759 4828/4828/4828 4827/4827/4827 
f 4828/4828/4828 4759/4759/4759 4830/4830/4830 
f 4831/4831/4831 4832/4832/4832 4833/4833/4833 
f 4832/4832/4832 4831/4831/4831 4834/4834/4834 
f 4835/4835/4835 4836/4836/4836 4837/4837/4837 
f 4836/4836/4836 4835/4835/4835 4838/4838/4838 
f 4839/4839/4839 4840/4840/4840 4841/4841/4841 
f 4840/4840/4840 4842/4842/4842 4841/4841/4841 
f 4843/4843/4843 4844/4844/4844 4845/4845/4845 
f 4844/4844/4844 4843/4843/4843 4846/4846/4846 
f 4847/4847/4847 4843/4843/4843 4845/4845/4845 
f 4848/4848/4848 4843/4843/4843 4847/4847/4847 
f 4849/4849/4849 4850/4850/4850 4851/4851/4851 
f 4850/4850/4850 4849/4849/4849 4852/4852/4852 
f 4849/4849/4849 4853/4853/4853 4852/4852/4852 
f 4853/4853/4853 4849/4849/4849 4854/4854/4854 
f 4855/4855/4855 4856/4856/4856 4857/4857/4857 
f 4856/4856/4856 4855/4855/4855 4858/4858/4858 
f 4859/4859/4859 4860/4860/4860 4861/4861/4861 
f 4860/4860/4860 4859/4859/4859 4862/4862/4862 
f 4863/4863/4863 4862/4862/4862 4859/4859/4859 
f 4862/4862/4862 4863/4863/4863 4864/4864/4864 
f 4863/4863/4863 4865/4865/4865 4864/4864/4864 
f 4865/4865/4865 4863/4863/4863 4866/4866/4866 
f 4867/4867/4867 4868/4868/4868 4869/4869/4869 
f 4870/4870/4870 4868/4868/4868 4867/4867/4867 
f 4868/4868/4868 4870/4870/4870 4794/4794/4794 
f 4868/4868/4868 4871/4871/4871 4869/4869/4869 
f 4871/4871/4871 4868/4868/4868 4872/4872/4872 
f 4873/4873/4873 4871/4871/4871 4872/4872/4872 
f 4872/4872/4872 4874/4874/4874 4873/4873/4873 
f 4874/4874/4874 4875/4875/4875 4873/4873/4873 
f 4875/4875/4875 4874/4874/4874 4876/4876/4876 
f 4877/4877/4877 4878/4878/4878 4879/4879/4879 
f 4878/4878/4878 4877/4877/4877 4880/4880/4880 
f 4878/4878/4878 4880/4880/4880 4881/4881/4881 
f 4880/4880/4880 4882/4882/4882 4881/4881/4881 
f 4883/4883/4883 4881/4881/4881 4882/4882/4882 
f 4880/4880/4880 4884/4884/4884 4882/4882/4882 
f 4884/4884/4884 4883/4883/4883 4882/4882/4882 
f 4880/4880/4880 4885/4885/4885 4884/4884/4884 
f 4877/4877/4877 4885/4885/4885 4880/4880/4880 
f 4883/4883/4883 4884/4884/4884 4886/4886/4886 
f 4885/4885/4885 4877/4877/4877 4887/4887/4887 
f 4883/4883/4883 4886/4886/4886 4888/4888/4888 
f 4889/4889/4889 4888/4888/4888 4886/4886/4886 
f 4888/4888/4888 4889/4889/4889 4890/4890/4890 
f 4890/4890/4890 4891/4891/4891 4888/4888/4888 
f 4887/4887/4887 4877/4877/4877 4892/4892/4892 
f 4877/4877/4877 4893/4893/4893 4892/4892/4892 
f 4877/4877/4877 4879/4879/4879 4893/4893/4893 
f 4892/4892/4892 4893/4893/4893 4894/4894/4894 
f 4879/4879/4879 4895/4895/4895 4893/4893/4893 
f 4893/4893/4893 4896/4896/4896 4894/4894/4894 
f 4895/4895/4895 4896/4896/4896 4893/4893/4893 
f 4896/4896/4896 4897/4897/4897 4894/4894/4894 
f 4896/4896/4896 4895/4895/4895 4898/4898/4898 
f 4898/4898/4898 4899/4899/4899 4896/4896/4896 
f 4897/4897/4897 4896/4896/4896 4899/4899/4899 
f 4899/4899/4899 4898/4898/4898 4900/4900/4900 
f 4901/4901/4901 4899/4899/4899 4900/4900/4900 
f 4897/4897/4897 4899/4899/4899 4902/4902/4902 
f 4899/4899/4899 4901/4901/4901 4902/4902/4902 
f 4897/4897/4897 4902/4902/4902 4903/4903/4903 
f 4902/4902/4902 4901/4901/4901 4904/4904/4904 
f 4905/4905/4905 4903/4903/4903 4902/4902/4902 
f 4902/4902/4902 4904/4904/4904 4905/4905/4905 
f 4903/4903/4903 4905/4905/4905 4906/4906/4906 
f 4905/4905/4905 4904/4904/4904 4907/4907/4907 
f 4908/4908/4908 4906/4906/4906 4905/4905/4905 
f 4905/4905/4905 4907/4907/4907 4908/4908/4908 
f 4906/4906/4906 4908/4908/4908 4909/4909/4909 
f 4908/4908/4908 4910/4910/4910 4909/4909/4909 
f 4908/4908/4908 4907/4907/4907 4911/4911/4911 
f 4910/4910/4910 4908/4908/4908 4911/4911/4911 
f 4907/4907/4907 4912/4912/4912 4911/4911/4911 
f 4911/4911/4911 4913/4913/4913 4910/4910/4910 
f 4912/4912/4912 4914/4914/4914 4911/4911/4911 
f 4913/4913/4913 4911/4911/4911 4914/4914/4914 
f 4914/4914/4914 4912/4912/4912 4915/4915/4915 
f 4914/4914/4914 4916/4916/4916 4913/4913/4913 
f 4915/4915/4915 4917/4917/4917 4914/4914/4914 
f 4916/4916/4916 4914/4914/4914 4917/4917/4917 
f 4917/4917/4917 4915/4915/4915 4918/4918/4918 
f 4919/4919/4919 4917/4917/4917 4918/4918/4918 
f 4920/4920/4920 4916/4916/4916 4917/4917/4917 
f 4917/4917/4917 4919/4919/4919 4920/4920/4920 
f 4916/4916/4916 4920/4920/4920 4921/4921/4921 
f 4921/4921/4921 4920/4920/4920 4922/4922/4922 
f 4919/4919/4919 4923/4923/4923 4920/4920/4920 
f 4923/4923/4923 4922/4922/4922 4920/4920/4920 
f 4922/4922/4922 4923/4923/4923 4924/4924/4924 
f 4923/4923/4923 4919/4919/4919 4925/4925/4925 
f 4926/4926/4926 4924/4924/4924 4923/4923/4923 
f 4923/4923/4923 4925/4925/4925 4926/4926/4926 
f 4927/4927/4927 4926/4926/4926 4925/4925/4925 
f 4928/4928/4928 4929/4929/4929 4930/4930/4930 
f 4930/4930/4930 4929/4929/4929 4931/4931/4931 
f 4928/4928/4928 4932/4932/4932 4929/4929/4929 
f 4933/4933/4933 4928/4928/4928 4930/4930/4930 
f 4932/4932/4932 4928/4928/4928 4934/4934/4934 
f 4928/4928/4928 4933/4933/4933 4935/4935/4935 
f 4935/4935/4935 4934/4934/4934 4928/4928/4928 
f 4934/4934/4934 4935/4935/4935 4936/4936/4936 
f 4937/4937/4937 4938/4938/4938 4939/4939/4939 
f 4938/4938/4938 4937/4937/4937 4940/4940/4940 
f 4941/4941/4941 4939/4939/4939 4938/4938/4938 
f 4942/4942/4942 4937/4937/4937 4939/4939/4939 
f 4937/4937/4937 4942/4942/4942 4943/4943/4943 
f 4939/4939/4939 4944/4944/4944 4942/4942/4942 
f 4939/4939/4939 4941/4941/4941 4945/4945/4945 
f 4944/4944/4944 4939/4939/4939 4945/4945/4945 
f 4946/4946/4946 4945/4945/4945 4941/4941/4941 
f 4945/4945/4945 4947/4947/4947 4944/4944/4944 
f 4945/4945/4945 4946/4946/4946 4948/4948/4948 
f 4947/4947/4947 4945/4945/4945 4948/4948/4948 
f 4949/4949/4949 4950/4950/4950 4951/4951/4951 
f 4950/4950/4950 4949/4949/4949 4952/4952/4952 
f 4951/4951/4951 4953/4953/4953 4949/4949/4949 
f 4953/4953/4953 4951/4951/4951 4954/4954/4954 

g Rig12

v 1.79197 6.67379 0.330367 
v 1.77242 6.67341 0.1935 
v 1.79963 6.7241 0.203668 
v 1.7649 6.62816 0.307852 
v 1.67701 6.5815 0.413424 
v 1.69535 6.6205 0.447569 
v 1.73225 6.7225 0.0876241 
v 1.75468 6.77729 0.0863562 
v 1.62644 6.81174 -0.00330377 
v 1.61668 6.75582 0.00649619 
v 1.69535 6.6205 0.447569 
v 1.53765 6.5771 0.53729 
v 1.53401 6.54478 0.49409 
v 1.67701 6.5815 0.413424 
v 1.25086 6.51825 0.548587 
v 1.2209 6.54101 0.598403 
v 1.18212 6.55285 0.569528 
v 1.20764 6.53039 0.519596 
v 1.67701 6.5815 0.413424 
v 1.21341 6.6403 0.262242 
v 1.7649 6.62816 0.307852 
v 1.77242 6.67341 0.1935 
v 1.53401 6.54478 0.49409 
v 1.73225 6.7225 0.0876241 
v 1.25086 6.51825 0.548587 
v 1.61668 6.75582 0.00649619 
v 1.20764 6.53039 0.519596 
v 1.45519 6.77255 -0.037587 
v 1.16988 6.63708 0.267001 
v 1.17107 6.7615 -0.0231051 
v 1.13196 6.74501 0.011147 
v 1.13196 6.74501 0.011147 
v 1.13742 6.81017 -0.0352099 
v 1.17107 6.7615 -0.0231051 
v 1.09114 6.79543 0.000871867 
v 1.44762 6.82697 -0.0518039 
v 1.45519 6.77255 -0.037587 
v 1.62644 6.81174 -0.00330377 
v 1.61668 6.75582 0.00649619 
v 1.18212 6.55285 0.569528 
v 1.13774 6.67339 0.286651 
v 1.20764 6.53039 0.519596 
v 1.16988 6.63708 0.267001 
v 1.13196 6.74501 0.011147 
v 1.09114 6.79543 0.000871867 
v 1.0557 7.21432 0.850466 
v 1.10436 6.87563 0.690663 
v 1.13906 6.8746 0.723288 
v 1.02517 7.20433 0.814023 
v 1.18212 6.55285 0.569528 
v 1.2209 6.54101 0.598403 
v 1.43908 6.93867 0.679441 
v 1.53765 6.5771 0.53729 
v 1.69535 6.6205 0.447569 
v 1.33869 7.30689 0.824203 
v 1.59067 6.98924 0.598965 
v 1.48406 7.36474 0.75314 
v 1.68588 7.03981 0.488106 
v 1.57784 7.41254 0.648742 
v 1.48406 7.36474 0.75314 
v 1.59361 7.43864 0.527057 
v 1.59067 6.98924 0.598965 
v 1.79197 6.67379 0.330367 
v 1.69535 6.6205 0.447569 
v 1.69755 7.07812 0.363891 
v 1.56353 7.45151 0.406166 
v 1.79963 6.7241 0.203668 
v 1.65997 7.11133 0.244806 
v 1.75468 6.77729 0.0863562 
v 1.62644 6.81174 -0.00330377 
v 1.5428 7.1214 0.149406 
v 1.45762 7.43674 0.30492 
v 0.987775 7.30615 0.255192 
v 1.07271 6.96167 0.41037 
v 1.00647 7.25524 0.53636 
v 1.03993 7.04847 0.126875 
v 1.10436 6.87563 0.690663 
v 1.02517 7.20433 0.814023 
v 1.18212 6.55285 0.569528 
v 1.13774 6.67339 0.286651 
v 1.09114 6.79543 0.000871867 
v 1.5041 7.50063 0.633498 
v 1.48406 7.36474 0.75314 
v 1.57784 7.41254 0.648742 
v 1.59361 7.43864 0.527057 
v 1.42254 7.45905 0.724294 
v 1.51782 7.52332 0.527667 
v 1.33869 7.30689 0.824203 
v 1.56353 7.45151 0.406166 
v 1.48007 7.55002 0.628153 
v 1.49166 7.53452 0.422526 
v 1.45762 7.43674 0.30492 
v 1.48756 7.56716 0.528812 
v 1.39955 7.52167 0.334472 
v 1.30414 7.40096 0.238574 
v 1.47164 7.57703 0.435714 
v 1.26606 7.49055 0.276769 
v 1.38144 7.56716 0.353571 
v 1.44273 7.62399 0.456827 
v 1.02788 7.41918 0.262349 
v 1.03028 7.31889 0.221993 
v 1.24921 7.53863 0.30719 
v 1.02375 7.46455 0.2933 
v 0.990915 7.4081 0.291222 
v 0.987775 7.30615 0.255192 
v 0.990896 7.45031 0.315051 
v 1.01918 7.51467 0.346773 
v 1.00717 7.36382 0.535757 
v 1.00647 7.25524 0.53636 
v 1.02344 7.31954 0.777244 
v 1.02517 7.20433 0.814023 
v 1.04999 7.32823 0.80894 
v 1.0557 7.21432 0.850466 
v 1.01507 7.38266 0.756164 
v 1.29611 7.40874 0.786098 
v 1.04001 7.39525 0.779721 
v 1.00146 7.42935 0.534353 
v 1.00582 7.45237 0.710543 
v 0.990875 7.49693 0.360656 
v 1.39779 7.51892 0.708045 
v 1.27202 7.47121 0.762743 
v 1.02899 7.46928 0.72511 
v 0.997502 7.47473 0.53338 
v 0.998407 7.50124 0.648974 
v 0.990855 7.52486 0.424178 
v 0.990837 7.55115 0.531741 
v 1.01503 7.54578 0.417448 
v 1.01113 7.57505 0.531742 
v 1.02015 7.52161 0.656335 
v 1.19404 7.6591 0.531736 
v 1.21177 7.62644 0.423895 
v 1.2306 7.59174 0.360077 
v 1.22 7.59903 0.651026 
v 1.24542 7.54021 0.714609 
v 1.32614 7.67802 0.531733 
v 1.34853 7.63104 0.627353 
v 1.37044 7.58505 0.667761 
v 1.34325 7.64863 0.440318 
v 1.40458 7.6788 0.531731 
v 1.43224 7.6413 0.59307 
v 1.45352 7.60458 0.615389 
v 1.4541 7.61563 0.53008 
v 1.42348 7.65222 0.476976 
v 1.36143 7.61741 0.393954 
v 0.987775 7.30615 0.255192 
v 1.08433 7.06222 0.0922219 
v 1.03993 7.04847 0.126875 
v 1.03028 7.31889 0.221993 
v 1.13742 6.81017 -0.0352099 
v 1.09114 6.79543 0.000871867 
v 1.37653 7.11135 0.092064 
v 1.30414 7.40096 0.238574 
v 1.45762 7.43674 0.30492 
v 1.44762 6.82697 -0.0518039 
v 1.5428 7.1214 0.149406 
v 1.62644 6.81174 -0.00330377 

vn 0.834646 -0.543307 0.0866142 
vn 0.866142 -0.409449 -0.291339 
vn 0.858268 -0.401575 -0.314961 
vn 0.826772 -0.551181 0.11811 
vn 0.606299 -0.669291 0.433071 
vn 0.614173 -0.661417 0.425197 
vn 0.692913 -0.299213 -0.653543 
vn 0.677165 -0.291339 -0.677165 
vn 0.377953 -0.220472 -0.897638 
vn 0.385827 -0.228346 -0.897638 
vn 0.614173 -0.661417 0.425197 
vn 0.330709 -0.779528 0.535433 
vn 0.346457 -0.771654 0.535433 
vn 0.606299 -0.669291 0.433071 
vn -0.0551181 -0.905512 0.417323 
vn -0.181102 -0.92126 0.338583 
vn -0.566929 -0.818898 0.0708661 
vn -0.645669 -0.76378 0 
vn 0.015748 -0.92126 -0.393701 
vn 0.015748 -0.92126 -0.393701 
vn 0.00787402 -0.929134 -0.377953 
vn 0.00787402 -0.92126 -0.393701 
vn 0.015748 -0.92126 -0.393701 
vn 0.00787402 -0.913386 -0.409449 
vn 0.015748 -0.92126 -0.393701 
vn 0.015748 -0.92126 -0.393701 
vn 0.015748 -0.92126 -0.393701 
vn 0.015748 -0.92126 -0.393701 
vn 0.023622 -0.92126 -0.393701 
vn 0.023622 -0.92126 -0.393701 
vn 0.0314961 -0.92126 -0.393701 
vn -0.661417 -0.606299 -0.440945 
vn -0.291339 -0.417323 -0.858268 
vn -0.212598 -0.370079 -0.905512 
vn -0.614173 -0.590551 -0.527559 
vn 0.0866142 -0.244094 -0.968504 
vn 0.11811 -0.23622 -0.968504 
vn 0.377953 -0.220472 -0.897638 
vn 0.385827 -0.228346 -0.897638 
vn -0.566929 -0.818898 0.0708661 
vn -0.771654 -0.614173 -0.141732 
vn -0.645669 -0.76378 0 
vn -0.771654 -0.614173 -0.141732 
vn -0.661417 -0.606299 -0.440945 
vn -0.614173 -0.590551 -0.527559 
vn -0.188976 -0.385827 0.905512 
vn -0.858268 -0.346457 0.370079 
vn -0.244094 -0.393701 0.889764 
vn -0.834646 -0.354331 0.417323 
vn -0.84252 -0.354331 0.409449 
vn -0.181102 -0.385827 0.905512 
vn 0.362205 -0.251969 0.897638 
vn 0.385827 -0.244094 0.889764 
vn 0.669291 -0.110236 0.732283 
vn 0.354331 -0.259843 0.897638 
vn 0.645669 -0.125984 0.748031 
vn 0.629921 -0.133858 0.76378 
vn 0.905512 0.0866142 0.417323 
vn 0.889764 0.0629921 0.448819 
vn 0.629921 -0.133858 0.76378 
vn 0.96063 0.275591 0.015748 
vn 0.645669 -0.125984 0.748031 
vn 0.913386 0.0944882 0.393701 
vn 0.669291 -0.110236 0.732283 
vn 0.96063 0.283465 -0.015748 
vn 0.80315 0.425197 -0.409449 
vn 0.96063 0.283465 -0.023622 
vn 0.779528 0.433071 -0.448819 
vn 0.795276 0.425197 -0.425197 
vn 0.448819 0.488189 -0.748031 
vn 0.425197 0.488189 -0.76378 
vn 0.440945 0.488189 -0.755906 
vn -0.944882 -0.0314961 -0.330709 
vn -0.968504 -0.23622 0.0393701 
vn -0.968504 -0.23622 0.0314961 
vn -0.92126 0 -0.393701 
vn -0.858268 -0.346457 0.370079 
vn -0.834646 -0.354331 0.417323 
vn -0.84252 -0.354331 0.409449 
vn -0.968504 -0.23622 0.0472441 
vn -0.905512 0.015748 -0.417323 
vn 0.685039 0.543307 0.488189 
vn 0.377953 0.488189 0.787402 
vn 0.622047 0.606299 0.488189 
vn 0.740157 0.661417 0.0787402 
vn 0.393701 0.448819 0.80315 
vn 0.80315 0.598425 0.0472441 
vn 0.110236 0.385827 0.913386 
vn 0.669291 0.653543 -0.354331 
vn 0.716535 0.511811 0.480315 
vn 0.692913 0.590551 -0.417323 
vn 0.409449 0.535433 -0.740157 
vn 0.850394 0.527559 0.023622 
vn 0.385827 0.519685 -0.76378 
vn 0.102362 0.425197 -0.897638 
vn 0.716535 0.574803 -0.401575 
vn 0.0708661 0.480315 -0.874016 
vn 0.330709 0.590551 -0.732283 
vn 0.629921 0.692913 -0.354331 
vn -0.362205 0.401575 -0.834646 
vn -0.393701 0.338583 -0.858268 
vn -0.00787402 0.614173 -0.787402 
vn -0.393701 0.551181 -0.732283 
vn -0.905512 0.181102 -0.377953 
vn -0.913386 0.165354 -0.377953 
vn -0.905512 0.251969 -0.346457 
vn -0.440945 0.708661 -0.543307 
vn -1 -0.0393701 0.0551181 
vn -1 0.00787402 0.0708661 
vn -0.929134 0.0708661 0.362205 
vn -0.905512 0.11811 0.409449 
vn -0.425197 0.283465 0.858268 
vn -0.472441 0.283465 0.834646 
vn -0.913386 0.0866142 0.385827 
vn 0.110236 0.385827 0.913386 
vn -0.425197 0.370079 0.826772 
vn -0.992126 -0.0787402 0.0393701 
vn -0.913386 0.212598 0.354331 
vn -0.897638 0.354331 -0.259843 
vn 0.346457 0.480315 0.80315 
vn 0.0551181 0.472441 0.88189 
vn -0.448819 0.559055 0.692913 
vn -0.992126 -0.0866142 0.0314961 
vn -0.92126 0.291339 0.259843 
vn -0.92126 0.362205 -0.133858 
vn -0.92126 0.385827 0.0629921 
vn -0.511811 0.795276 -0.322835 
vn -0.559055 0.826772 0.0787402 
vn -0.503937 0.700787 0.503937 
vn -0.267717 0.96063 0.0787402 
vn -0.220472 0.889764 -0.401575 
vn -0.11811 0.779528 -0.622047 
vn -0.181102 0.795276 0.582677 
vn -0.0629921 0.637795 0.76378 
vn -0.0551181 0.992126 0.0708661 
vn 0.0314961 0.795276 0.606299 
vn 0.19685 0.622047 0.755906 
vn 0.0393701 0.889764 -0.448819 
vn 0.354331 0.937008 0.0472441 
vn 0.503937 0.771654 0.385827 
vn 0.629921 0.622047 0.464567 
vn 0.826772 0.566929 0.00787402 
vn 0.488189 0.818898 -0.299213 
vn 0.204724 0.755906 -0.622047 
vn -0.944882 -0.0314961 -0.330709 
vn -0.377953 0.354331 -0.858268 
vn -0.92126 0 -0.393701 
vn -0.385827 0.346457 -0.850394 
vn -0.338583 0.362205 -0.866142 
vn -0.905512 0.015748 -0.417323 
vn 0.0944882 0.464567 -0.88189 
vn 0.102362 0.464567 -0.874016 
vn 0.440945 0.488189 -0.755906 
vn 0.11811 0.472441 -0.874016 
vn 0.425197 0.488189 -0.76378 
vn 0.448819 0.488189 -0.748031 

vt 0.733432 0.694608 
vt 0.749283 0.687576 
vt 0.749283 0.694608 
vt 0.733432 0.687576 
vt 0.714767 0.687576 
vt 0.714767 0.694608 
vt 0.765201 0.687576 
vt 0.765201 0.694608 
vt 0.78415 0.694608 
vt 0.78415 0.687576 
vt 0.992997 0.694608 
vt 0.969308 0.694608 
vt 0.969308 0.687576 
vt 0.992997 0.687576 
vt 0.929871 0.687576 
vt 0.929871 0.694608 
vt 0.923409 0.694608 
vt 0.923409 0.687576 
vt 0.760747 0.623655 
vt 0.785416 0.651383 
vt 0.753579 0.623655 
vt 0.753579 0.651316 
vt 0.769424 0.623655 
vt 0.753579 0.679062 
vt 0.78572 0.623655 
vt 0.760711 0.679062 
vt 0.787894 0.623655 
vt 0.769377 0.679062 
vt 0.787894 0.651414 
vt 0.785398 0.679062 
vt 0.787879 0.679062 
vt 0.853974 0.687576 
vt 0.846109 0.694608 
vt 0.846109 0.687576 
vt 0.853974 0.694608 
vt 0.807048 0.694608 
vt 0.807048 0.687576 
vt 0.78415 0.694608 
vt 0.78415 0.687576 
vt 0.923371 0.694608 
vt 0.890179 0.694608 
vt 0.923371 0.687576 
vt 0.890179 0.687576 
vt 0.853971 0.687576 
vt 0.853971 0.694608 
vt 0.929871 0.772736 
vt 0.923409 0.734922 
vt 0.929871 0.734922 
vt 0.923409 0.772736 
vt 0.923409 0.694608 
vt 0.929871 0.694608 
vt 0.969308 0.734922 
vt 0.969308 0.694608 
vt 0.992997 0.694608 
vt 0.969308 0.772736 
vt 0.992997 0.734922 
vt 0.992997 0.772736 
vt 0.733432 0.734922 
vt 0.733432 0.772736 
vt 0.714767 0.772736 
vt 0.749283 0.772736 
vt 0.714767 0.734922 
vt 0.733432 0.694608 
vt 0.714767 0.694608 
vt 0.749283 0.734922 
vt 0.765201 0.772736 
vt 0.749283 0.694608 
vt 0.765201 0.734922 
vt 0.765201 0.694608 
vt 0.78415 0.694608 
vt 0.78415 0.734922 
vt 0.78415 0.772736 
vt 0.853971 0.772736 
vt 0.890179 0.734922 
vt 0.890179 0.772736 
vt 0.853971 0.734922 
vt 0.923371 0.734922 
vt 0.923371 0.772736 
vt 0.923371 0.694608 
vt 0.890179 0.694608 
vt 0.853971 0.694608 
vt 0.718837 0.659316 
vt 0.721636 0.67055 
vt 0.715692 0.661211 
vt 0.714288 0.650382 
vt 0.724006 0.667439 
vt 0.717616 0.649899 
vt 0.730492 0.676955 
vt 0.71558 0.639645 
vt 0.719642 0.658554 
vt 0.718739 0.64056 
vt 0.721428 0.630703 
vt 0.71884 0.649731 
vt 0.723826 0.632783 
vt 0.730221 0.624892 
vt 0.719431 0.64147 
vt 0.731472 0.627729 
vt 0.724392 0.634199 
vt 0.720588 0.643044 
vt 0.745466 0.626586 
vt 0.746311 0.623577 
vt 0.731965 0.630129 
vt 0.74528 0.62906 
vt 0.747702 0.629145 
vt 0.748881 0.62652 
vt 0.747305 0.631015 
vt 0.745113 0.63349 
vt 0.747766 0.650914 
vt 0.748955 0.65155 
vt 0.747823 0.672414 
vt 0.749021 0.676271 
vt 0.746317 0.675185 
vt 0.747289 0.679456 
vt 0.747578 0.670211 
vt 0.731708 0.67301 
vt 0.746104 0.672243 
vt 0.747388 0.650432 
vt 0.747262 0.665813 
vt 0.746906 0.634776 
vt 0.724718 0.665661 
vt 0.732341 0.670593 
vt 0.745823 0.667029 
vt 0.747126 0.650098 
vt 0.747032 0.660126 
vt 0.746742 0.640214 
vt 0.746686 0.649536 
vt 0.74516 0.639536 
vt 0.745302 0.649429 
vt 0.74562 0.660688 
vt 0.734224 0.649176 
vt 0.733361 0.639883 
vt 0.732548 0.634476 
vt 0.733658 0.660021 
vt 0.732994 0.665959 
vt 0.726665 0.649217 
vt 0.726111 0.657906 
vt 0.725459 0.661732 
vt 0.725835 0.641351 
vt 0.722287 0.649298 
vt 0.721269 0.654926 
vt 0.720517 0.657109 
vt 0.720193 0.649546 
vt 0.721403 0.644644 
vt 0.725058 0.63746 
vt 0.853974 0.772736 
vt 0.846109 0.734922 
vt 0.853974 0.734922 
vt 0.846109 0.772736 
vt 0.846109 0.694608 
vt 0.853974 0.694608 
vt 0.807048 0.734922 
vt 0.807048 0.772736 
vt 0.78415 0.772736 
vt 0.807048 0.694608 
vt 0.78415 0.734922 
vt 0.78415 0.694608 

usemtl Rig7Mtl

f 4955/4955/4955 4956/4956/4956 4957/4957/4957 
f 4956/4956/4956 4955/4955/4955 4958/4958/4958 
f 4955/4955/4955 4959/4959/4959 4958/4958/4958 
f 4959/4959/4959 4955/4955/4955 4960/4960/4960 
f 4961/4961/4961 4957/4957/4957 4956/4956/4956 
f 4962/4962/4962 4957/4957/4957 4961/4961/4961 
f 4961/4961/4961 4963/4963/4963 4962/4962/4962 
f 4963/4963/4963 4961/4961/4961 4964/4964/4964 
f 4965/4965/4965 4966/4966/4966 4967/4967/4967 
f 4967/4967/4967 4968/4968/4968 4965/4965/4965 
f 4966/4966/4966 4969/4969/4969 4967/4967/4967 
f 4969/4969/4969 4966/4966/4966 4970/4970/4970 
f 4969/4969/4969 4970/4970/4970 4971/4971/4971 
f 4969/4969/4969 4971/4971/4971 4972/4972/4972 
f 4973/4973/4973 4974/4974/4974 4975/4975/4975 
f 4975/4975/4975 4974/4974/4974 4976/4976/4976 
f 4977/4977/4977 4974/4974/4974 4973/4973/4973 
f 4976/4976/4976 4974/4974/4974 4978/4978/4978 
f 4974/4974/4974 4977/4977/4977 4979/4979/4979 
f 4978/4978/4978 4974/4974/4974 4980/4980/4980 
f 4981/4981/4981 4974/4974/4974 4979/4979/4979 
f 4980/4980/4980 4974/4974/4974 4982/4982/4982 
f 4974/4974/4974 4981/4981/4981 4983/4983/4983 
f 4982/4982/4982 4974/4974/4974 4984/4984/4984 
f 4985/4985/4985 4974/4974/4974 4983/4983/4983 
f 4974/4974/4974 4985/4985/4985 4984/4984/4984 
f 4986/4986/4986 4987/4987/4987 4988/4988/4988 
f 4987/4987/4987 4986/4986/4986 4989/4989/4989 
f 4987/4987/4987 4990/4990/4990 4988/4988/4988 
f 4991/4991/4991 4988/4988/4988 4990/4990/4990 
f 4992/4992/4992 4991/4991/4991 4990/4990/4990 
f 4991/4991/4991 4992/4992/4992 4993/4993/4993 
f 4994/4994/4994 4995/4995/4995 4996/4996/4996 
f 4996/4996/4996 4995/4995/4995 4997/4997/4997 
f 4995/4995/4995 4998/4998/4998 4997/4997/4997 
f 4998/4998/4998 4995/4995/4995 4999/4999/4999 
f 5000/5000/5000 5001/5001/5001 5002/5002/5002 
f 5001/5001/5001 5000/5000/5000 5003/5003/5003 
f 5004/5004/5004 5002/5002/5002 5001/5001/5001 
f 5002/5002/5002 5004/5004/5004 5005/5005/5005 
f 5006/5006/5006 5000/5000/5000 5002/5002/5002 
f 5005/5005/5005 5006/5006/5006 5002/5002/5002 
f 5006/5006/5006 5005/5005/5005 5007/5007/5007 
f 5008/5008/5008 5006/5006/5006 5007/5007/5007 
f 5000/5000/5000 5006/5006/5006 5009/5009/5009 
f 5006/5006/5006 5008/5008/5008 5010/5010/5010 
f 5010/5010/5010 5009/5009/5009 5006/5006/5006 
f 5010/5010/5010 5011/5011/5011 5009/5009/5009 
f 5012/5012/5012 5013/5013/5013 5014/5014/5014 
f 5013/5013/5013 5012/5012/5012 5015/5015/5015 
f 5014/5014/5014 5016/5016/5016 5012/5012/5012 
f 5016/5016/5016 5017/5017/5017 5012/5012/5012 
f 5017/5017/5017 5016/5016/5016 5018/5018/5018 
f 5015/5015/5015 5012/5012/5012 5019/5019/5019 
f 5017/5017/5017 5019/5019/5019 5012/5012/5012 
f 5019/5019/5019 5020/5020/5020 5015/5015/5015 
f 5019/5019/5019 5017/5017/5017 5021/5021/5021 
f 5021/5021/5021 5022/5022/5022 5019/5019/5019 
f 5020/5020/5020 5019/5019/5019 5022/5022/5022 
f 5022/5022/5022 5021/5021/5021 5023/5023/5023 
f 5024/5024/5024 5022/5022/5022 5023/5023/5023 
f 5022/5022/5022 5024/5024/5024 5025/5025/5025 
f 5025/5025/5025 5020/5020/5020 5022/5022/5022 
f 5020/5020/5020 5025/5025/5025 5026/5026/5026 
f 5027/5027/5027 5028/5028/5028 5029/5029/5029 
f 5028/5028/5028 5027/5027/5027 5030/5030/5030 
f 5031/5031/5031 5029/5029/5029 5028/5028/5028 
f 5029/5029/5029 5031/5031/5031 5032/5032/5032 
f 5028/5028/5028 5033/5033/5033 5031/5031/5031 
f 5033/5033/5033 5028/5028/5028 5034/5034/5034 
f 5030/5030/5030 5034/5034/5034 5028/5028/5028 
f 5034/5034/5034 5030/5030/5030 5035/5035/5035 
f 5036/5036/5036 5037/5037/5037 5038/5038/5038 
f 5039/5039/5039 5036/5036/5036 5038/5038/5038 
f 5037/5037/5037 5036/5036/5036 5040/5040/5040 
f 5036/5036/5036 5039/5039/5039 5041/5041/5041 
f 5040/5040/5040 5042/5042/5042 5037/5037/5037 
f 5043/5043/5043 5041/5041/5041 5039/5039/5039 
f 5044/5044/5044 5040/5040/5040 5036/5036/5036 
f 5041/5041/5041 5044/5044/5044 5036/5036/5036 
f 5041/5041/5041 5043/5043/5043 5045/5045/5045 
f 5046/5046/5046 5045/5045/5045 5043/5043/5043 
f 5047/5047/5047 5044/5044/5044 5041/5041/5041 
f 5045/5045/5045 5046/5046/5046 5048/5048/5048 
f 5049/5049/5049 5048/5048/5048 5046/5046/5046 
f 5050/5050/5050 5041/5041/5041 5045/5045/5045 
f 5048/5048/5048 5050/5050/5050 5045/5045/5045 
f 5041/5041/5041 5050/5050/5050 5047/5047/5047 
f 5048/5048/5048 5049/5049/5049 5051/5051/5051 
f 5050/5050/5050 5048/5048/5048 5052/5052/5052 
f 5051/5051/5051 5052/5052/5052 5048/5048/5048 
f 5050/5050/5050 5053/5053/5053 5047/5047/5047 
f 5052/5052/5052 5053/5053/5053 5050/5050/5050 
f 5049/5049/5049 5054/5054/5054 5051/5051/5051 
f 5054/5054/5054 5049/5049/5049 5055/5055/5055 
f 5052/5052/5052 5051/5051/5051 5056/5056/5056 
f 5057/5057/5057 5051/5051/5051 5054/5054/5054 
f 5051/5051/5051 5057/5057/5057 5056/5056/5056 
f 5054/5054/5054 5055/5055/5055 5058/5058/5058 
f 5058/5058/5058 5055/5055/5055 5059/5059/5059 
f 5054/5054/5054 5060/5060/5060 5057/5057/5057 
f 5060/5060/5060 5054/5054/5054 5058/5058/5058 
f 5056/5056/5056 5057/5057/5057 5061/5061/5061 
f 5060/5060/5060 5061/5061/5061 5057/5057/5057 
f 5062/5062/5062 5058/5058/5058 5059/5059/5059 
f 5058/5058/5058 5062/5062/5062 5060/5060/5060 
f 5059/5059/5059 5063/5063/5063 5062/5062/5062 
f 5064/5064/5064 5062/5062/5062 5063/5063/5063 
f 5063/5063/5063 5065/5065/5065 5064/5064/5064 
f 5065/5065/5065 5066/5066/5066 5064/5064/5064 
f 5067/5067/5067 5066/5066/5066 5065/5065/5065 
f 5042/5042/5042 5066/5066/5066 5067/5067/5067 
f 5066/5066/5066 5068/5068/5068 5064/5064/5064 
f 5062/5062/5062 5064/5064/5064 5068/5068/5068 
f 5066/5066/5066 5042/5042/5042 5069/5069/5069 
f 5042/5042/5042 5040/5040/5040 5069/5069/5069 
f 5068/5068/5068 5066/5066/5066 5070/5070/5070 
f 5066/5066/5066 5069/5069/5069 5070/5070/5070 
f 5068/5068/5068 5071/5071/5071 5062/5062/5062 
f 5060/5060/5060 5062/5062/5062 5071/5071/5071 
f 5072/5072/5072 5068/5068/5068 5070/5070/5070 
f 5071/5071/5071 5068/5068/5068 5072/5072/5072 
f 5060/5060/5060 5071/5071/5071 5073/5073/5073 
f 5074/5074/5074 5069/5069/5069 5040/5040/5040 
f 5040/5040/5040 5044/5044/5044 5074/5074/5074 
f 5075/5075/5075 5070/5070/5070 5069/5069/5069 
f 5069/5069/5069 5074/5074/5074 5075/5075/5075 
f 5070/5070/5070 5075/5075/5075 5076/5076/5076 
f 5070/5070/5070 5076/5076/5076 5072/5072/5072 
f 5072/5072/5072 5077/5077/5077 5071/5071/5071 
f 5073/5073/5073 5071/5071/5071 5077/5077/5077 
f 5077/5077/5077 5072/5072/5072 5078/5078/5078 
f 5076/5076/5076 5078/5078/5078 5072/5072/5072 
f 5073/5073/5073 5077/5077/5077 5079/5079/5079 
f 5061/5061/5061 5060/5060/5060 5073/5073/5073 
f 5077/5077/5077 5078/5078/5078 5080/5080/5080 
f 5077/5077/5077 5080/5080/5080 5079/5079/5079 
f 5073/5073/5073 5079/5079/5079 5081/5081/5081 
f 5079/5079/5079 5080/5080/5080 5081/5081/5081 
f 5081/5081/5081 5061/5061/5061 5073/5073/5073 
f 5082/5082/5082 5081/5081/5081 5080/5080/5080 
f 5083/5083/5083 5080/5080/5080 5078/5078/5078 
f 5080/5080/5080 5083/5083/5083 5082/5082/5082 
f 5078/5078/5078 5076/5076/5076 5083/5083/5083 
f 5084/5084/5084 5081/5081/5081 5082/5082/5082 
f 5083/5083/5083 5084/5084/5084 5082/5082/5082 
f 5085/5085/5085 5061/5061/5061 5081/5081/5081 
f 5081/5081/5081 5084/5084/5084 5085/5085/5085 
f 5061/5061/5061 5085/5085/5085 5086/5086/5086 
f 5061/5061/5061 5086/5086/5086 5056/5056/5056 
f 5076/5076/5076 5087/5087/5087 5083/5083/5083 
f 5084/5084/5084 5083/5083/5083 5087/5087/5087 
f 5087/5087/5087 5076/5076/5076 5088/5088/5088 
f 5088/5088/5088 5076/5076/5076 5075/5075/5075 
f 5084/5084/5084 5087/5087/5087 5089/5089/5089 
f 5085/5085/5085 5084/5084/5084 5089/5089/5089 
f 5088/5088/5088 5090/5090/5090 5087/5087/5087 
f 5089/5089/5089 5087/5087/5087 5090/5090/5090 
f 5075/5075/5075 5091/5091/5091 5088/5088/5088 
f 5090/5090/5090 5088/5088/5088 5091/5091/5091 
f 5091/5091/5091 5075/5075/5075 5074/5074/5074 
f 5092/5092/5092 5085/5085/5085 5089/5089/5089 
f 5092/5092/5092 5086/5086/5086 5085/5085/5085 
f 5089/5089/5089 5090/5090/5090 5093/5093/5093 
f 5092/5092/5092 5089/5089/5089 5093/5093/5093 
f 5091/5091/5091 5094/5094/5094 5090/5090/5090 
f 5093/5093/5093 5090/5090/5090 5094/5094/5094 
f 5074/5074/5074 5095/5095/5095 5091/5091/5091 
f 5094/5094/5094 5091/5091/5091 5095/5095/5095 
f 5095/5095/5095 5074/5074/5074 5044/5044/5044 
f 5047/5047/5047 5095/5095/5095 5044/5044/5044 
f 5095/5095/5095 5096/5096/5096 5094/5094/5094 
f 5096/5096/5096 5095/5095/5095 5047/5047/5047 
f 5093/5093/5093 5094/5094/5094 5096/5096/5096 
f 5053/5053/5053 5096/5096/5096 5047/5047/5047 
f 5097/5097/5097 5093/5093/5093 5096/5096/5096 
f 5053/5053/5053 5097/5097/5097 5096/5096/5096 
f 5097/5097/5097 5092/5092/5092 5093/5093/5093 
f 5098/5098/5098 5097/5097/5097 5053/5053/5053 
f 5097/5097/5097 5098/5098/5098 5092/5092/5092 
f 5086/5086/5086 5092/5092/5092 5098/5098/5098 
f 5053/5053/5053 5052/5052/5052 5098/5098/5098 
f 5098/5098/5098 5056/5056/5056 5086/5086/5086 
f 5056/5056/5056 5098/5098/5098 5052/5052/5052 
f 5099/5099/5099 5100/5100/5100 5101/5101/5101 
f 5100/5100/5100 5099/5099/5099 5102/5102/5102 
f 5103/5103/5103 5101/5101/5101 5100/5100/5100 
f 5101/5101/5101 5103/5103/5103 5104/5104/5104 
f 5102/5102/5102 5105/5105/5105 5100/5100/5100 
f 5100/5100/5100 5105/5105/5105 5103/5103/5103 
f 5105/5105/5105 5102/5102/5102 5106/5106/5106 
f 5107/5107/5107 5105/5105/5105 5106/5106/5106 
f 5105/5105/5105 5108/5108/5108 5103/5103/5103 
f 5105/5105/5105 5107/5107/5107 5109/5109/5109 
f 5109/5109/5109 5108/5108/5108 5105/5105/5105 
f 5108/5108/5108 5109/5109/5109 5110/5110/5110 

g Rig13

v 1.17682 8.23081 0.517302 
v 0.693875 8.03129 0.408419 
v 1.09136 8.1955 0.609608 
v 0.963453 8.14266 0.671285 
v 1.19614 8.23936 0.408524 
v 1.17682 8.23081 0.299537 
v 1.09136 8.1955 0.207231 
v 0.963453 8.14266 0.145554 
v 0.720128 8.04213 0.690834 
v 0.693875 8.03129 0.159668 
v 0.730093 8.04625 0.126805 
v 0.676882 7.98064 0.41435 
v 0.676455 7.9819 0.12783 
v 0.717617 7.99872 0.0953597 
v 0.982834 8.10709 0.116633 
v 0.963453 8.14266 0.145554 
v 1.09136 8.1955 0.207231 
v 1.12828 8.16626 0.186617 
v 1.17682 8.23081 0.299537 
v 1.22554 8.20557 0.291354 
v 1.19614 8.23936 0.408524 
v 1.24766 8.21467 0.415019 
v 1.17682 8.23081 0.517302 
v 1.22586 8.2046 0.538446 
v 1.12888 8.16447 0.643184 
v 1.09136 8.1955 0.609608 
v 0.983615 8.10475 0.713167 
v 0.963453 8.14266 0.671285 
v 0.707129 7.99158 0.735349 
v 0.693875 8.03129 0.692943 
v 0.677299 7.97937 0.698465 
v 1.56353 7.45151 0.406166 
v 1.59361 7.43864 0.527057 
v 1.58947 7.34659 0.421317 
v 1.45762 7.43674 0.30492 
v 1.61909 7.32941 0.516001 
v 1.49351 7.2942 0.349858 
v 1.59939 7.32122 0.616451 
v 1.57784 7.41254 0.648742 
v 1.48406 7.36474 0.75314 
v 1.51465 7.25008 0.691598 
v 1.33869 7.30689 0.824203 
v 1.5976 7.24522 0.569829 
v 1.59338 7.25622 0.460167 
v 1.61161 7.2385 0.510881 
v 1.52384 7.19371 0.43173 
v 1.54822 7.15376 0.512221 
v 1.53422 7.17736 0.604051 
v 1.43588 7.09724 0.51407 
v 1.42081 7.12524 0.62079 
v 1.38745 7.19302 0.737139 
v 1.21277 7.02672 0.517865 
v 1.40625 7.14807 0.397709 
v 1.13744 7.11064 0.756976 
v 1.0557 7.21432 0.850466 
v 1.19786 7.05472 0.629228 
v 1.02517 7.20433 0.814023 
v 1.36006 7.25046 0.299843 
v 1.30414 7.40096 0.238574 
v 1.19063 7.07321 0.394626 
v 1.11958 7.17074 0.293644 
v 1.03028 7.31889 0.221993 
v 1.14416 7.10985 0.424632 
v 1.06248 7.19617 0.335611 
v 0.987775 7.30615 0.255192 
v 1.00647 7.25524 0.53636 
v 1.16322 7.07243 0.517056 
v 1.08178 7.15227 0.526443 
v 1.15337 7.08593 0.620744 
v 1.08899 7.13224 0.729319 
v 1.28439 7.82205 0.699543 
v 1.3107 7.38493 0.83219 
v 1.45789 7.44001 0.762422 
v 1.48406 7.36474 0.75314 
v 1.33869 7.30689 0.824203 
v 1.0557 7.21432 0.850466 
v 1.13821 7.76452 0.769425 
v 1.12888 8.16447 0.643184 
v 0.983615 8.10475 0.713167 
v 1.02786 7.28863 0.854303 
v 0.858725 7.65932 0.791574 
v 0.707129 7.99158 0.735349 
v 0.677299 7.97937 0.698465 
v 0.82857 7.64797 0.754687 
v 0.997341 7.27824 0.817412 
v 1.02517 7.20433 0.814023 
v 0.987775 7.30615 0.255192 
v 0.989107 7.30291 0.534842 
v 0.980871 7.32758 0.248768 
v 1.00647 7.25524 0.53636 
v 0.997341 7.27824 0.817412 
v 1.02517 7.20433 0.814023 
v 0.676882 7.98064 0.41435 
v 0.820341 7.67263 0.184993 
v 0.676455 7.9819 0.12783 
v 0.82857 7.64797 0.754687 
v 0.677299 7.97937 0.698465 
v 1.38132 7.8627 0.594958 
v 1.45789 7.44001 0.762422 
v 1.55475 7.48125 0.658008 
v 1.57784 7.41254 0.648742 
v 1.48406 7.36474 0.75314 
v 1.59361 7.43864 0.527057 
v 1.28439 7.82205 0.699543 
v 1.22586 8.2046 0.538446 
v 1.12888 8.16447 0.643184 
v 1.57442 7.49799 0.534962 
v 1.40211 7.87592 0.471711 
v 1.24766 8.21467 0.415019 
v 1.54845 7.50013 0.411677 
v 1.56353 7.45151 0.406166 
v 1.45762 7.43674 0.30492 
v 1.44624 7.4749 0.307262 
v 1.37817 7.87214 0.348226 
v 1.22554 8.20557 0.291354 
v 1.27857 7.83948 0.243641 
v 1.12828 8.16626 0.186617 
v 1.30414 7.40096 0.238574 
v 1.44624 7.4749 0.307262 
v 1.29548 7.43052 0.237495 
v 1.27857 7.83948 0.243641 
v 1.02314 7.34141 0.216287 
v 1.03028 7.31889 0.221993 
v 1.13061 7.7873 0.17376 
v 1.12828 8.16626 0.186617 
v 0.987775 7.30615 0.255192 
v 0.982834 8.10709 0.116633 
v 0.980871 7.32758 0.248768 
v 0.862025 7.68803 0.152517 
v 0.820341 7.67263 0.184993 
v 0.717617 7.99872 0.0953597 
v 0.676455 7.9819 0.12783 

vn -0.385827 0.92126 0 
vn -0.590551 0.80315 0 
vn -0.377953 0.92126 0 
vn -0.377953 0.92126 0 
vn -0.385827 0.92126 0 
vn -0.385827 0.92126 0 
vn -0.377953 0.92126 0 
vn -0.377953 0.92126 0 
vn -0.370079 0.913386 0.165354 
vn -0.566929 0.826772 -0.023622 
vn -0.377953 0.905512 -0.212598 
vn -0.944882 0.314961 0 
vn -0.913386 0.393701 -0.125984 
vn -0.322835 0.582677 -0.748031 
vn -0.0787402 0.606299 -0.795276 
vn -0.0708661 0.606299 -0.787402 
vn 0.181102 0.708661 -0.677165 
vn 0.204724 0.724409 -0.661417 
vn 0.370079 0.84252 -0.393701 
vn 0.385827 0.858268 -0.346457 
vn 0.433071 0.905512 -0.00787402 
vn 0.433071 0.905512 0.015748 
vn 0.314961 0.88189 0.354331 
vn 0.314961 0.88189 0.362205 
vn 0.110236 0.787402 0.606299 
vn 0.110236 0.787402 0.606299 
vn -0.141732 0.700787 0.700787 
vn -0.125984 0.708661 0.700787 
vn -0.275591 0.653543 0.708661 
vn -0.598425 0.80315 0.0314961 
vn -0.937008 0.338583 0.0629921 
vn 0.787402 0.0629921 -0.614173 
vn 0.976378 0.212598 -0.0393701 
vn 0.811024 -0.023622 -0.582677 
vn 0.503937 -0.133858 -0.850394 
vn 0.992126 0.0944882 -0.0393701 
vn 0.519685 -0.267717 -0.811024 
vn 0.88189 -0.0866142 0.464567 
vn 0.866142 0 0.496063 
vn 0.590551 -0.267717 0.76378 
vn 0.598425 -0.401575 0.692913 
vn 0.314961 -0.480315 0.818898 
vn 0.850394 -0.377953 0.370079 
vn 0.76378 -0.322835 -0.551181 
vn 0.913386 -0.393701 -0.0944882 
vn 0.519685 -0.574803 -0.629921 
vn 0.582677 -0.80315 -0.110236 
vn 0.582677 -0.677165 0.456693 
vn 0.362205 -0.929134 -0.102362 
vn 0.346457 -0.826772 0.433071 
vn 0.346457 -0.614173 0.708661 
vn 0.15748 -0.984252 -0.0944882 
vn 0.322835 -0.708661 -0.629921 
vn 0.165354 -0.708661 0.692913 
vn 0.141732 -0.598425 0.787402 
vn 0.165354 -0.905512 0.401575 
vn -0.716535 -0.692913 0.102362 
vn 0.267717 -0.417323 -0.866142 
vn 0.228346 -0.299213 -0.929134 
vn 0.110236 -0.795276 -0.598425 
vn 0.0393701 -0.535433 -0.84252 
vn 0.015748 -0.425197 -0.905512 
vn -0.661417 -0.732283 -0.15748 
vn -0.740157 -0.645669 -0.173228 
vn -0.716535 -0.645669 -0.275591 
vn -0.80315 -0.598425 -0.0472441 
vn -0.669291 -0.740157 -0.0629921 
vn -0.755906 -0.645669 -0.0551181 
vn -0.629921 -0.779528 0.023622 
vn -0.716535 -0.692913 0.0393701 
vn 0.456693 0.338583 0.826772 
vn 0.149606 0.181102 0.968504 
vn 0.464567 0.299213 0.834646 
vn 0.551181 0.0944882 0.826772 
vn 0.220472 -0.00787402 0.976378 
vn -0.00787402 -0.0787402 1 
vn 0.125984 0.220472 0.968504 
vn 0.456693 0.346457 0.818898 
vn 0.125984 0.220472 0.968504 
vn -0.0629921 0.102362 0.992126 
vn -0.0944882 0.125984 0.984252 
vn -0.102362 0.11811 0.984252 
vn -0.913386 -0.401575 0.0787402 
vn -0.913386 -0.401575 0.102362 
vn -0.913386 -0.385827 0.125984 
vn -0.929134 -0.354331 0.125984 
vn -0.937008 -0.346457 -0.0629921 
vn -0.913386 -0.409449 -0.00787402 
vn -0.889764 -0.433071 -0.133858 
vn -0.937008 -0.346457 0 
vn -0.913386 -0.385827 0.125984 
vn -0.929134 -0.354331 0.125984 
vn -0.905512 -0.417323 0 
vn -0.889764 -0.440945 -0.141732 
vn -0.88189 -0.440945 -0.149606 
vn -0.913386 -0.401575 0.102362 
vn -0.913386 -0.401575 0.0787402 
vn 0.755906 0.425197 0.496063 
vn 0.464567 0.299213 0.834646 
vn 0.755906 0.393701 0.519685 
vn 0.834646 0.212598 0.503937 
vn 0.551181 0.0944882 0.826772 
vn 0.952756 0.307087 0.015748 
vn 0.456693 0.338583 0.826772 
vn 0.771654 0.425197 0.472441 
vn 0.456693 0.346457 0.818898 
vn 0.913386 0.401575 0.0314961 
vn 0.913386 0.417323 0.00787402 
vn 0.913386 0.409449 -0.015748 
vn 0.84252 0.307087 -0.448819 
vn 0.834646 0.307087 -0.456693 
vn 0.535433 0.204724 -0.818898 
vn 0.566929 0.125984 -0.818898 
vn 0.818898 0.291339 -0.488189 
vn 0.811024 0.283465 -0.511811 
vn 0.551181 0.110236 -0.826772 
vn 0.543307 0.102362 -0.834646 
vn 0.228346 0 -0.976378 
vn 0.566929 0.125984 -0.818898 
vn 0.251969 -0.0551181 -0.968504 
vn 0.551181 0.110236 -0.826772 
vn 0.0314961 -0.165354 -0.984252 
vn 0.00787402 -0.141732 -0.992126 
vn 0.23622 -0.0629921 -0.968504 
vn 0.543307 0.102362 -0.834646 
vn -0.937008 -0.346457 -0.0629921 
vn 0.23622 -0.0708661 -0.968504 
vn -0.889764 -0.433071 -0.133858 
vn 0.023622 -0.165354 -0.984252 
vn -0.889764 -0.440945 -0.141732 
vn 0.0314961 -0.165354 -0.984252 
vn -0.88189 -0.440945 -0.149606 

vt 0.736965 0.893918 
vt 0.748382 0.987375 
vt 0.720873 0.893918 
vt 0.720873 0.937362 
vt 0.747616 0.893918 
vt 0.758358 0.893918 
vt 0.776291 0.893918 
vt 0.776291 0.937362 
vt 0.720873 0.981274 
vt 0.776291 0.987375 
vt 0.776291 0.981274 
vt 0.747926 0.9957 
vt 0.783409 0.9957 
vt 0.783409 0.984127 
vt 0.783409 0.927645 
vt 0.776291 0.937362 
vt 0.776291 0.893918 
vt 0.783409 0.884201 
vt 0.758358 0.893918 
vt 0.759964 0.884201 
vt 0.747616 0.893918 
vt 0.746813 0.884201 
vt 0.736965 0.893918 
vt 0.73419 0.884201 
vt 0.714327 0.884201 
vt 0.720873 0.893918 
vt 0.714327 0.927645 
vt 0.720873 0.937362 
vt 0.714327 0.9957 
vt 0.720873 0.987375 
vt 0.718993 0.9957 
vt 0.789971 0.931861 
vt 0.788633 0.921244 
vt 0.791527 0.928354 
vt 0.795838 0.940568 
vt 0.790599 0.920958 
vt 0.796953 0.933439 
vt 0.791499 0.913245 
vt 0.789959 0.910466 
vt 0.795816 0.901034 
vt 0.796793 0.906939 
vt 0.804585 0.894433 
vt 0.792847 0.915677 
vt 0.792888 0.925284 
vt 0.792321 0.920708 
vt 0.797928 0.927199 
vt 0.797535 0.919825 
vt 0.797648 0.912109 
vt 0.804621 0.919206 
vt 0.804678 0.910243 
vt 0.804634 0.902863 
vt 0.817733 0.918367 
vt 0.80506 0.929795 
vt 0.819409 0.900824 
vt 0.821273 0.891481 
vt 0.817778 0.909002 
vt 0.823101 0.894565 
vt 0.804852 0.9374 
vt 0.804614 0.946086 
vt 0.817891 0.929505 
vt 0.819165 0.937643 
vt 0.82062 0.94694 
vt 0.81942 0.927293 
vt 0.821128 0.935079 
vt 0.823079 0.943974 
vt 0.823089 0.919117 
vt 0.819234 0.918914 
vt 0.821034 0.919009 
vt 0.819358 0.910071 
vt 0.821105 0.902833 
vt 0.992997 0.830904 
vt 0.969308 0.779106 
vt 0.992997 0.779106 
vt 0.992997 0.772736 
vt 0.969308 0.772736 
vt 0.929871 0.772736 
vt 0.969308 0.830904 
vt 0.992997 0.882569 
vt 0.969308 0.882569 
vt 0.929871 0.779106 
vt 0.929871 0.830904 
vt 0.929871 0.882569 
vt 0.923409 0.882569 
vt 0.923409 0.830904 
vt 0.923409 0.779106 
vt 0.923409 0.772736 
vt 0.853971 0.772736 
vt 0.890179 0.779106 
vt 0.853971 0.779106 
vt 0.890179 0.772736 
vt 0.923371 0.779106 
vt 0.923371 0.772736 
vt 0.890179 0.882569 
vt 0.853971 0.826544 
vt 0.853971 0.882569 
vt 0.923371 0.830098 
vt 0.923371 0.882569 
vt 0.733432 0.830904 
vt 0.714767 0.779106 
vt 0.733432 0.779106 
vt 0.733432 0.772736 
vt 0.714767 0.772736 
vt 0.749283 0.772736 
vt 0.714767 0.830904 
vt 0.733432 0.882569 
vt 0.714767 0.882569 
vt 0.749283 0.779106 
vt 0.749283 0.830904 
vt 0.749283 0.882569 
vt 0.765201 0.779106 
vt 0.765201 0.772736 
vt 0.78415 0.772736 
vt 0.78415 0.779106 
vt 0.765201 0.830904 
vt 0.765201 0.882569 
vt 0.78415 0.830904 
vt 0.78415 0.882569 
vt 0.807048 0.772736 
vt 0.78415 0.779106 
vt 0.807048 0.779106 
vt 0.78415 0.830904 
vt 0.846109 0.779106 
vt 0.846109 0.772736 
vt 0.807048 0.830904 
vt 0.78415 0.882569 
vt 0.853974 0.772736 
vt 0.807048 0.882569 
vt 0.853974 0.779106 
vt 0.846109 0.830904 
vt 0.853974 0.830904 
vt 0.846109 0.882569 
vt 0.853974 0.882569 

usemtl Rig7Mtl

f 5111/5111/5111 5112/5112/5112 5113/5113/5113 
f 5113/5113/5113 5112/5112/5112 5114/5114/5114 
f 5115/5115/5115 5112/5112/5112 5111/5111/5111 
f 5116/5116/5116 5112/5112/5112 5115/5115/5115 
f 5117/5117/5117 5112/5112/5112 5116/5116/5116 
f 5118/5118/5118 5112/5112/5112 5117/5117/5117 
f 5114/5114/5114 5112/5112/5112 5119/5119/5119 
f 5112/5112/5112 5118/5118/5118 5120/5120/5120 
f 5120/5120/5120 5118/5118/5118 5121/5121/5121 
f 5120/5120/5120 5122/5122/5122 5112/5112/5112 
f 5121/5121/5121 5123/5123/5123 5120/5120/5120 
f 5123/5123/5123 5122/5122/5122 5120/5120/5120 
f 5123/5123/5123 5121/5121/5121 5124/5124/5124 
f 5121/5121/5121 5125/5125/5125 5124/5124/5124 
f 5125/5125/5125 5121/5121/5121 5126/5126/5126 
f 5126/5126/5126 5127/5127/5127 5125/5125/5125 
f 5127/5127/5127 5128/5128/5128 5125/5125/5125 
f 5127/5127/5127 5129/5129/5129 5128/5128/5128 
f 5130/5130/5130 5128/5128/5128 5129/5129/5129 
f 5131/5131/5131 5130/5130/5130 5129/5129/5129 
f 5130/5130/5130 5131/5131/5131 5132/5132/5132 
f 5131/5131/5131 5133/5133/5133 5132/5132/5132 
f 5134/5134/5134 5132/5132/5132 5133/5133/5133 
f 5133/5133/5133 5135/5135/5135 5134/5134/5134 
f 5135/5135/5135 5133/5133/5133 5136/5136/5136 
f 5136/5136/5136 5137/5137/5137 5135/5135/5135 
f 5137/5137/5137 5136/5136/5136 5138/5138/5138 
f 5119/5119/5119 5137/5137/5137 5138/5138/5138 
f 5137/5137/5137 5119/5119/5119 5139/5139/5139 
f 5140/5140/5140 5139/5139/5139 5119/5119/5119 
f 5139/5139/5139 5140/5140/5140 5141/5141/5141 
f 5119/5119/5119 5112/5112/5112 5140/5140/5140 
f 5122/5122/5122 5141/5141/5141 5140/5140/5140 
f 5140/5140/5140 5112/5112/5112 5122/5122/5122 
f 5142/5142/5142 5143/5143/5143 5144/5144/5144 
f 5144/5144/5144 5145/5145/5145 5142/5142/5142 
f 5144/5144/5144 5143/5143/5143 5146/5146/5146 
f 5145/5145/5145 5144/5144/5144 5147/5147/5147 
f 5146/5146/5146 5143/5143/5143 5148/5148/5148 
f 5143/5143/5143 5149/5149/5149 5148/5148/5148 
f 5150/5150/5150 5148/5148/5148 5149/5149/5149 
f 5148/5148/5148 5150/5150/5150 5151/5151/5151 
f 5152/5152/5152 5151/5151/5151 5150/5150/5150 
f 5148/5148/5148 5153/5153/5153 5146/5146/5146 
f 5151/5151/5151 5153/5153/5153 5148/5148/5148 
f 5144/5144/5144 5146/5146/5146 5154/5154/5154 
f 5147/5147/5147 5144/5144/5144 5154/5154/5154 
f 5155/5155/5155 5146/5146/5146 5153/5153/5153 
f 5154/5154/5154 5146/5146/5146 5155/5155/5155 
f 5147/5147/5147 5154/5154/5154 5156/5156/5156 
f 5154/5154/5154 5155/5155/5155 5156/5156/5156 
f 5155/5155/5155 5157/5157/5157 5156/5156/5156 
f 5157/5157/5157 5155/5155/5155 5153/5153/5153 
f 5153/5153/5153 5151/5151/5151 5158/5158/5158 
f 5158/5158/5158 5157/5157/5157 5153/5153/5153 
f 5157/5157/5157 5158/5158/5158 5159/5159/5159 
f 5156/5156/5156 5157/5157/5157 5159/5159/5159 
f 5158/5158/5158 5151/5151/5151 5160/5160/5160 
f 5159/5159/5159 5158/5158/5158 5160/5160/5160 
f 5160/5160/5160 5151/5151/5151 5161/5161/5161 
f 5151/5151/5151 5152/5152/5152 5161/5161/5161 
f 5162/5162/5162 5159/5159/5159 5160/5160/5160 
f 5163/5163/5163 5156/5156/5156 5159/5159/5159 
f 5163/5163/5163 5147/5147/5147 5156/5156/5156 
f 5163/5163/5163 5159/5159/5159 5162/5162/5162 
f 5152/5152/5152 5164/5164/5164 5161/5161/5161 
f 5164/5164/5164 5152/5152/5152 5165/5165/5165 
f 5166/5166/5166 5160/5160/5160 5161/5161/5161 
f 5166/5166/5166 5161/5161/5161 5164/5164/5164 
f 5162/5162/5162 5160/5160/5160 5166/5166/5166 
f 5167/5167/5167 5164/5164/5164 5165/5165/5165 
f 5147/5147/5147 5163/5163/5163 5168/5168/5168 
f 5168/5168/5168 5145/5145/5145 5147/5147/5147 
f 5145/5145/5145 5168/5168/5168 5169/5169/5169 
f 5170/5170/5170 5168/5168/5168 5163/5163/5163 
f 5170/5170/5170 5163/5163/5163 5162/5162/5162 
f 5171/5171/5171 5169/5169/5169 5168/5168/5168 
f 5168/5168/5168 5170/5170/5170 5171/5171/5171 
f 5169/5169/5169 5171/5171/5171 5172/5172/5172 
f 5162/5162/5162 5173/5173/5173 5170/5170/5170 
f 5173/5173/5173 5171/5171/5171 5170/5170/5170 
f 5174/5174/5174 5172/5172/5172 5171/5171/5171 
f 5171/5171/5171 5173/5173/5173 5174/5174/5174 
f 5172/5172/5172 5174/5174/5174 5175/5175/5175 
f 5176/5176/5176 5175/5175/5175 5174/5174/5174 
f 5173/5173/5173 5162/5162/5162 5177/5177/5177 
f 5162/5162/5162 5166/5166/5166 5177/5177/5177 
f 5178/5178/5178 5174/5174/5174 5173/5173/5173 
f 5176/5176/5176 5174/5174/5174 5178/5178/5178 
f 5178/5178/5178 5173/5173/5173 5177/5177/5177 
f 5177/5177/5177 5166/5166/5166 5179/5179/5179 
f 5178/5178/5178 5177/5177/5177 5179/5179/5179 
f 5164/5164/5164 5179/5179/5179 5166/5166/5166 
f 5180/5180/5180 5176/5176/5176 5178/5178/5178 
f 5180/5180/5180 5178/5178/5178 5179/5179/5179 
f 5179/5179/5179 5164/5164/5164 5180/5180/5180 
f 5176/5176/5176 5180/5180/5180 5167/5167/5167 
f 5164/5164/5164 5167/5167/5167 5180/5180/5180 
f 5181/5181/5181 5182/5182/5182 5183/5183/5183 
f 5183/5183/5183 5182/5182/5182 5184/5184/5184 
f 5184/5184/5184 5182/5182/5182 5185/5185/5185 
f 5182/5182/5182 5186/5186/5186 5185/5185/5185 
f 5182/5182/5182 5181/5181/5181 5187/5187/5187 
f 5188/5188/5188 5187/5187/5187 5181/5181/5181 
f 5187/5187/5187 5188/5188/5188 5189/5189/5189 
f 5187/5187/5187 5190/5190/5190 5182/5182/5182 
f 5186/5186/5186 5182/5182/5182 5190/5190/5190 
f 5189/5189/5189 5191/5191/5191 5187/5187/5187 
f 5190/5190/5190 5187/5187/5187 5191/5191/5191 
f 5191/5191/5191 5189/5189/5189 5192/5192/5192 
f 5191/5191/5191 5192/5192/5192 5193/5193/5193 
f 5193/5193/5193 5194/5194/5194 5191/5191/5191 
f 5194/5194/5194 5190/5190/5190 5191/5191/5191 
f 5190/5190/5190 5194/5194/5194 5195/5195/5195 
f 5195/5195/5195 5186/5186/5186 5190/5190/5190 
f 5186/5186/5186 5195/5195/5195 5196/5196/5196 
f 5197/5197/5197 5198/5198/5198 5199/5199/5199 
f 5198/5198/5198 5197/5197/5197 5200/5200/5200 
f 5200/5200/5200 5201/5201/5201 5198/5198/5198 
f 5201/5201/5201 5200/5200/5200 5202/5202/5202 
f 5203/5203/5203 5199/5199/5199 5198/5198/5198 
f 5203/5203/5203 5198/5198/5198 5201/5201/5201 
f 5199/5199/5199 5203/5203/5203 5204/5204/5204 
f 5203/5203/5203 5205/5205/5205 5204/5204/5204 
f 5203/5203/5203 5201/5201/5201 5206/5206/5206 
f 5203/5203/5203 5206/5206/5206 5207/5207/5207 
f 5208/5208/5208 5209/5209/5209 5210/5210/5210 
f 5209/5209/5209 5211/5211/5211 5210/5210/5210 
f 5211/5211/5211 5209/5209/5209 5212/5212/5212 
f 5213/5213/5213 5210/5210/5210 5211/5211/5211 
f 5209/5209/5209 5208/5208/5208 5214/5214/5214 
f 5215/5215/5215 5214/5214/5214 5208/5208/5208 
f 5214/5214/5214 5215/5215/5215 5216/5216/5216 
f 5217/5217/5217 5208/5208/5208 5210/5210/5210 
f 5210/5210/5210 5213/5213/5213 5217/5217/5217 
f 5218/5218/5218 5215/5215/5215 5208/5208/5208 
f 5208/5208/5208 5217/5217/5217 5218/5218/5218 
f 5218/5218/5218 5219/5219/5219 5215/5215/5215 
f 5220/5220/5220 5217/5217/5217 5213/5213/5213 
f 5220/5220/5220 5218/5218/5218 5217/5217/5217 
f 5213/5213/5213 5221/5221/5221 5220/5220/5220 
f 5222/5222/5222 5220/5220/5220 5221/5221/5221 
f 5220/5220/5220 5222/5222/5222 5223/5223/5223 
f 5220/5220/5220 5224/5224/5224 5218/5218/5218 
f 5224/5224/5224 5219/5219/5219 5218/5218/5218 
f 5223/5223/5223 5224/5224/5224 5220/5220/5220 
f 5224/5224/5224 5225/5225/5225 5219/5219/5219 
f 5224/5224/5224 5223/5223/5223 5226/5226/5226 
f 5225/5225/5225 5224/5224/5224 5226/5226/5226 
f 5226/5226/5226 5227/5227/5227 5225/5225/5225 
f 5228/5228/5228 5229/5229/5229 5222/5222/5222 
f 5229/5229/5229 5228/5228/5228 5230/5230/5230 
f 5230/5230/5230 5231/5231/5231 5229/5229/5229 
f 5228/5228/5228 5232/5232/5232 5230/5230/5230 
f 5232/5232/5232 5228/5228/5228 5233/5233/5233 
f 5231/5231/5231 5230/5230/5230 5234/5234/5234 
f 5234/5234/5234 5230/5230/5230 5232/5232/5232 
f 5234/5234/5234 5235/5235/5235 5231/5231/5231 
f 5232/5232/5232 5233/5233/5233 5236/5236/5236 
f 5235/5235/5235 5234/5234/5234 5237/5237/5237 
f 5238/5238/5238 5232/5232/5232 5236/5236/5236 
f 5232/5232/5232 5239/5239/5239 5234/5234/5234 
f 5238/5238/5238 5239/5239/5239 5232/5232/5232 
f 5239/5239/5239 5237/5237/5237 5234/5234/5234 
f 5239/5239/5239 5238/5238/5238 5240/5240/5240 
f 5237/5237/5237 5239/5239/5239 5241/5241/5241 
f 5240/5240/5240 5241/5241/5241 5239/5239/5239 
f 5240/5240/5240 5242/5242/5242 5241/5241/5241 

g Rig14

v 0.796495 6.33033 0.938937 
v 0.83566 6.33035 0.906321 
v 0.835771 6.60448 0.90634 
v 0.796533 6.60448 0.938937 
v -0.835773 6.60448 0.906339 
v -0.835662 6.33035 0.906321 
v -0.796497 6.33033 0.938937 
v -0.796535 6.60448 0.938937 
v 0.83612 6.33039 -0.0660595 
v 0.796608 6.33036 -0.0983966 
v 0.796608 6.60448 -0.0983967 
v 0.835616 6.60448 -0.0662605 
v -0.796608 6.60448 -0.0983974 
v -0.796608 6.33036 -0.0983974 
v -0.83612 6.33039 -0.0660603 
v -0.835616 6.60448 -0.0662614 
v 0.807546 6.67604 0.85535 
v 0.807546 6.70514 0.85535 
v 0.7696 6.70514 0.889992 
v 0.7696 6.67604 0.889992 
v -0.769602 6.70495 0.889992 
v -0.807548 6.70495 0.85535 
v -0.807548 6.67604 0.85535 
v -0.769602 6.67604 0.889992 
v 0.769601 6.70514 -0.0745677 
v 0.807546 6.70514 -0.0424787 
v 0.807546 6.67605 -0.0424787 
v 0.769601 6.67605 -0.0745677 
v -0.807546 6.67605 -0.0424795 
v -0.807546 6.70495 -0.0424795 
v -0.769601 6.70495 -0.0745685 
v -0.769601 6.67605 -0.0745684 
v 0.835771 6.60448 0.90634 
v 0.83566 6.33035 0.906321 
v 0.83612 6.33039 -0.0660595 
v 0.835616 6.60448 -0.0662605 
v -0.83612 6.33039 -0.0660603 
v -0.835662 6.33035 0.906321 
v -0.835773 6.60448 0.906339 
v -0.835616 6.60448 -0.0662614 
v 0.807546 6.70514 -0.0424787 
v 0.807546 6.70514 0.85535 
v 0.807546 6.67604 0.85535 
v 0.807546 6.67605 -0.0424787 
v -0.807548 6.70495 0.85535 
v -0.807546 6.70495 -0.0424795 
v -0.807546 6.67605 -0.0424795 
v -0.807548 6.67604 0.85535 
v 0.835616 6.60448 -0.0662605 
v 0.807546 6.67605 -0.0424787 
v 0.807546 6.67604 0.85535 
v 0.835771 6.60448 0.90634 
v -0.807548 6.67604 0.85535 
v -0.807546 6.67605 -0.0424795 
v -0.835616 6.60448 -0.0662614 
v -0.835773 6.60448 0.906339 
v 0.704803 6.92527 0.254757 
v 0.704803 6.93019 0.39783 
v 0.704803 6.92029 0.551503 
v 0.704803 6.88568 0.685481 
v 0.704803 6.88137 0.117921 
v 0.704803 6.81688 0.0620463 
v 0.704803 6.81929 0.754171 
v 0.704803 6.76221 0.0413914 
v 0.704803 6.76221 0.771869 
v -0.704804 6.91953 0.551503 
v -0.704804 6.9297 0.397829 
v -0.704804 6.92454 0.254757 
v -0.704804 6.88468 0.68548 
v -0.704804 6.88039 0.11792 
v -0.704803 6.81541 0.0620457 
v -0.704804 6.81782 0.754171 
v -0.704803 6.75984 0.0413905 
v -0.704804 6.75984 0.771869 
v 0.704803 6.76221 0.0413914 
v 0.671685 6.76215 0.0152836 
v 0.671685 6.83061 0.0372117 
v 0.704803 6.81688 0.0620463 
v 0.704803 6.88137 0.117921 
v 0.671685 6.90523 0.103087 
v 0.671685 6.95332 0.247862 
v 0.704803 6.92527 0.254757 
v 0.704803 6.93019 0.39783 
v 0.671685 6.96242 0.398869 
v -0.704803 6.75984 0.0413905 
v -0.704803 6.81541 0.0620457 
v -0.671686 6.82917 0.0372113 
v -0.671686 6.7599 0.015283 
v -0.704804 6.88039 0.11792 
v -0.671686 6.90424 0.103086 
v -0.671686 6.95254 0.247861 
v -0.704804 6.92454 0.254757 
v -0.704804 6.9297 0.397829 
v -0.671686 6.96187 0.398868 
v 0.704803 6.76221 0.771869 
v 0.704803 6.81929 0.754171 
v 0.671685 6.82848 0.778229 
v 0.671685 6.76215 0.800054 
v 0.671685 6.90882 0.698386 
v 0.704803 6.88568 0.685481 
v 0.671685 6.94772 0.558816 
v 0.704803 6.92029 0.551503 
v 0.704803 6.93019 0.39783 
v 0.671685 6.96242 0.398869 
v -0.704804 6.75984 0.771869 
v -0.671686 6.7599 0.800054 
v -0.671686 6.82703 0.778229 
v -0.704804 6.81782 0.754171 
v -0.671686 6.9078 0.698386 
v -0.704804 6.88468 0.68548 
v -0.671686 6.94692 0.558815 
v -0.704804 6.91953 0.551503 
v -0.704804 6.9297 0.397829 
v -0.671686 6.96187 0.398868 
v -7.32097e-07 6.33035 0.939038 
v 0.28796 6.33035 0.939038 
v 0.28796 6.60449 0.939038 
v 0.524968 6.60449 0.939038 
v -6.99417e-07 6.60449 0.939038 
v 0.524968 6.33035 0.939038 
v -0.287962 6.60449 0.939038 
v 0.713447 6.60449 0.939038 
v -0.287962 6.33035 0.939038 
v 0.713448 6.33034 0.939038 
v 0.796533 6.60448 0.938937 
v 0.796495 6.33033 0.938937 
v -0.52497 6.60449 0.939038 
v -0.52497 6.33035 0.939038 
v -0.713449 6.60449 0.939038 
v -0.71345 6.33034 0.939038 
v -0.796535 6.60448 0.938937 
v -0.796497 6.33033 0.938937 
v 0.796608 6.33036 -0.0983966 
v 0.713501 6.33036 -0.0983967 
v 0.713501 6.60448 -0.0983967 
v 0.796608 6.60448 -0.0983967 
v 0.52496 6.60449 -0.0983968 
v 0.52496 6.33037 -0.0983967 
v 0.287955 6.60449 -0.0983969 
v 0.287955 6.33037 -0.0983969 
v -2.04732e-07 6.60449 -0.098397 
v -2.37409e-07 6.33037 -0.098397 
v -0.287955 6.33037 -0.0983972 
v -0.287955 6.60449 -0.0983972 
v -0.52496 6.33037 -0.0983973 
v -0.52496 6.60449 -0.0983973 
v -0.713501 6.33036 -0.0983973 
v -0.713501 6.60448 -0.0983974 
v -0.796608 6.33036 -0.0983974 
v -0.796608 6.60448 -0.0983974 
v -2.04107e-07 6.70505 -0.0745681 
v 0.287955 6.70508 -0.0745679 
v 0.287955 6.67605 -0.0745679 
v 0.52496 6.67605 -0.0745678 
v -2.07563e-07 6.67605 -0.0745681 
v 0.52496 6.70511 -0.0745678 
v -0.287955 6.70501 -0.0745682 
v 0.713501 6.67605 -0.0745677 
v -0.287955 6.67605 -0.0745682 
v 0.713501 6.70513 -0.0745677 
v 0.769601 6.67605 -0.0745677 
v 0.769601 6.70514 -0.0745677 
v -0.52496 6.70498 -0.0745683 
v -0.52496 6.67605 -0.0745683 
v -0.713501 6.67605 -0.0745684 
v -0.713501 6.70496 -0.0745684 
v -0.769601 6.67605 -0.0745684 
v -0.769601 6.70495 -0.0745685 
v 0.7696 6.70514 0.889992 
v 0.713447 6.70513 0.889992 
v 0.713447 6.67604 0.889992 
v 0.7696 6.67604 0.889992 
v 0.524968 6.67604 0.889992 
v 0.524968 6.70511 0.889992 
v 0.28796 6.67604 0.889992 
v 0.28796 6.70508 0.889992 
v -6.67501e-07 6.67604 0.889992 
v -6.64043e-07 6.70505 0.889992 
v -0.287962 6.67604 0.889992 
v -0.287962 6.70501 0.889992 
v -0.52497 6.67604 0.889992 
v -0.52497 6.70498 0.889992 
v -0.713449 6.67604 0.889992 
v -0.713449 6.70496 0.889992 
v -0.769602 6.67604 0.889992 
v -0.769602 6.70495 0.889992 
v 0.713501 6.60448 -0.0983967 
v 0.713501 6.67605 -0.0745677 
v 0.769601 6.67605 -0.0745677 
v 0.52496 6.60449 -0.0983968 
v 0.796608 6.60448 -0.0983967 
v 0.807546 6.67605 -0.0424787 
v 0.835616 6.60448 -0.0662605 
v 0.52496 6.67605 -0.0745678 
v 0.287955 6.60449 -0.0983969 
v 0.287955 6.67605 -0.0745679 
v -2.04732e-07 6.60449 -0.098397 
v -2.07563e-07 6.67605 -0.0745681 
v -0.287955 6.67605 -0.0745682 
v -0.287955 6.60449 -0.0983972 
v -0.52496 6.67605 -0.0745683 
v -0.52496 6.60449 -0.0983973 
v -0.713501 6.67605 -0.0745684 
v -0.713501 6.60448 -0.0983974 
v -0.769601 6.67605 -0.0745684 
v -0.796608 6.60448 -0.0983974 
v -0.807546 6.67605 -0.0424795 
v -0.835616 6.60448 -0.0662614 
v 0.713501 6.33036 -0.0983967 
v 0.796608 6.33036 -0.0983966 
v -4.84753e-07 6.33036 0.420321 
v 0.83612 6.33039 -0.0660595 
v 0.52496 6.33037 -0.0983967 
v 0.83566 6.33035 0.906321 
v 0.287955 6.33037 -0.0983969 
v 0.796495 6.33033 0.938937 
v -2.37409e-07 6.33037 -0.098397 
v 0.713448 6.33034 0.939038 
v -0.287955 6.33037 -0.0983972 
v 0.524968 6.33035 0.939038 
v -0.52496 6.33037 -0.0983973 
v -0.713501 6.33036 -0.0983973 
v 0.28796 6.33035 0.939038 
v -7.32097e-07 6.33035 0.939038 
v -0.287962 6.33035 0.939038 
v -0.52497 6.33035 0.939038 
v -0.71345 6.33034 0.939038 
v -0.796497 6.33033 0.938937 
v -0.835662 6.33035 0.906321 
v -0.83612 6.33039 -0.0660603 
v -0.796608 6.33036 -0.0983974 
v -0.796608 6.33036 -0.0983974 
v -0.713501 6.33036 -0.0983973 
v -4.84753e-07 6.33036 0.420321 
v 0.807546 6.70514 0.85535 
v 0.807546 6.70514 -0.0424787 
v 0.704803 6.76221 0.0413914 
v 0.704803 6.76221 0.771869 
v 0.28796 6.60449 0.939038 
v 0.28796 6.67604 0.889992 
v -6.67501e-07 6.67604 0.889992 
v 0.524968 6.60449 0.939038 
v -6.99417e-07 6.60449 0.939038 
v 0.524968 6.67604 0.889992 
v -0.287962 6.60449 0.939038 
v 0.713447 6.60449 0.939038 
v -0.287962 6.67604 0.889992 
v 0.713447 6.67604 0.889992 
v -0.52497 6.60449 0.939038 
v 0.7696 6.67604 0.889992 
v -0.52497 6.67604 0.889992 
v 0.796533 6.60448 0.938937 
v 0.835771 6.60448 0.90634 
v 0.807546 6.67604 0.85535 
v -0.713449 6.60449 0.939038 
v -0.713449 6.67604 0.889992 
v -0.769602 6.67604 0.889992 
v -0.796535 6.60448 0.938937 
v -0.835773 6.60448 0.906339 
v -0.807548 6.67604 0.85535 
v -0.807546 6.70495 -0.0424795 
v -0.807548 6.70495 0.85535 
v -0.704804 6.75984 0.771869 
v -0.704803 6.75984 0.0413905 
v 0.251319 6.76145 0.0152834 
v -2.37195e-07 6.76103 0.0152833 
v -2.48345e-07 6.82989 0.0372114 
v -0.25132 6.82962 0.0372115 
v -0.251319 6.7606 0.0152832 
v 0.25132 6.83016 0.0372115 
v 0.45817 6.7618 0.0152833 
v -0.458172 6.8294 0.0372111 
v -0.45817 6.76026 0.0152831 
v 0.458172 6.83038 0.0372116 
v 0.622723 6.76207 0.0152836 
v -2.73312e-07 6.90474 0.103086 
v 0.622712 6.83055 0.0372117 
v 0.671685 6.76215 0.0152836 
v 0.671685 6.83061 0.0372117 
v 0.251321 6.90492 0.103087 
v 0.458173 6.90508 0.103087 
v 0.622706 6.9052 0.103087 
v 0.671685 6.90523 0.103087 
v 0.622703 6.95329 0.247862 
v 0.671685 6.95332 0.247862 
v 0.6227 6.9624 0.398869 
v 0.671685 6.96242 0.398869 
v 0.458174 6.96233 0.398868 
v 0.458173 6.9532 0.247862 
v 0.251321 6.96225 0.398868 
v 0.251321 6.95308 0.247862 
v -3.99941e-07 6.96214 0.398868 
v -3.32954e-07 6.95293 0.247862 
v -0.251322 6.96204 0.398868 
v -0.251321 6.95279 0.247862 
v -0.458174 6.96196 0.398868 
v -0.251321 6.90455 0.103086 
v -0.458174 6.95267 0.247862 
v -0.622701 6.96189 0.398868 
v -0.458173 6.9044 0.103086 
v -0.622703 6.95257 0.247862 
v -0.671686 6.96187 0.398868 
v -0.671686 6.95254 0.247861 
v -0.622706 6.90427 0.103086 
v -0.671686 6.90424 0.103086 
v -0.622712 6.82922 0.0372113 
v -0.671686 6.82917 0.0372113 
v -0.622723 6.75998 0.015283 
v -0.671686 6.7599 0.015283 
v 0.671685 6.76215 0.800054 
v 0.671685 6.82848 0.778229 
v 0.622687 6.82842 0.778229 
v 0.671685 6.90882 0.698386 
v 0.622676 6.76207 0.800054 
v 0.622693 6.90878 0.698386 
v 0.458176 6.82825 0.778229 
v 0.671685 6.94772 0.558816 
v 0.458177 6.7618 0.800054 
v 0.622696 6.94769 0.558816 
v 0.671685 6.96242 0.398869 
v 0.6227 6.9624 0.398869 
v 0.458175 6.90866 0.698386 
v 0.458174 6.94759 0.558816 
v 0.458174 6.96233 0.398868 
v 0.251322 6.82802 0.778229 
v 0.251323 6.76145 0.800054 
v 0.251322 6.94747 0.558816 
v 0.251322 6.9085 0.698386 
v 0.251321 6.96225 0.398868 
v -5.91052e-07 6.82775 0.778229 
v -6.1826e-07 6.76103 0.800054 
v -4.73978e-07 6.94732 0.558815 
v -5.41747e-07 6.90831 0.698386 
v -3.99941e-07 6.96214 0.398868 
v -0.251323 6.82748 0.778229 
v -0.251325 6.7606 0.800054 
v -0.251322 6.94717 0.558815 
v -0.251323 6.90812 0.698386 
v -0.251322 6.96204 0.398868 
v -0.458177 6.82726 0.778229 
v -0.458178 6.76026 0.800054 
v -0.458175 6.94704 0.558815 
v -0.458176 6.90796 0.698385 
v -0.458174 6.96196 0.398868 
v -0.622689 6.82708 0.778229 
v -0.622678 6.75998 0.800054 
v -0.671686 6.82703 0.778229 
v -0.671686 6.7599 0.800054 
v -0.622694 6.90784 0.698385 
v -0.671686 6.9078 0.698386 
v -0.622697 6.94695 0.558815 
v -0.671686 6.94692 0.558815 
v -0.622701 6.96189 0.398868 
v -0.671686 6.96187 0.398868 
v 0.287955 6.70508 -0.0745679 
v -2.04107e-07 6.70505 -0.0745681 
v -2.37195e-07 6.76103 0.0152833 
v -0.251319 6.7606 0.0152832 
v 0.251319 6.76145 0.0152834 
v -0.287955 6.70501 -0.0745682 
v 0.52496 6.70511 -0.0745678 
v -0.45817 6.76026 0.0152831 
v 0.45817 6.7618 0.0152833 
v -0.52496 6.70498 -0.0745683 
v 0.713501 6.70513 -0.0745677 
v -0.622723 6.75998 0.015283 
v 0.622723 6.76207 0.0152836 
v -0.713501 6.70496 -0.0745684 
v 0.769601 6.70514 -0.0745677 
v -0.671686 6.7599 0.015283 
v 0.671685 6.76215 0.0152836 
v 0.807546 6.70514 -0.0424787 
v 0.704803 6.76221 0.0413914 
v -0.769601 6.70495 -0.0745685 
v -0.704803 6.75984 0.0413905 
v -0.807546 6.70495 -0.0424795 
v 0.713447 6.70513 0.889992 
v 0.7696 6.70514 0.889992 
v 0.671685 6.76215 0.800054 
v 0.704803 6.76221 0.771869 
v 0.807546 6.70514 0.85535 
v 0.622676 6.76207 0.800054 
v 0.524968 6.70511 0.889992 
v 0.458177 6.7618 0.800054 
v 0.28796 6.70508 0.889992 
v 0.251323 6.76145 0.800054 
v -6.64043e-07 6.70505 0.889992 
v -6.1826e-07 6.76103 0.800054 
v -0.287962 6.70501 0.889992 
v -0.251325 6.7606 0.800054 
v -0.52497 6.70498 0.889992 
v -0.458178 6.76026 0.800054 
v -0.713449 6.70496 0.889992 
v -0.622678 6.75998 0.800054 
v -0.769602 6.70495 0.889992 
v -0.671686 6.7599 0.800054 
v -0.807548 6.70495 0.85535 
v -0.704804 6.75984 0.771869 

vn 0.637795 0 0.771654 
vn 0.637795 0 0.771654 
vn 0.637795 0 0.771654 
vn 0.637795 0 0.771654 
vn -0.637795 0 0.771654 
vn -0.637795 0 0.771654 
vn -0.637795 0 0.771654 
vn -0.637795 0 0.771654 
vn 0.629921 0 -0.771654 
vn 0.629921 0 -0.771654 
vn 0.637795 0 -0.771654 
vn 0.637795 0 -0.771654 
vn -0.637795 0 -0.771654 
vn -0.629921 0 -0.771654 
vn -0.629921 0 -0.771654 
vn -0.637795 0 -0.771654 
vn 0.677165 0 0.740157 
vn 0.677165 0 0.740157 
vn 0.677165 0 0.740157 
vn 0.677165 0 0.740157 
vn -0.677165 0 0.740157 
vn -0.677165 0 0.740157 
vn -0.677165 0 0.740157 
vn -0.677165 0 0.740157 
vn 0.645669 0 -0.76378 
vn 0.645669 0 -0.76378 
vn 0.645669 0 -0.76378 
vn 0.645669 0 -0.76378 
vn -0.645669 0 -0.76378 
vn -0.645669 0 -0.76378 
vn -0.645669 0 -0.76378 
vn -0.645669 0 -0.76378 
vn 1 0 0 
vn 1 0 0 
vn 1 0 0 
vn 1 0 0 
vn -1 0 0 
vn -1 0 0 
vn -1 0 0 
vn -1 0 0 
vn 1 0 0 
vn 1 0 0 
vn 1 0 0 
vn 1 0 0 
vn -1 0 0 
vn -1 0 0 
vn -1 0 0 
vn -1 0 0 
vn 0.795276 0.448819 -0.401575 
vn 0.826772 0.440945 -0.346457 
vn 0.826772 0.503937 0.244094 
vn 0.716535 0.559055 0.409449 
vn -0.826772 0.503937 0.244094 
vn -0.826772 0.440945 -0.346457 
vn -0.795276 0.448819 -0.401575 
vn -0.716535 0.559055 0.409449 
vn 1 0 0 
vn 1 0 0 
vn 1 0 0 
vn 1 0 0 
vn 1 0 0 
vn 1 0 0 
vn 1 0 0 
vn 1 0 0 
vn 1 0 0 
vn -1 0 0 
vn -1 0 0 
vn -1 0 0 
vn -1 0 0 
vn -1 0 0 
vn -1 0 0 
vn -1 0 0 
vn -1 0 0 
vn -1 0 0 
vn 0.614173 0.251969 -0.748031 
vn 0.598425 0.244094 -0.76378 
vn 0.637795 0.385827 -0.661417 
vn 0.653543 0.393701 -0.653543 
vn 0.653543 0.629921 -0.425197 
vn 0.645669 0.637795 -0.417323 
vn 0.661417 0.740157 -0.133858 
vn 0.653543 0.740157 -0.125984 
vn 0.692913 0.724409 0.00787402 
vn 0.700787 0.716535 0.00787402 
vn -0.614173 0.251969 -0.748031 
vn -0.653543 0.385827 -0.653543 
vn -0.637795 0.385827 -0.661417 
vn -0.598425 0.244094 -0.76378 
vn -0.653543 0.629921 -0.425197 
vn -0.645669 0.637795 -0.417323 
vn -0.661417 0.740157 -0.133858 
vn -0.653543 0.740157 -0.125984 
vn -0.685039 0.724409 0.00787402 
vn -0.700787 0.716535 0.00787402 
vn 0.622047 0.23622 0.748031 
vn 0.614173 0.425197 0.669291 
vn 0.614173 0.401575 0.685039 
vn 0.629921 0.244094 0.740157 
vn 0.622047 0.677165 0.393701 
vn 0.629921 0.677165 0.385827 
vn 0.653543 0.748031 0.125984 
vn 0.645669 0.755906 0.11811 
vn 0.692913 0.724409 0.00787402 
vn 0.700787 0.716535 0.00787402 
vn -0.622047 0.23622 0.748031 
vn -0.629921 0.23622 0.740157 
vn -0.614173 0.401575 0.685039 
vn -0.614173 0.417323 0.669291 
vn -0.622047 0.677165 0.393701 
vn -0.629921 0.677165 0.385827 
vn -0.653543 0.748031 0.125984 
vn -0.645669 0.755906 0.11811 
vn -0.685039 0.724409 0.00787402 
vn -0.700787 0.716535 0.00787402 
vn 0 0 1 
vn 0 0 1 
vn 0 0 1 
vn 0 0 1 
vn 0 0 1 
vn 0 0 1 
vn 0 0 1 
vn 0 0 1 
vn 0 0 1 
vn 0 0 1 
vn 0 0 1 
vn 0 0 1 
vn 0 0 1 
vn 0 0 1 
vn 0 0 1 
vn 0 0 1 
vn 0 0 1 
vn 0 0 1 
vn 0 0 -1 
vn 0 0 -1 
vn 0 0 -1 
vn 0 0 -1 
vn 0 0 -1 
vn 0 0 -1 
vn 0 0 -1 
vn 0 0 -1 
vn 0 0 -1 
vn 0 0 -1 
vn 0 0 -1 
vn 0 0 -1 
vn 0 0 -1 
vn 0 0 -1 
vn 0 0 -1 
vn 0 0 -1 
vn 0 0 -1 
vn 0 0 -1 
vn 0 0 -1 
vn 0 0 -1 
vn 0 0 -1 
vn 0 0 -1 
vn 0 0 -1 
vn 0 0 -1 
vn 0 0 -1 
vn 0 0 -1 
vn 0 0 -1 
vn 0 0 -1 
vn 0 0 -1 
vn 0 0 -1 
vn 0 0 -1 
vn 0 0 -1 
vn 0 0 -1 
vn 0 0 -1 
vn 0 0 -1 
vn 0 0 -1 
vn 0 0 1 
vn 0 0 1 
vn 0 0 1 
vn 0 0 1 
vn 0 0 1 
vn 0 0 1 
vn 0 0 1 
vn 0 0 1 
vn 0 0 1 
vn 0 0 1 
vn 0 0 1 
vn 0 0 1 
vn 0 0 1 
vn 0 0 1 
vn 0 0 1 
vn 0 0 1 
vn 0 0 1 
vn 0 0 1 
vn 0 0.314961 -0.944882 
vn 0 0.314961 -0.944882 
vn 0.267717 0.393701 -0.88189 
vn 0 0.314961 -0.944882 
vn 0.346457 0.417323 -0.84252 
vn 0.826772 0.440945 -0.346457 
vn 0.795276 0.448819 -0.401575 
vn 0 0.314961 -0.944882 
vn 0 0.314961 -0.944882 
vn 0 0.314961 -0.944882 
vn 0 0.314961 -0.944882 
vn 0 0.314961 -0.944882 
vn 0 0.314961 -0.944882 
vn 0 0.314961 -0.944882 
vn 0 0.314961 -0.944882 
vn 0 0.314961 -0.944882 
vn 0 0.314961 -0.944882 
vn 0 0.314961 -0.944882 
vn -0.267717 0.393701 -0.88189 
vn -0.346457 0.417323 -0.84252 
vn -0.826772 0.440945 -0.346457 
vn -0.795276 0.448819 -0.401575 
vn 0 -1 0 
vn 0 -1 0 
vn 0 -1 0 
vn 0 -1 0 
vn 0 -1 0 
vn 0 -1 0 
vn 0 -1 0 
vn 0 -1 0 
vn 0 -1 0 
vn 0 -1 0 
vn 0 -1 0 
vn 0 -1 0 
vn 0 -1 0 
vn 0 -1 0 
vn 0 -1 0 
vn 0 -1 0 
vn 0 -1 0 
vn 0 -1 0 
vn 0 -1 0 
vn 0 -1 0 
vn 0 -1 0 
vn 0 -1 0 
vn 0 -1 0 
vn 0 -1 0 
vn 0 -1 0 
vn 0 -1 0 
vn 0.362205 0.913386 0.181102 
vn 0.354331 0.913386 -0.188976 
vn 0.385827 0.913386 -0.141732 
vn 0.393701 0.913386 0.133858 
vn 0 0.566929 0.826772 
vn 0 0.566929 0.826772 
vn 0 0.566929 0.826772 
vn 0 0.566929 0.826772 
vn 0 0.566929 0.826772 
vn 0 0.566929 0.826772 
vn 0 0.566929 0.826772 
vn 0 0.566929 0.826772 
vn 0 0.566929 0.826772 
vn 0 0.566929 0.826772 
vn 0 0.566929 0.826772 
vn 0.259843 0.614173 0.740157 
vn 0 0.566929 0.826772 
vn 0.283465 0.614173 0.740157 
vn 0.716535 0.559055 0.409449 
vn 0.826772 0.503937 0.244094 
vn 0 0.566929 0.826772 
vn 0 0.566929 0.826772 
vn -0.259843 0.614173 0.740157 
vn -0.283465 0.614173 0.740157 
vn -0.716535 0.559055 0.409449 
vn -0.826772 0.503937 0.244094 
vn -0.346457 0.92126 -0.181102 
vn -0.346457 0.92126 0.173228 
vn -0.377953 0.913386 0.133858 
vn -0.377953 0.913386 -0.133858 
vn 0 0.307087 -0.952756 
vn 0 0.307087 -0.952756 
vn 0 0.496063 -0.866142 
vn 0 0.488189 -0.874016 
vn 0 0.299213 -0.952756 
vn 0 0.496063 -0.866142 
vn 0 0.307087 -0.952756 
vn 0 0.488189 -0.874016 
vn 0 0.299213 -0.952756 
vn 0 0.496063 -0.866142 
vn 0 0.307087 -0.952756 
vn 0 0.834646 -0.551181 
vn 0 0.496063 -0.866142 
vn 0 0.307087 -0.952756 
vn 0 0.496063 -0.866142 
vn 0 0.834646 -0.551181 
vn 0 0.834646 -0.551181 
vn 0 0.834646 -0.551181 
vn 0 0.834646 -0.551181 
vn 0 0.984252 -0.188976 
vn 0 0.984252 -0.188976 
vn 0 1 0.015748 
vn 0 1 0.015748 
vn 0 1 0.015748 
vn 0 0.984252 -0.188976 
vn 0 1 0.015748 
vn 0 0.984252 -0.188976 
vn 0 1 0.015748 
vn 0 0.984252 -0.188976 
vn 0 1 0.015748 
vn 0 0.984252 -0.188976 
vn 0 1 0.015748 
vn 0 0.834646 -0.551181 
vn 0 0.984252 -0.188976 
vn 0 1 0.015748 
vn 0 0.834646 -0.551181 
vn 0 0.984252 -0.188976 
vn 0 1 0.015748 
vn 0 0.984252 -0.188976 
vn 0 0.834646 -0.551181 
vn 0 0.834646 -0.551181 
vn 0 0.488189 -0.874016 
vn 0 0.488189 -0.874016 
vn 0 0.299213 -0.952756 
vn 0 0.299213 -0.952756 
vn 0 0.314961 0.952756 
vn 0 0.519685 0.850394 
vn 0 0.519685 0.850394 
vn 0 0.866142 0.503937 
vn 0 0.314961 0.952756 
vn 0 0.866142 0.503937 
vn 0 0.519685 0.850394 
vn 0 0.984252 0.181102 
vn 0 0.314961 0.952756 
vn 0 0.984252 0.181102 
vn 0 1 0.015748 
vn 0 1 0.015748 
vn 0 0.866142 0.503937 
vn 0 0.984252 0.181102 
vn 0 1 0.015748 
vn 0 0.519685 0.850394 
vn 0 0.314961 0.952756 
vn 0 0.984252 0.181102 
vn 0 0.858268 0.503937 
vn 0 1 0.015748 
vn 0 0.519685 0.850394 
vn 0 0.314961 0.952756 
vn 0 0.984252 0.181102 
vn 0 0.858268 0.503937 
vn 0 1 0.015748 
vn 0 0.519685 0.850394 
vn 0 0.307087 0.952756 
vn 0 0.984252 0.181102 
vn 0 0.858268 0.503937 
vn 0 1 0.015748 
vn 0 0.519685 0.850394 
vn 0 0.307087 0.952756 
vn 0 0.984252 0.181102 
vn 0 0.858268 0.503937 
vn 0 1 0.015748 
vn 0 0.519685 0.850394 
vn 0 0.307087 0.952756 
vn 0 0.519685 0.850394 
vn 0 0.307087 0.952756 
vn 0 0.858268 0.503937 
vn 0 0.858268 0.503937 
vn 0 0.984252 0.181102 
vn 0 0.984252 0.181102 
vn 0 1 0.015748 
vn 0 1 0.015748 
vn 0 0.850394 -0.527559 
vn 0 0.850394 -0.527559 
vn 0 0.850394 -0.527559 
vn 0 0.850394 -0.527559 
vn 0 0.850394 -0.535433 
vn 0 0.850394 -0.527559 
vn 0 0.84252 -0.535433 
vn 0 0.850394 -0.527559 
vn 0 0.84252 -0.535433 
vn 0 0.850394 -0.519685 
vn 0 0.84252 -0.535433 
vn 0 0.850394 -0.519685 
vn 0 0.84252 -0.535433 
vn 0 0.850394 -0.519685 
vn 0.173228 0.905512 -0.385827 
vn -0.0944882 0.889764 -0.440945 
vn 0.0944882 0.88189 -0.456693 
vn 0.354331 0.913386 -0.188976 
vn 0.385827 0.913386 -0.141732 
vn -0.173228 0.913386 -0.377953 
vn -0.377953 0.913386 -0.133858 
vn -0.346457 0.92126 -0.181102 
vn 0 0.84252 0.535433 
vn 0.181102 0.905512 0.385827 
vn 0.102362 0.889764 0.456693 
vn 0.393701 0.913386 0.133858 
vn 0.362205 0.913386 0.181102 
vn 0 0.84252 0.535433 
vn 0 0.84252 0.535433 
vn 0 0.84252 0.535433 
vn 0 0.850394 0.535433 
vn 0 0.850394 0.527559 
vn 0 0.850394 0.527559 
vn 0 0.850394 0.527559 
vn 0 0.850394 0.527559 
vn 0 0.850394 0.527559 
vn 0 0.850394 0.519685 
vn 0 0.850394 0.519685 
vn 0 0.850394 0.519685 
vn 0 0.850394 0.519685 
vn -0.173228 0.913386 0.370079 
vn -0.102362 0.889764 0.440945 
vn -0.346457 0.92126 0.173228 
vn -0.377953 0.913386 0.133858 

vt 0.346658 0.645145 
vt 0.351244 0.645145 
vt 0.351244 0.682578 
vt 0.34665 0.682578 
vt 0.212072 0.682578 
vt 0.212072 0.645145 
vt 0.217845 0.645145 
vt 0.217708 0.682578 
vt 0.00278207 0.645145 
vt 0.0101491 0.645145 
vt 0.0102416 0.682578 
vt 0.00278207 0.682578 
vt 0.136618 0.682578 
vt 0.136882 0.645145 
vt 0.142109 0.645145 
vt 0.142109 0.682578 
vt 0.351244 0.695353 
vt 0.351244 0.699623 
vt 0.346228 0.699481 
vt 0.346232 0.695353 
vt 0.218008 0.699453 
vt 0.212072 0.699591 
vt 0.212072 0.695353 
vt 0.218026 0.695353 
vt 0.0110195 0.699621 
vt 0.00278207 0.699623 
vt 0.00278207 0.695353 
vt 0.0110203 0.695353 
vt 0.142109 0.695353 
vt 0.142109 0.699591 
vt 0.13598 0.699733 
vt 0.136003 0.695353 
vt 0.351259 0.682578 
vt 0.351259 0.645145 
vt 0.420795 0.645145 
vt 0.420795 0.682578 
vt 0.142109 0.645145 
vt 0.212072 0.645145 
vt 0.212072 0.682578 
vt 0.142109 0.682578 
vt 0.420795 0.699623 
vt 0.351259 0.699623 
vt 0.351259 0.695353 
vt 0.420795 0.695353 
vt 0.212072 0.699591 
vt 0.142109 0.699591 
vt 0.142109 0.695353 
vt 0.212072 0.695353 
vt 0.420795 0.682578 
vt 0.420795 0.695353 
vt 0.351259 0.695353 
vt 0.351259 0.682578 
vt 0.212072 0.695353 
vt 0.142109 0.695353 
vt 0.142109 0.682578 
vt 0.212072 0.682578 
vt 0.152049 0.599562 
vt 0.152169 0.6083 
vt 0.151928 0.617687 
vt 0.151081 0.62587 
vt 0.150976 0.591204 
vt 0.149399 0.587791 
vt 0.149458 0.630065 
vt 0.148062 0.586529 
vt 0.148062 0.631146 
vt 0.210523 0.600315 
vt 0.210276 0.609653 
vt 0.210402 0.618348 
vt 0.211371 0.592174 
vt 0.211475 0.626663 
vt 0.213056 0.630058 
vt 0.212997 0.587999 
vt 0.214408 0.631313 
vt 0.214408 0.586924 
vt 0.146669 0.58607 
vt 0.148294 0.586102 
vt 0.148294 0.587176 
vt 0.146669 0.587156 
vt 0.146669 0.590092 
vt 0.148294 0.590401 
vt 0.148294 0.597488 
vt 0.146669 0.597281 
vt 0.146669 0.604799 
vt 0.148294 0.604881 
vt 0.215829 0.586057 
vt 0.215829 0.587143 
vt 0.214204 0.587176 
vt 0.214204 0.586102 
vt 0.215829 0.590081 
vt 0.214204 0.590401 
vt 0.214204 0.597488 
vt 0.215829 0.597276 
vt 0.215829 0.604799 
vt 0.214204 0.604881 
vt 0.146681 0.630733 
vt 0.146681 0.629512 
vt 0.148306 0.62942 
vt 0.148306 0.630823 
vt 0.148306 0.624287 
vt 0.146681 0.624772 
vt 0.148306 0.615315 
vt 0.146681 0.615528 
vt 0.146681 0.604925 
vt 0.148306 0.605032 
vt 0.215842 0.630751 
vt 0.214217 0.630823 
vt 0.214217 0.62942 
vt 0.215842 0.629529 
vt 0.214217 0.624287 
vt 0.215842 0.624786 
vt 0.214217 0.615315 
vt 0.215842 0.615535 
vt 0.215842 0.604924 
vt 0.214217 0.605032 
vt 0.282316 0.645145 
vt 0.303637 0.645145 
vt 0.303663 0.682578 
vt 0.321355 0.682578 
vt 0.282152 0.682578 
vt 0.32118 0.645145 
vt 0.260662 0.682578 
vt 0.335289 0.682578 
vt 0.261011 0.645145 
vt 0.335064 0.645145 
vt 0.34665 0.682578 
vt 0.346658 0.645145 
vt 0.243002 0.682578 
vt 0.243525 0.645145 
vt 0.229163 0.682578 
vt 0.229704 0.645145 
vt 0.217708 0.682578 
vt 0.217845 0.645145 
vt 0.0101491 0.645145 
vt 0.0197017 0.645145 
vt 0.0194024 0.682578 
vt 0.0102416 0.682578 
vt 0.0335316 0.682578 
vt 0.0338555 0.645145 
vt 0.0514591 0.682578 
vt 0.0517166 0.645145 
vt 0.073238 0.682578 
vt 0.0734727 0.645145 
vt 0.0952494 0.645145 
vt 0.0950248 0.682578 
vt 0.113133 0.645145 
vt 0.112951 0.682578 
vt 0.127313 0.645145 
vt 0.12709 0.682578 
vt 0.136882 0.645145 
vt 0.136618 0.682578 
vt 0.0731468 0.699597 
vt 0.0513589 0.699583 
vt 0.0513749 0.695353 
vt 0.0334113 0.695353 
vt 0.0731722 0.695353 
vt 0.0334053 0.699581 
vt 0.0949354 0.699621 
vt 0.0190584 0.695353 
vt 0.0949712 0.695353 
vt 0.0190582 0.699602 
vt 0.0110203 0.695353 
vt 0.0110195 0.699621 
vt 0.112886 0.69965 
vt 0.112932 0.695353 
vt 0.127302 0.695353 
vt 0.127251 0.699703 
vt 0.136003 0.695353 
vt 0.13598 0.699733 
vt 0.346228 0.699481 
vt 0.335829 0.69948 
vt 0.335837 0.695353 
vt 0.346232 0.695353 
vt 0.321471 0.695353 
vt 0.321462 0.699477 
vt 0.303672 0.695353 
vt 0.303659 0.699472 
vt 0.282097 0.695353 
vt 0.282081 0.699467 
vt 0.260543 0.695353 
vt 0.260523 0.699462 
vt 0.242775 0.695353 
vt 0.242749 0.699457 
vt 0.228499 0.695353 
vt 0.228463 0.699453 
vt 0.218026 0.695353 
vt 0.218008 0.699453 
vt 0.0194024 0.682578 
vt 0.0190584 0.695353 
vt 0.0110203 0.695353 
vt 0.0335316 0.682578 
vt 0.0102416 0.682578 
vt 0.00278207 0.695353 
vt 0.00278207 0.682578 
vt 0.0334113 0.695353 
vt 0.0514591 0.682578 
vt 0.0513749 0.695353 
vt 0.073238 0.682578 
vt 0.0731722 0.695353 
vt 0.0949712 0.695353 
vt 0.0950248 0.682578 
vt 0.112932 0.695353 
vt 0.112951 0.682578 
vt 0.127302 0.695353 
vt 0.12709 0.682578 
vt 0.136003 0.695353 
vt 0.136618 0.682578 
vt 0.142109 0.695353 
vt 0.142109 0.682578 
vt 0.0133639 0.643229 
vt 0.0032445 0.643229 
vt 0.0722538 0.587955 
vt 0.0032445 0.639784 
vt 0.0289256 0.643229 
vt 0.0032445 0.536167 
vt 0.0484871 0.643229 
vt 0.0032445 0.532691 
vt 0.0722538 0.643228 
vt 0.0133684 0.53268 
vt 0.0960205 0.643228 
vt 0.0289245 0.53268 
vt 0.115582 0.643228 
vt 0.141264 0.643229 
vt 0.0484871 0.53268 
vt 0.0722538 0.53268 
vt 0.0960205 0.53268 
vt 0.115582 0.53268 
vt 0.131139 0.53268 
vt 0.141264 0.532691 
vt 0.141264 0.536166 
vt 0.141264 0.639784 
vt 0.141264 0.643229 
vt 0.141264 0.643229 
vt 0.141264 0.643229 
vt 0.0722538 0.587955 
vt 0.146695 0.636245 
vt 0.146695 0.581407 
vt 0.148062 0.586529 
vt 0.148062 0.631146 
vt 0.303663 0.682578 
vt 0.303672 0.695353 
vt 0.282097 0.695353 
vt 0.321355 0.682578 
vt 0.282152 0.682578 
vt 0.321471 0.695353 
vt 0.260662 0.682578 
vt 0.335289 0.682578 
vt 0.260543 0.695353 
vt 0.335837 0.695353 
vt 0.243002 0.682578 
vt 0.346232 0.695353 
vt 0.242775 0.695353 
vt 0.34665 0.682578 
vt 0.351244 0.682578 
vt 0.351244 0.695353 
vt 0.229163 0.682578 
vt 0.228499 0.695353 
vt 0.218026 0.695353 
vt 0.217708 0.682578 
vt 0.212072 0.682578 
vt 0.212072 0.695353 
vt 0.215768 0.63641 
vt 0.215768 0.581851 
vt 0.214408 0.586924 
vt 0.214408 0.631313 
vt 0.168918 0.586102 
vt 0.181249 0.586102 
vt 0.181249 0.587176 
vt 0.19358 0.587176 
vt 0.19358 0.586102 
vt 0.168918 0.587176 
vt 0.158769 0.586102 
vt 0.203729 0.587176 
vt 0.203729 0.586102 
vt 0.158769 0.587176 
vt 0.150697 0.586102 
vt 0.181249 0.590401 
vt 0.150697 0.587176 
vt 0.148294 0.586102 
vt 0.148294 0.587176 
vt 0.168918 0.590401 
vt 0.158769 0.590401 
vt 0.150697 0.590401 
vt 0.148294 0.590401 
vt 0.150697 0.597488 
vt 0.148294 0.597488 
vt 0.150697 0.604881 
vt 0.148294 0.604881 
vt 0.158769 0.604881 
vt 0.158769 0.597488 
vt 0.168918 0.604881 
vt 0.168918 0.597488 
vt 0.181249 0.604881 
vt 0.181249 0.597488 
vt 0.19358 0.604881 
vt 0.19358 0.597488 
vt 0.203729 0.604881 
vt 0.19358 0.590401 
vt 0.203729 0.597488 
vt 0.211801 0.604881 
vt 0.203729 0.590401 
vt 0.211801 0.597488 
vt 0.214204 0.604881 
vt 0.214204 0.597488 
vt 0.211801 0.590401 
vt 0.214204 0.590401 
vt 0.211801 0.587176 
vt 0.214204 0.587176 
vt 0.211801 0.586102 
vt 0.214204 0.586102 
vt 0.148306 0.630823 
vt 0.148306 0.62942 
vt 0.15071 0.62942 
vt 0.148306 0.624287 
vt 0.15071 0.630823 
vt 0.15071 0.624287 
vt 0.158782 0.62942 
vt 0.148306 0.615315 
vt 0.158782 0.630823 
vt 0.15071 0.615315 
vt 0.148306 0.605032 
vt 0.15071 0.605032 
vt 0.158782 0.624287 
vt 0.158782 0.615315 
vt 0.158782 0.605032 
vt 0.168931 0.62942 
vt 0.168931 0.630823 
vt 0.168931 0.615315 
vt 0.168931 0.624287 
vt 0.168931 0.605032 
vt 0.181261 0.62942 
vt 0.181261 0.630823 
vt 0.181261 0.615315 
vt 0.181261 0.624287 
vt 0.181261 0.605032 
vt 0.193592 0.62942 
vt 0.193592 0.630823 
vt 0.193592 0.615315 
vt 0.193592 0.624287 
vt 0.193592 0.605032 
vt 0.203741 0.62942 
vt 0.203741 0.630823 
vt 0.203741 0.615315 
vt 0.203741 0.624287 
vt 0.203741 0.605032 
vt 0.211813 0.62942 
vt 0.211813 0.630823 
vt 0.214217 0.62942 
vt 0.214217 0.630823 
vt 0.211813 0.624287 
vt 0.214217 0.624287 
vt 0.211813 0.615315 
vt 0.214217 0.615315 
vt 0.211813 0.605032 
vt 0.214217 0.605032 
vt 0.168918 0.581704 
vt 0.181249 0.581704 
vt 0.181249 0.586102 
vt 0.19358 0.586102 
vt 0.168918 0.586102 
vt 0.19358 0.581704 
vt 0.158769 0.581704 
vt 0.203729 0.586102 
vt 0.158769 0.586102 
vt 0.203729 0.581704 
vt 0.150697 0.581704 
vt 0.211801 0.586102 
vt 0.150697 0.586102 
vt 0.211801 0.581704 
vt 0.148294 0.581704 
vt 0.214204 0.586102 
vt 0.148294 0.586102 
vt 0.146669 0.581663 
vt 0.146669 0.58607 
vt 0.214204 0.581704 
vt 0.215829 0.586057 
vt 0.215829 0.581647 
vt 0.15071 0.636605 
vt 0.148306 0.636605 
vt 0.148306 0.630823 
vt 0.146681 0.630733 
vt 0.146681 0.636493 
vt 0.15071 0.630823 
vt 0.158782 0.636605 
vt 0.158782 0.630823 
vt 0.168931 0.636605 
vt 0.168931 0.630823 
vt 0.181261 0.636604 
vt 0.181261 0.630823 
vt 0.193592 0.636604 
vt 0.193592 0.630823 
vt 0.203741 0.636604 
vt 0.203741 0.630823 
vt 0.211813 0.636604 
vt 0.211813 0.630823 
vt 0.214217 0.636604 
vt 0.214217 0.630823 
vt 0.215842 0.636515 
vt 0.215842 0.630751 

usemtl Rig14Mtl

f 5243/5243/5243 5244/5244/5244 5245/5245/5245 
f 5245/5245/5245 5246/5246/5246 5243/5243/5243 
f 5247/5247/5247 5248/5248/5248 5249/5249/5249 
f 5249/5249/5249 5250/5250/5250 5247/5247/5247 
f 5251/5251/5251 5252/5252/5252 5253/5253/5253 
f 5253/5253/5253 5254/5254/5254 5251/5251/5251 
f 5255/5255/5255 5256/5256/5256 5257/5257/5257 
f 5257/5257/5257 5258/5258/5258 5255/5255/5255 
f 5259/5259/5259 5260/5260/5260 5261/5261/5261 
f 5261/5261/5261 5262/5262/5262 5259/5259/5259 
f 5263/5263/5263 5264/5264/5264 5265/5265/5265 
f 5265/5265/5265 5266/5266/5266 5263/5263/5263 
f 5267/5267/5267 5268/5268/5268 5269/5269/5269 
f 5269/5269/5269 5270/5270/5270 5267/5267/5267 
f 5271/5271/5271 5272/5272/5272 5273/5273/5273 
f 5273/5273/5273 5274/5274/5274 5271/5271/5271 
f 5275/5275/5275 5276/5276/5276 5277/5277/5277 
f 5277/5277/5277 5278/5278/5278 5275/5275/5275 
f 5279/5279/5279 5280/5280/5280 5281/5281/5281 
f 5281/5281/5281 5282/5282/5282 5279/5279/5279 
f 5283/5283/5283 5284/5284/5284 5285/5285/5285 
f 5285/5285/5285 5286/5286/5286 5283/5283/5283 
f 5287/5287/5287 5288/5288/5288 5289/5289/5289 
f 5289/5289/5289 5290/5290/5290 5287/5287/5287 
f 5291/5291/5291 5292/5292/5292 5293/5293/5293 
f 5293/5293/5293 5294/5294/5294 5291/5291/5291 
f 5295/5295/5295 5296/5296/5296 5297/5297/5297 
f 5297/5297/5297 5298/5298/5298 5295/5295/5295 
f 5299/5299/5299 5300/5300/5300 5301/5301/5301 
f 5299/5299/5299 5301/5301/5301 5302/5302/5302 
f 5303/5303/5303 5299/5299/5299 5302/5302/5302 
f 5304/5304/5304 5303/5303/5303 5302/5302/5302 
f 5304/5304/5304 5302/5302/5302 5305/5305/5305 
f 5306/5306/5306 5304/5304/5304 5305/5305/5305 
f 5305/5305/5305 5307/5307/5307 5306/5306/5306 
f 5308/5308/5308 5309/5309/5309 5310/5310/5310 
f 5311/5311/5311 5308/5308/5308 5310/5310/5310 
f 5311/5311/5311 5310/5310/5310 5312/5312/5312 
f 5311/5311/5311 5312/5312/5312 5313/5313/5313 
f 5314/5314/5314 5311/5311/5311 5313/5313/5313 
f 5314/5314/5314 5313/5313/5313 5315/5315/5315 
f 5315/5315/5315 5316/5316/5316 5314/5314/5314 
f 5317/5317/5317 5318/5318/5318 5319/5319/5319 
f 5319/5319/5319 5320/5320/5320 5317/5317/5317 
f 5321/5321/5321 5320/5320/5320 5319/5319/5319 
f 5319/5319/5319 5322/5322/5322 5321/5321/5321 
f 5321/5321/5321 5322/5322/5322 5323/5323/5323 
f 5323/5323/5323 5324/5324/5324 5321/5321/5321 
f 5325/5325/5325 5324/5324/5324 5323/5323/5323 
f 5323/5323/5323 5326/5326/5326 5325/5325/5325 
f 5327/5327/5327 5328/5328/5328 5329/5329/5329 
f 5329/5329/5329 5330/5330/5330 5327/5327/5327 
f 5329/5329/5329 5328/5328/5328 5331/5331/5331 
f 5331/5331/5331 5332/5332/5332 5329/5329/5329 
f 5333/5333/5333 5332/5332/5332 5331/5331/5331 
f 5331/5331/5331 5334/5334/5334 5333/5333/5333 
f 5333/5333/5333 5334/5334/5334 5335/5335/5335 
f 5335/5335/5335 5336/5336/5336 5333/5333/5333 
f 5337/5337/5337 5338/5338/5338 5339/5339/5339 
f 5339/5339/5339 5340/5340/5340 5337/5337/5337 
f 5341/5341/5341 5339/5339/5339 5338/5338/5338 
f 5338/5338/5338 5342/5342/5342 5341/5341/5341 
f 5343/5343/5343 5341/5341/5341 5342/5342/5342 
f 5342/5342/5342 5344/5344/5344 5343/5343/5343 
f 5343/5343/5343 5344/5344/5344 5345/5345/5345 
f 5345/5345/5345 5346/5346/5346 5343/5343/5343 
f 5347/5347/5347 5348/5348/5348 5349/5349/5349 
f 5349/5349/5349 5350/5350/5350 5347/5347/5347 
f 5350/5350/5350 5349/5349/5349 5351/5351/5351 
f 5351/5351/5351 5352/5352/5352 5350/5350/5350 
f 5352/5352/5352 5351/5351/5351 5353/5353/5353 
f 5353/5353/5353 5354/5354/5354 5352/5352/5352 
f 5355/5355/5355 5354/5354/5354 5353/5353/5353 
f 5353/5353/5353 5356/5356/5356 5355/5355/5355 
f 5357/5357/5357 5358/5358/5358 5359/5359/5359 
f 5360/5360/5360 5359/5359/5359 5358/5358/5358 
f 5359/5359/5359 5361/5361/5361 5357/5357/5357 
f 5358/5358/5358 5362/5362/5362 5360/5360/5360 
f 5357/5357/5357 5361/5361/5361 5363/5363/5363 
f 5364/5364/5364 5360/5360/5360 5362/5362/5362 
f 5363/5363/5363 5365/5365/5365 5357/5357/5357 
f 5362/5362/5362 5366/5366/5366 5364/5364/5364 
f 5367/5367/5367 5364/5364/5364 5366/5366/5366 
f 5366/5366/5366 5368/5368/5368 5367/5367/5367 
f 5365/5365/5365 5363/5363/5363 5369/5369/5369 
f 5369/5369/5369 5370/5370/5370 5365/5365/5365 
f 5370/5370/5370 5369/5369/5369 5371/5371/5371 
f 5371/5371/5371 5372/5372/5372 5370/5370/5370 
f 5372/5372/5372 5371/5371/5371 5373/5373/5373 
f 5373/5373/5373 5374/5374/5374 5372/5372/5372 
f 5375/5375/5375 5376/5376/5376 5377/5377/5377 
f 5377/5377/5377 5378/5378/5378 5375/5375/5375 
f 5379/5379/5379 5377/5377/5377 5376/5376/5376 
f 5376/5376/5376 5380/5380/5380 5379/5379/5379 
f 5381/5381/5381 5379/5379/5379 5380/5380/5380 
f 5380/5380/5380 5382/5382/5382 5381/5381/5381 
f 5383/5383/5383 5381/5381/5381 5382/5382/5382 
f 5382/5382/5382 5384/5384/5384 5383/5383/5383 
f 5383/5383/5383 5384/5384/5384 5385/5385/5385 
f 5385/5385/5385 5386/5386/5386 5383/5383/5383 
f 5386/5386/5386 5385/5385/5385 5387/5387/5387 
f 5387/5387/5387 5388/5388/5388 5386/5386/5386 
f 5388/5388/5388 5387/5387/5387 5389/5389/5389 
f 5389/5389/5389 5390/5390/5390 5388/5388/5388 
f 5390/5390/5390 5389/5389/5389 5391/5391/5391 
f 5391/5391/5391 5392/5392/5392 5390/5390/5390 
f 5393/5393/5393 5394/5394/5394 5395/5395/5395 
f 5396/5396/5396 5395/5395/5395 5394/5394/5394 
f 5395/5395/5395 5397/5397/5397 5393/5393/5393 
f 5394/5394/5394 5398/5398/5398 5396/5396/5396 
f 5399/5399/5399 5393/5393/5393 5397/5397/5397 
f 5400/5400/5400 5396/5396/5396 5398/5398/5398 
f 5397/5397/5397 5401/5401/5401 5399/5399/5399 
f 5398/5398/5398 5402/5402/5402 5400/5400/5400 
f 5403/5403/5403 5400/5400/5400 5402/5402/5402 
f 5402/5402/5402 5404/5404/5404 5403/5403/5403 
f 5405/5405/5405 5399/5399/5399 5401/5401/5401 
f 5401/5401/5401 5406/5406/5406 5405/5405/5405 
f 5405/5405/5405 5406/5406/5406 5407/5407/5407 
f 5407/5407/5407 5408/5408/5408 5405/5405/5405 
f 5408/5408/5408 5407/5407/5407 5409/5409/5409 
f 5409/5409/5409 5410/5410/5410 5408/5408/5408 
f 5411/5411/5411 5412/5412/5412 5413/5413/5413 
f 5413/5413/5413 5414/5414/5414 5411/5411/5411 
f 5415/5415/5415 5413/5413/5413 5412/5412/5412 
f 5412/5412/5412 5416/5416/5416 5415/5415/5415 
f 5417/5417/5417 5415/5415/5415 5416/5416/5416 
f 5416/5416/5416 5418/5418/5418 5417/5417/5417 
f 5419/5419/5419 5417/5417/5417 5418/5418/5418 
f 5418/5418/5418 5420/5420/5420 5419/5419/5419 
f 5421/5421/5421 5419/5419/5419 5420/5420/5420 
f 5420/5420/5420 5422/5422/5422 5421/5421/5421 
f 5423/5423/5423 5421/5421/5421 5422/5422/5422 
f 5422/5422/5422 5424/5424/5424 5423/5423/5423 
f 5425/5425/5425 5423/5423/5423 5424/5424/5424 
f 5424/5424/5424 5426/5426/5426 5425/5425/5425 
f 5427/5427/5427 5425/5425/5425 5426/5426/5426 
f 5426/5426/5426 5428/5428/5428 5427/5427/5427 
f 5429/5429/5429 5430/5430/5430 5431/5431/5431 
f 5430/5430/5430 5429/5429/5429 5432/5432/5432 
f 5431/5431/5431 5433/5433/5433 5429/5429/5429 
f 5433/5433/5433 5431/5431/5431 5434/5434/5434 
f 5434/5434/5434 5435/5435/5435 5433/5433/5433 
f 5432/5432/5432 5436/5436/5436 5430/5430/5430 
f 5436/5436/5436 5432/5432/5432 5437/5437/5437 
f 5437/5437/5437 5438/5438/5438 5436/5436/5436 
f 5438/5438/5438 5437/5437/5437 5439/5439/5439 
f 5439/5439/5439 5440/5440/5440 5438/5438/5438 
f 5441/5441/5441 5440/5440/5440 5439/5439/5439 
f 5439/5439/5439 5442/5442/5442 5441/5441/5441 
f 5443/5443/5443 5441/5441/5441 5442/5442/5442 
f 5442/5442/5442 5444/5444/5444 5443/5443/5443 
f 5445/5445/5445 5443/5443/5443 5444/5444/5444 
f 5444/5444/5444 5446/5446/5446 5445/5445/5445 
f 5447/5447/5447 5445/5445/5445 5446/5446/5446 
f 5446/5446/5446 5448/5448/5448 5447/5447/5447 
f 5449/5449/5449 5447/5447/5447 5448/5448/5448 
f 5448/5448/5448 5450/5450/5450 5449/5449/5449 
f 5451/5451/5451 5452/5452/5452 5453/5453/5453 
f 5452/5452/5452 5454/5454/5454 5453/5453/5453 
f 5455/5455/5455 5451/5451/5451 5453/5453/5453 
f 5454/5454/5454 5456/5456/5456 5453/5453/5453 
f 5457/5457/5457 5455/5455/5455 5453/5453/5453 
f 5456/5456/5456 5458/5458/5458 5453/5453/5453 
f 5459/5459/5459 5457/5457/5457 5453/5453/5453 
f 5458/5458/5458 5460/5460/5460 5453/5453/5453 
f 5461/5461/5461 5459/5459/5459 5453/5453/5453 
f 5460/5460/5460 5462/5462/5462 5453/5453/5453 
f 5463/5463/5463 5461/5461/5461 5453/5453/5453 
f 5464/5464/5464 5463/5463/5463 5453/5453/5453 
f 5462/5462/5462 5465/5465/5465 5453/5453/5453 
f 5465/5465/5465 5466/5466/5466 5453/5453/5453 
f 5466/5466/5466 5467/5467/5467 5453/5453/5453 
f 5467/5467/5467 5468/5468/5468 5453/5453/5453 
f 5468/5468/5468 5469/5469/5469 5453/5453/5453 
f 5469/5469/5469 5470/5470/5470 5453/5453/5453 
f 5470/5470/5470 5471/5471/5471 5453/5453/5453 
f 5471/5471/5471 5472/5472/5472 5453/5453/5453 
f 5472/5472/5472 5473/5473/5473 5453/5453/5453 
f 5474/5474/5474 5475/5475/5475 5476/5476/5476 
f 5477/5477/5477 5478/5478/5478 5479/5479/5479 
f 5479/5479/5479 5480/5480/5480 5477/5477/5477 
f 5481/5481/5481 5482/5482/5482 5483/5483/5483 
f 5482/5482/5482 5481/5481/5481 5484/5484/5484 
f 5483/5483/5483 5485/5485/5485 5481/5481/5481 
f 5484/5484/5484 5486/5486/5486 5482/5482/5482 
f 5487/5487/5487 5485/5485/5485 5483/5483/5483 
f 5486/5486/5486 5484/5484/5484 5488/5488/5488 
f 5483/5483/5483 5489/5489/5489 5487/5487/5487 
f 5488/5488/5488 5490/5490/5490 5486/5486/5486 
f 5491/5491/5491 5487/5487/5487 5489/5489/5489 
f 5492/5492/5492 5490/5490/5490 5488/5488/5488 
f 5489/5489/5489 5493/5493/5493 5491/5491/5491 
f 5488/5488/5488 5494/5494/5494 5492/5492/5492 
f 5492/5492/5492 5494/5494/5494 5495/5495/5495 
f 5495/5495/5495 5496/5496/5496 5492/5492/5492 
f 5497/5497/5497 5491/5491/5491 5493/5493/5493 
f 5493/5493/5493 5498/5498/5498 5497/5497/5497 
f 5497/5497/5497 5498/5498/5498 5499/5499/5499 
f 5499/5499/5499 5500/5500/5500 5497/5497/5497 
f 5501/5501/5501 5500/5500/5500 5499/5499/5499 
f 5499/5499/5499 5502/5502/5502 5501/5501/5501 
f 5503/5503/5503 5504/5504/5504 5505/5505/5505 
f 5505/5505/5505 5506/5506/5506 5503/5503/5503 
f 5507/5507/5507 5508/5508/5508 5509/5509/5509 
f 5510/5510/5510 5509/5509/5509 5508/5508/5508 
f 5508/5508/5508 5511/5511/5511 5510/5510/5510 
f 5509/5509/5509 5512/5512/5512 5507/5507/5507 
f 5513/5513/5513 5507/5507/5507 5512/5512/5512 
f 5514/5514/5514 5510/5510/5510 5511/5511/5511 
f 5511/5511/5511 5515/5515/5515 5514/5514/5514 
f 5512/5512/5512 5516/5516/5516 5513/5513/5513 
f 5517/5517/5517 5513/5513/5513 5516/5516/5516 
f 5512/5512/5512 5509/5509/5509 5518/5518/5518 
f 5516/5516/5516 5519/5519/5519 5517/5517/5517 
f 5520/5520/5520 5517/5517/5517 5519/5519/5519 
f 5519/5519/5519 5521/5521/5521 5520/5520/5520 
f 5516/5516/5516 5512/5512/5512 5522/5522/5522 
f 5518/5518/5518 5522/5522/5522 5512/5512/5512 
f 5519/5519/5519 5516/5516/5516 5523/5523/5523 
f 5522/5522/5522 5523/5523/5523 5516/5516/5516 
f 5521/5521/5521 5519/5519/5519 5524/5524/5524 
f 5523/5523/5523 5524/5524/5524 5519/5519/5519 
f 5524/5524/5524 5525/5525/5525 5521/5521/5521 
f 5525/5525/5525 5524/5524/5524 5526/5526/5526 
f 5526/5526/5526 5527/5527/5527 5525/5525/5525 
f 5527/5527/5527 5526/5526/5526 5528/5528/5528 
f 5528/5528/5528 5529/5529/5529 5527/5527/5527 
f 5530/5530/5530 5528/5528/5528 5526/5526/5526 
f 5531/5531/5531 5526/5526/5526 5524/5524/5524 
f 5526/5526/5526 5531/5531/5531 5530/5530/5530 
f 5524/5524/5524 5523/5523/5523 5531/5531/5531 
f 5532/5532/5532 5530/5530/5530 5531/5531/5531 
f 5533/5533/5533 5531/5531/5531 5523/5523/5523 
f 5531/5531/5531 5533/5533/5533 5532/5532/5532 
f 5523/5523/5523 5522/5522/5522 5533/5533/5533 
f 5534/5534/5534 5532/5532/5532 5533/5533/5533 
f 5535/5535/5535 5533/5533/5533 5522/5522/5522 
f 5533/5533/5533 5535/5535/5535 5534/5534/5534 
f 5522/5522/5522 5518/5518/5518 5535/5535/5535 
f 5536/5536/5536 5534/5534/5534 5535/5535/5535 
f 5535/5535/5535 5537/5537/5537 5536/5536/5536 
f 5537/5537/5537 5535/5535/5535 5518/5518/5518 
f 5538/5538/5538 5536/5536/5536 5537/5537/5537 
f 5518/5518/5518 5539/5539/5539 5537/5537/5537 
f 5539/5539/5539 5518/5518/5518 5509/5509/5509 
f 5509/5509/5509 5510/5510/5510 5539/5539/5539 
f 5537/5537/5537 5540/5540/5540 5538/5538/5538 
f 5540/5540/5540 5537/5537/5537 5539/5539/5539 
f 5541/5541/5541 5538/5538/5538 5540/5540/5540 
f 5542/5542/5542 5539/5539/5539 5510/5510/5510 
f 5539/5539/5539 5542/5542/5542 5540/5540/5540 
f 5510/5510/5510 5514/5514/5514 5542/5542/5542 
f 5540/5540/5540 5543/5543/5543 5541/5541/5541 
f 5543/5543/5543 5540/5540/5540 5542/5542/5542 
f 5544/5544/5544 5541/5541/5541 5543/5543/5543 
f 5543/5543/5543 5545/5545/5545 5544/5544/5544 
f 5542/5542/5542 5546/5546/5546 5543/5543/5543 
f 5545/5545/5545 5543/5543/5543 5546/5546/5546 
f 5546/5546/5546 5542/5542/5542 5514/5514/5514 
f 5546/5546/5546 5547/5547/5547 5545/5545/5545 
f 5514/5514/5514 5548/5548/5548 5546/5546/5546 
f 5547/5547/5547 5546/5546/5546 5548/5548/5548 
f 5548/5548/5548 5514/5514/5514 5515/5515/5515 
f 5548/5548/5548 5549/5549/5549 5547/5547/5547 
f 5515/5515/5515 5550/5550/5550 5548/5548/5548 
f 5549/5549/5549 5548/5548/5548 5550/5550/5550 
f 5550/5550/5550 5551/5551/5551 5549/5549/5549 
f 5552/5552/5552 5553/5553/5553 5554/5554/5554 
f 5554/5554/5554 5553/5553/5553 5555/5555/5555 
f 5554/5554/5554 5556/5556/5556 5552/5552/5552 
f 5555/5555/5555 5557/5557/5557 5554/5554/5554 
f 5556/5556/5556 5554/5554/5554 5558/5558/5558 
f 5558/5558/5558 5554/5554/5554 5557/5557/5557 
f 5557/5557/5557 5555/5555/5555 5559/5559/5559 
f 5558/5558/5558 5560/5560/5560 5556/5556/5556 
f 5559/5559/5559 5561/5561/5561 5557/5557/5557 
f 5561/5561/5561 5559/5559/5559 5562/5562/5562 
f 5562/5562/5562 5563/5563/5563 5561/5561/5561 
f 5564/5564/5564 5557/5557/5557 5561/5561/5561 
f 5557/5557/5557 5564/5564/5564 5558/5558/5558 
f 5565/5565/5565 5561/5561/5561 5563/5563/5563 
f 5561/5561/5561 5565/5565/5565 5564/5564/5564 
f 5563/5563/5563 5566/5566/5566 5565/5565/5565 
f 5560/5560/5560 5558/5558/5558 5567/5567/5567 
f 5567/5567/5567 5558/5558/5558 5564/5564/5564 
f 5567/5567/5567 5568/5568/5568 5560/5560/5560 
f 5569/5569/5569 5565/5565/5565 5566/5566/5566 
f 5570/5570/5570 5564/5564/5564 5565/5565/5565 
f 5564/5564/5564 5570/5570/5570 5567/5567/5567 
f 5565/5565/5565 5569/5569/5569 5570/5570/5570 
f 5566/5566/5566 5571/5571/5571 5569/5569/5569 
f 5568/5568/5568 5567/5567/5567 5572/5572/5572 
f 5572/5572/5572 5567/5567/5567 5570/5570/5570 
f 5572/5572/5572 5573/5573/5573 5568/5568/5568 
f 5574/5574/5574 5569/5569/5569 5571/5571/5571 
f 5575/5575/5575 5570/5570/5570 5569/5569/5569 
f 5570/5570/5570 5575/5575/5575 5572/5572/5572 
f 5569/5569/5569 5574/5574/5574 5575/5575/5575 
f 5571/5571/5571 5576/5576/5576 5574/5574/5574 
f 5573/5573/5573 5572/5572/5572 5577/5577/5577 
f 5577/5577/5577 5572/5572/5572 5575/5575/5575 
f 5577/5577/5577 5578/5578/5578 5573/5573/5573 
f 5579/5579/5579 5574/5574/5574 5576/5576/5576 
f 5580/5580/5580 5575/5575/5575 5574/5574/5574 
f 5575/5575/5575 5580/5580/5580 5577/5577/5577 
f 5574/5574/5574 5579/5579/5579 5580/5580/5580 
f 5576/5576/5576 5581/5581/5581 5579/5579/5579 
f 5578/5578/5578 5577/5577/5577 5582/5582/5582 
f 5582/5582/5582 5577/5577/5577 5580/5580/5580 
f 5582/5582/5582 5583/5583/5583 5578/5578/5578 
f 5584/5584/5584 5579/5579/5579 5581/5581/5581 
f 5585/5585/5585 5580/5580/5580 5579/5579/5579 
f 5580/5580/5580 5585/5585/5585 5582/5582/5582 
f 5579/5579/5579 5584/5584/5584 5585/5585/5585 
f 5581/5581/5581 5586/5586/5586 5584/5584/5584 
f 5583/5583/5583 5582/5582/5582 5587/5587/5587 
f 5587/5587/5587 5582/5582/5582 5585/5585/5585 
f 5587/5587/5587 5588/5588/5588 5583/5583/5583 
f 5588/5588/5588 5587/5587/5587 5589/5589/5589 
f 5589/5589/5589 5590/5590/5590 5588/5588/5588 
f 5585/5585/5585 5591/5591/5591 5587/5587/5587 
f 5589/5589/5589 5587/5587/5587 5591/5591/5591 
f 5591/5591/5591 5585/5585/5585 5584/5584/5584 
f 5591/5591/5591 5592/5592/5592 5589/5589/5589 
f 5584/5584/5584 5593/5593/5593 5591/5591/5591 
f 5592/5592/5592 5591/5591/5591 5593/5593/5593 
f 5593/5593/5593 5584/5584/5584 5586/5586/5586 
f 5593/5593/5593 5594/5594/5594 5592/5592/5592 
f 5586/5586/5586 5595/5595/5595 5593/5593/5593 
f 5594/5594/5594 5593/5593/5593 5595/5595/5595 
f 5595/5595/5595 5596/5596/5596 5594/5594/5594 
f 5597/5597/5597 5598/5598/5598 5599/5599/5599 
f 5600/5600/5600 5599/5599/5599 5598/5598/5598 
f 5599/5599/5599 5601/5601/5601 5597/5597/5597 
f 5598/5598/5598 5602/5602/5602 5600/5600/5600 
f 5603/5603/5603 5597/5597/5597 5601/5601/5601 
f 5604/5604/5604 5600/5600/5600 5602/5602/5602 
f 5601/5601/5601 5605/5605/5605 5603/5603/5603 
f 5602/5602/5602 5606/5606/5606 5604/5604/5604 
f 5607/5607/5607 5603/5603/5603 5605/5605/5605 
f 5608/5608/5608 5604/5604/5604 5606/5606/5606 
f 5605/5605/5605 5609/5609/5609 5607/5607/5607 
f 5606/5606/5606 5610/5610/5610 5608/5608/5608 
f 5611/5611/5611 5607/5607/5607 5609/5609/5609 
f 5612/5612/5612 5608/5608/5608 5610/5610/5610 
f 5609/5609/5609 5613/5613/5613 5611/5611/5611 
f 5614/5614/5614 5611/5611/5611 5613/5613/5613 
f 5613/5613/5613 5615/5615/5615 5614/5614/5614 
f 5610/5610/5610 5616/5616/5616 5612/5612/5612 
f 5617/5617/5617 5612/5612/5612 5616/5616/5616 
f 5616/5616/5616 5618/5618/5618 5617/5617/5617 
f 5619/5619/5619 5620/5620/5620 5621/5621/5621 
f 5622/5622/5622 5621/5621/5621 5620/5620/5620 
f 5620/5620/5620 5623/5623/5623 5622/5622/5622 
f 5621/5621/5621 5624/5624/5624 5619/5619/5619 
f 5625/5625/5625 5619/5619/5619 5624/5624/5624 
f 5624/5624/5624 5626/5626/5626 5625/5625/5625 
f 5627/5627/5627 5625/5625/5625 5626/5626/5626 
f 5626/5626/5626 5628/5628/5628 5627/5627/5627 
f 5629/5629/5629 5627/5627/5627 5628/5628/5628 
f 5628/5628/5628 5630/5630/5630 5629/5629/5629 
f 5631/5631/5631 5629/5629/5629 5630/5630/5630 
f 5630/5630/5630 5632/5632/5632 5631/5631/5631 
f 5633/5633/5633 5631/5631/5631 5632/5632/5632 
f 5632/5632/5632 5634/5634/5634 5633/5633/5633 
f 5635/5635/5635 5633/5633/5633 5634/5634/5634 
f 5634/5634/5634 5636/5636/5636 5635/5635/5635 
f 5637/5637/5637 5635/5635/5635 5636/5636/5636 
f 5636/5636/5636 5638/5638/5638 5637/5637/5637 
f 5639/5639/5639 5637/5637/5637 5638/5638/5638 
f 5638/5638/5638 5640/5640/5640 5639/5639/5639 

g Rig15

v 0.702117 6.64637 0.783997 
v 0.669125 6.64631 0.81312 
v 0.669125 6.55457 0.796712 
v 0.702117 6.56715 0.772725 
v 0.669125 6.46757 0.731356 
v 0.702117 6.48827 0.708067 
v 0.669125 6.43741 0.610588 
v 0.702117 6.4622 0.59815 
v 0.669126 6.42022 0.407675 
v 0.702117 6.44928 0.406602 
v 0.669126 6.43408 0.246169 
v 0.702117 6.46001 0.24987 
v 0.702117 6.48728 0.131785 
v 0.669126 6.46532 0.122059 
v 0.702117 6.55549 0.0625055 
v 0.669126 6.54106 0.0419011 
v 0.702117 6.64637 0.0292071 
v 0.669126 6.64631 0.00223035 
v -0.702118 6.644 0.783996 
v -0.702118 6.56555 0.772725 
v -0.669127 6.55231 0.796712 
v -0.669127 6.64406 0.81312 
v -0.669127 6.46531 0.731355 
v -0.702118 6.48717 0.708066 
v -0.669127 6.43516 0.610587 
v -0.702118 6.46135 0.598149 
v -0.669126 6.41796 0.407675 
v -0.702118 6.44869 0.406602 
v -0.669126 6.43183 0.246169 
v -0.702118 6.45922 0.24987 
v -0.702118 6.48625 0.131784 
v -0.669126 6.46307 0.122058 
v -0.702118 6.554 0.0625049 
v -0.669126 6.5388 0.0419004 
v -0.702117 6.644 0.0292064 
v -0.669126 6.64406 0.00222969 
v 0.919537 7.46578 -0.119776 
v 0.919537 7.26003 -0.0931086 
v 0.881072 7.29978 -0.125198 
v 0.881072 7.48557 -0.151865 
v 0.919537 7.6697 -0.123623 
v 0.881072 7.6697 -0.155712 
v 0.881072 7.81082 -0.146765 
v 0.919537 7.81082 -0.114676 
v 0.881072 7.94258 -0.125198 
v 0.919537 7.94258 -0.0931087 
v 0.881072 8.06168 -0.0695038 
v 0.919537 8.04574 -0.0416548 
v 0.919537 8.14891 0.0319374 
v 0.881072 8.17328 0.0110624 
v 0.881072 8.25463 0.123502 
v 0.919538 8.22978 0.143076 
v -0.919537 7.46578 -0.119777 
v -0.881072 7.48557 -0.151866 
v -0.881072 7.29978 -0.125199 
v -0.919537 7.26003 -0.0931094 
v -0.919537 7.6697 -0.123623 
v -0.881072 7.6697 -0.155712 
v -0.881072 7.81082 -0.146766 
v -0.919537 7.81082 -0.114677 
v -0.881072 7.94258 -0.125199 
v -0.919537 7.94258 -0.0931095 
v -0.881072 8.06168 -0.0695046 
v -0.919537 8.04574 -0.0416557 
v -0.919537 8.14891 0.0319365 
v -0.881072 8.17328 0.0110615 
v -0.881072 8.25463 0.123501 
v -0.919538 8.22978 0.143075 
v -0.919539 8.22979 0.798605 
v -0.881072 8.25455 0.822551 
v -0.881072 8.25463 0.123501 
v -0.919538 8.22978 0.143075 
v -0.713278 8.28778 0.822551 
v -0.713338 8.28786 0.123499 
v -0.524991 8.30933 0.822551 
v -0.524982 8.30942 0.123499 
v -0.28795 8.31911 0.822551 
v -0.287944 8.3192 0.123502 
v -4.39474e-07 8.31911 0.822551 
v -1.0613e-07 8.3192 0.123499 
v 0.28795 8.31911 0.822552 
v 0.287944 8.3192 0.123502 
v 0.52499 8.30933 0.822552 
v 0.524982 8.30942 0.123499 
v 0.713277 8.28778 0.822552 
v 0.713338 8.28786 0.123499 
v 0.881071 8.25455 0.822552 
v 0.881072 8.25463 0.123502 
v 0.919538 8.22979 0.798605 
v 0.919538 8.22978 0.143076 
v 0.881071 7.46577 0.9176 
v 0.881071 7.26002 0.9176 
v 0.919537 7.26002 0.882957 
v 0.919537 7.46577 0.882957 
v 0.881071 7.6697 0.9176 
v 0.919537 7.6697 0.882957 
v 0.881071 7.81081 0.9176 
v 0.919537 7.81081 0.882957 
v 0.881071 7.98321 0.9176 
v 0.919537 7.9832 0.882957 
v 0.881071 8.10669 0.90666 
v 0.919537 8.10669 0.872018 
v 0.881071 8.19411 0.876408 
v 0.919537 8.18306 0.841766 
v 0.881071 8.25455 0.822552 
v 0.919538 8.22979 0.798605 
v -0.919539 7.46577 0.882956 
v -0.919539 7.26002 0.882956 
v -0.881073 7.26002 0.917599 
v -0.881073 7.46577 0.917599 
v -0.919538 7.6697 0.882956 
v -0.881072 7.6697 0.917599 
v -0.919538 7.81081 0.882956 
v -0.881072 7.81081 0.917599 
v -0.919538 7.9832 0.882956 
v -0.881072 7.98321 0.917599 
v -0.881072 8.10669 0.906659 
v -0.919538 8.10669 0.872017 
v -0.881072 8.19411 0.876408 
v -0.919538 8.18306 0.841765 
v -0.881072 8.25455 0.822551 
v -0.919539 8.22979 0.798605 
v 0.919537 7.46577 0.882957 
v 0.919537 7.26002 0.882957 
v 0.919537 7.26003 -0.0931086 
v 0.919537 7.46578 -0.119776 
v 0.919537 7.6697 0.882957 
v 0.919537 7.6697 -0.123623 
v 0.919537 7.81082 -0.114676 
v 0.919537 7.81081 0.882957 
v 0.919537 7.94258 -0.0931087 
v 0.919537 7.9832 0.882957 
v 0.919537 8.04574 -0.0416548 
v 0.919537 8.10669 0.872018 
v 0.919537 8.14891 0.0319374 
v 0.919537 8.18306 0.841766 
v 0.919538 8.22978 0.143076 
v 0.919538 8.22979 0.798605 
v -0.919539 7.46577 0.882956 
v -0.919537 7.46578 -0.119777 
v -0.919537 7.26003 -0.0931094 
v -0.919539 7.26002 0.882956 
v -0.919537 7.6697 -0.123623 
v -0.919538 7.6697 0.882956 
v -0.919537 7.81082 -0.114677 
v -0.919538 7.81081 0.882956 
v -0.919537 7.94258 -0.0931095 
v -0.919538 7.9832 0.882956 
v -0.919537 8.04574 -0.0416557 
v -0.919538 8.10669 0.872017 
v -0.919537 8.14891 0.0319365 
v -0.919538 8.18306 0.841765 
v -0.919538 8.22978 0.143075 
v -0.919539 8.22979 0.798605 
v 0.807546 7.11996 0.85535 
v 0.7696 7.13507 0.889992 
v 0.7696 6.99962 0.889992 
v 0.807546 6.99968 0.85535 
v -0.769602 6.99737 0.889992 
v -0.769602 7.13507 0.889992 
v -0.807548 7.11996 0.85535 
v -0.807548 6.99731 0.85535 
v 0.807546 6.99968 0.85535 
v 0.7696 6.99962 0.889992 
v 0.7696 6.70516 0.889992 
v 0.807546 6.70516 0.85535 
v -0.769602 6.99737 0.889992 
v -0.807548 6.99731 0.85535 
v -0.807548 6.70493 0.85535 
v -0.769602 6.70494 0.889992 
v 0.769601 6.99962 -0.0745677 
v 0.769601 7.22186 -0.0745678 
v 0.807546 7.11996 -0.0424787 
v 0.807546 6.99968 -0.0424787 
v -0.807546 7.11996 -0.0424795 
v -0.769601 7.22186 -0.0745685 
v -0.769601 6.99737 -0.0745685 
v -0.807546 6.99731 -0.0424795 
v 0.769601 6.99962 -0.0745677 
v 0.807546 6.99968 -0.0424787 
v 0.807546 6.70516 -0.0424787 
v 0.769601 6.70516 -0.0745677 
v -0.807546 6.99731 -0.0424795 
v -0.769601 6.99737 -0.0745685 
v -0.769601 6.70494 -0.0745685 
v -0.807546 6.70493 -0.0424795 
v -0.62033 6.43191 0.246169 
v -0.669126 6.43183 0.246169 
v -0.669126 6.46307 0.122058 
v -0.250364 6.43253 0.246169 
v -3.93245e-07 6.43296 0.246169 
v -4.67086e-07 6.41909 0.407675 
v 0.250363 6.41951 0.407675 
v -0.456428 6.43219 0.246169 
v -0.250364 6.41867 0.407675 
v -0.456428 6.41832 0.407675 
v -0.620327 6.41804 0.407675 
v -0.669126 6.41796 0.407675 
v 0.250364 6.43671 0.610588 
v 0.456428 6.43705 0.610588 
v -5.55965e-07 6.43629 0.610588 
v -0.250365 6.43586 0.610587 
v -0.456429 6.43552 0.610587 
v -0.620324 6.43524 0.610588 
v -0.669127 6.43516 0.610587 
v -0.620321 6.46539 0.731355 
v -0.669127 6.46531 0.731355 
v -0.45643 6.46567 0.731355 
v -0.250365 6.46602 0.731356 
v -6.07583e-07 6.46644 0.731356 
v -0.620315 6.5524 0.796712 
v -0.669127 6.55231 0.796712 
v -0.669127 6.64406 0.81312 
v -0.620305 6.64414 0.81312 
v -0.456431 6.55267 0.796712 
v -0.456432 6.64442 0.81312 
v -0.250366 6.55302 0.796712 
v -0.250367 6.64476 0.81312 
v -6.31298e-07 6.55344 0.796712 
v -6.36384e-07 6.64518 0.81312 
v 0.250365 6.55386 0.796712 
v 0.250366 6.64561 0.81312 
v 0.250364 6.46686 0.731356 
v 0.45643 6.55421 0.796712 
v 0.456431 6.64595 0.81312 
v 0.456428 6.46721 0.731356 
v 0.62032 6.46748 0.731356 
v 0.620313 6.55449 0.796712 
v 0.669125 6.55457 0.796712 
v 0.620303 6.64623 0.81312 
v 0.669125 6.64631 0.81312 
v -2.43883e-07 6.64518 0.00223002 
v 0.250361 6.64561 0.00223014 
v 0.250362 6.54035 0.0419008 
v 0.456426 6.5407 0.041901 
v 0.456424 6.64595 0.00223023 
v -2.83842e-07 6.53993 0.0419007 
v -0.250361 6.64476 0.0022299 
v 0.620338 6.54097 0.041901 
v 0.62035 6.64623 0.00223032 
v 0.669126 6.54106 0.0419011 
v 0.669126 6.64631 0.00223035 
v 0.669126 6.46532 0.122059 
v 0.620332 6.46524 0.122059 
v 0.669126 6.43408 0.246169 
v 0.456427 6.46497 0.122059 
v 0.620329 6.434 0.246169 
v 0.669126 6.42022 0.407675 
v 0.250363 6.46462 0.122059 
v 0.456427 6.43372 0.246169 
v 0.620327 6.42013 0.407675 
v 0.669125 6.43741 0.610588 
v 0.620323 6.43733 0.610588 
v 0.669125 6.46757 0.731356 
v 0.456427 6.41986 0.407675 
v 0.250363 6.43338 0.246169 
v -3.32942e-07 6.4642 0.122059 
v -0.250363 6.53951 0.0419006 
v -0.456424 6.64442 0.00222981 
v -0.250363 6.46378 0.122059 
v -0.456426 6.53916 0.0419005 
v -0.62035 6.64414 0.00222972 
v -0.620339 6.53888 0.0419004 
v -0.669126 6.64406 0.00222969 
v -0.669126 6.5388 0.0419004 
v -0.456427 6.46343 0.122058 
v -0.620333 6.46315 0.122058 
v 0.807546 7.11996 -0.0424787 
v 0.807546 7.11996 0.85535 
v 0.807546 6.99968 0.85535 
v 0.807546 6.99968 -0.0424787 
v -0.807548 7.11996 0.85535 
v -0.807546 7.11996 -0.0424795 
v -0.807546 6.99731 -0.0424795 
v -0.807548 6.99731 0.85535 
v 0.807546 6.99968 -0.0424787 
v 0.807546 6.99968 0.85535 
v 0.807546 6.70516 0.85535 
v 0.807546 6.70516 -0.0424787 
v -0.807548 6.99731 0.85535 
v -0.807546 6.99731 -0.0424795 
v -0.807546 6.70493 -0.0424795 
v -0.807548 6.70493 0.85535 
v 0.919537 7.26002 0.882957 
v 0.807546 7.11996 0.85535 
v 0.807546 7.11996 -0.0424787 
v 0.919537 7.26003 -0.0931086 
v -0.919539 7.26002 0.882956 
v -0.919537 7.26003 -0.0931094 
v -0.807546 7.11996 -0.0424795 
v -0.807548 7.11996 0.85535 
v 0.702117 6.64637 0.0292071 
v 0.702117 6.64637 0.783997 
v 0.702117 6.56715 0.772725 
v 0.702117 6.55549 0.0625055 
v 0.702117 6.48827 0.708067 
v 0.702117 6.48728 0.131785 
v 0.702117 6.46001 0.24987 
v 0.702117 6.4622 0.59815 
v 0.702117 6.44928 0.406602 
v -0.702117 6.644 0.0292064 
v -0.702118 6.554 0.0625049 
v -0.702118 6.56555 0.772725 
v -0.702118 6.644 0.783996 
v -0.702118 6.48717 0.708066 
v -0.702118 6.48625 0.131784 
v -0.702118 6.45922 0.24987 
v -0.702118 6.46135 0.598149 
v -0.702118 6.44869 0.406602 
v -0.702118 6.48625 0.131784 
v -0.702118 6.45922 0.24987 
v -0.702118 6.48717 0.708066 
v 0.287944 8.3192 0.123502 
v 0.287944 8.23785 0.0110621 
v -6.22127e-08 8.23785 0.0110598 
v -3.71003e-08 8.12625 -0.0695052 
v -1.0613e-07 8.3192 0.123499 
v -3.38818e-08 7.84421 -0.146765 
v -5.04188e-08 7.6697 -0.155712 
v -0.287944 7.6697 -0.155712 
v -0.287944 8.23785 0.0110618 
v -0.287944 8.3192 0.123502 
v -0.524982 8.30942 0.123499 
v -0.287944 8.12625 -0.0695044 
v -0.524982 8.22806 0.0110595 
v -0.713338 8.28786 0.123499 
v -0.287944 8.00715 -0.125198 
v -2.47428e-08 8.00714 -0.125198 
v -0.524982 8.11647 -0.0695054 
v -0.713338 8.20651 0.0110594 
v -0.881072 8.25463 0.123501 
v -0.881072 8.17328 0.0110615 
v -0.713338 8.09491 -0.0695055 
v -0.881072 8.06168 -0.0695046 
v -0.524982 7.99736 -0.125199 
v -0.713338 7.9758 -0.125199 
v -0.881072 7.94258 -0.125199 
v -0.287944 7.84421 -0.146765 
v -0.524982 7.83915 -0.146765 
v -0.713338 7.828 -0.146766 
v -0.881072 7.81082 -0.146766 
v -0.524982 7.6697 -0.155712 
v -0.713338 7.6697 -0.155712 
v -0.881072 7.6697 -0.155712 
v -0.524982 7.49632 -0.151865 
v -0.713338 7.494 -0.151865 
v -0.881072 7.48557 -0.151866 
v -0.713338 7.31673 -0.125199 
v -0.881072 7.29978 -0.125199 
v -0.524982 7.32139 -0.125198 
v -0.287944 7.32449 -0.125198 
v -0.287944 7.49787 -0.151865 
v -7.27369e-08 7.49787 -0.151865 
v 0.287944 7.49787 -0.151865 
v 0.287944 7.32449 -0.125198 
v -1.06121e-07 7.32449 -0.125198 
v 0.524982 7.49632 -0.151865 
v 0.524982 7.32139 -0.125198 
v 0.524982 7.6697 -0.155712 
v 0.287944 7.6697 -0.155712 
v 0.713338 7.494 -0.151865 
v 0.713338 7.31673 -0.125198 
v 0.881072 7.48557 -0.151865 
v 0.881072 7.29978 -0.125198 
v 0.881072 7.6697 -0.155712 
v 0.713338 7.6697 -0.155712 
v 0.881072 7.81082 -0.146765 
v 0.713338 7.828 -0.146765 
v 0.881072 7.94258 -0.125198 
v 0.524982 7.83915 -0.146765 
v 0.713338 7.9758 -0.125198 
v 0.881072 8.06168 -0.0695038 
v 0.713338 8.09491 -0.0695048 
v 0.881072 8.17328 0.0110624 
v 0.524982 7.99736 -0.125198 
v 0.287944 7.84421 -0.146765 
v 0.713338 8.20651 0.0110601 
v 0.881072 8.25463 0.123502 
v 0.713338 8.28786 0.123499 
v 0.524982 8.11647 -0.0695049 
v 0.524982 8.22806 0.01106 
v 0.524982 8.30942 0.123499 
v 0.287944 8.00715 -0.125198 
v 0.287944 8.12625 -0.0695041 
v -2.04107e-07 6.70505 -0.0745681 
v 0.287955 6.70509 -0.0745679 
v 0.250361 6.64561 0.00223014 
v 0.456424 6.64595 0.00223023 
v -2.43883e-07 6.64518 0.00223002 
v 0.52496 6.70512 -0.0745678 
v -0.287955 6.70501 -0.0745682 
v 0.62035 6.64623 0.00223032 
v -0.250361 6.64476 0.0022299 
v 0.713501 6.70515 -0.0745677 
v -0.52496 6.70497 -0.0745683 
v 0.669126 6.64631 0.00223035 
v -0.456424 6.64442 0.00222981 
v 0.769601 6.70516 -0.0745677 
v -0.713501 6.70494 -0.0745684 
v 0.702117 6.64637 0.0292071 
v -0.62035 6.64414 0.00222972 
v 0.807546 6.70516 -0.0424787 
v -0.769601 6.70494 -0.0745685 
v 0.702117 6.64637 0.783997 
v -0.669126 6.64406 0.00222969 
v 0.807546 6.70516 0.85535 
v -0.807546 6.70493 -0.0424795 
v 0.669125 6.64631 0.81312 
v -0.702117 6.644 0.0292064 
v 0.7696 6.70516 0.889992 
v -0.807548 6.70493 0.85535 
v 0.620303 6.64623 0.81312 
v -0.702118 6.644 0.783996 
v 0.713447 6.70515 0.889992 
v -0.769602 6.70494 0.889992 
v 0.456431 6.64595 0.81312 
v -0.669127 6.64406 0.81312 
v 0.524968 6.70512 0.889992 
v -0.713449 6.70494 0.889992 
v 0.250366 6.64561 0.81312 
v -0.620305 6.64414 0.81312 
v 0.28796 6.70509 0.889992 
v -0.52497 6.70497 0.889992 
v -6.36384e-07 6.64518 0.81312 
v -0.456432 6.64442 0.81312 
v -6.64043e-07 6.70505 0.889992 
v -0.287962 6.705 0.889992 
v -0.250367 6.64476 0.81312 
v 0.52499 8.30933 0.822552 
v 0.28795 8.31911 0.822552 
v 0.28795 8.25868 0.876408 
v -4.39474e-07 8.31911 0.822551 
v -4.72358e-07 8.25868 0.876408 
v 0.28795 8.17126 0.90666 
v -0.28795 8.31911 0.822551 
v 0.28795 8.04778 0.9176 
v -4.97205e-07 8.17126 0.90666 
v -0.28795 8.25868 0.876408 
v -0.524991 8.30933 0.822551 
v -5.17141e-07 8.04778 0.9176 
v 0.287949 7.84421 0.9176 
v -0.28795 8.17126 0.90666 
v -0.524991 8.2489 0.876407 
v -0.713278 8.28778 0.822551 
v -5.41409e-07 7.84421 0.9176 
v 0.287949 7.6697 0.9176 
v -5.62212e-07 7.6697 0.9176 
v -0.287951 8.04778 0.9176 
v -0.287951 7.84421 0.9176 
v -0.524991 8.16148 0.906659 
v -0.524992 8.03799 0.9176 
v -0.287951 7.6697 0.9176 
v -5.86522e-07 7.46577 0.9176 
v -0.524992 7.83915 0.917599 
v -0.287951 7.46577 0.9176 
v -6.11049e-07 7.26002 0.9176 
v -0.287951 7.26002 0.9176 
v -0.524992 7.6697 0.917599 
v -0.524992 7.46577 0.9176 
v -0.524992 7.26002 0.9176 
v -0.713279 7.46577 0.917599 
v -0.713279 7.26002 0.917599 
v -0.881073 7.46577 0.917599 
v -0.881073 7.26002 0.917599 
v -0.881072 7.6697 0.917599 
v -0.713278 7.6697 0.917599 
v -0.881072 7.81081 0.917599 
v -0.713278 7.828 0.917599 
v -0.881072 7.98321 0.917599 
v -0.713278 8.01644 0.917599 
v -0.881072 8.10669 0.906659 
v -0.713278 8.13992 0.906659 
v -0.881072 8.19411 0.876408 
v -0.713278 8.22734 0.876408 
v -0.881072 8.25455 0.822551 
v 0.713277 7.46577 0.9176 
v 0.713277 7.26002 0.9176 
v 0.881071 7.26002 0.9176 
v 0.881071 7.46577 0.9176 
v 0.52499 7.46577 0.9176 
v 0.52499 7.26002 0.9176 
v 0.713277 7.6697 0.9176 
v 0.881071 7.6697 0.9176 
v 0.881071 7.81081 0.9176 
v 0.52499 7.6697 0.9176 
v 0.713277 7.828 0.9176 
v 0.881071 7.98321 0.9176 
v 0.287949 7.46577 0.9176 
v 0.287949 7.26002 0.9176 
v 0.713277 8.01644 0.9176 
v 0.52499 7.83915 0.9176 
v 0.881071 8.10669 0.90666 
v 0.713277 8.13992 0.90666 
v 0.881071 8.19411 0.876408 
v 0.52499 8.03799 0.9176 
v 0.713277 8.22734 0.876408 
v 0.881071 8.25455 0.822552 
v 0.713277 8.28778 0.822552 
v 0.52499 8.16148 0.90666 
v 0.52499 8.2489 0.876408 
v 0.713277 7.26002 0.9176 
v 0.713447 7.13507 0.889992 
v 0.7696 7.13507 0.889992 
v 0.52499 7.26002 0.9176 
v 0.881071 7.26002 0.9176 
v 0.807546 7.11996 0.85535 
v 0.919537 7.26002 0.882957 
v 0.524968 7.13507 0.889992 
v 0.287949 7.26002 0.9176 
v 0.28796 7.13507 0.889992 
v -6.11049e-07 7.26002 0.9176 
v -6.1278e-07 7.13507 0.889992 
v -0.287951 7.26002 0.9176 
v -0.287962 7.13507 0.889992 
v -0.524992 7.26002 0.9176 
v -0.52497 7.13507 0.889992 
v -0.713279 7.26002 0.917599 
v -0.713449 7.13507 0.889992 
v -0.769602 7.13507 0.889992 
v -0.881073 7.26002 0.917599 
v -0.807548 7.11996 0.85535 
v -0.919539 7.26002 0.882956 
v -1.39026e-07 7.25098 -0.0745682 
v 0.287955 7.25098 -0.074568 
v 0.287955 6.99891 -0.074568 
v -1.69125e-07 6.99849 -0.0745681 
v 0.52496 6.99926 -0.0745679 
v -0.287955 7.25098 -0.0745683 
v 0.52496 7.25098 -0.0745679 
v -0.287955 6.99807 -0.0745682 
v 0.713501 7.2379 -0.0745678 
v -0.52496 7.25098 -0.0745684 
v 0.713501 6.99954 -0.0745678 
v 0.769601 7.22186 -0.0745678 
v 0.769601 6.99962 -0.0745677 
v -0.52496 6.99772 -0.0745684 
v -0.713501 7.2379 -0.0745685 
v -0.713501 6.99745 -0.0745685 
v -0.769601 7.22186 -0.0745685 
v -0.769601 6.99737 -0.0745685 
v -1.69125e-07 6.99849 -0.0745681 
v 0.287955 6.99891 -0.074568 
v 0.287955 6.70509 -0.0745679 
v 0.52496 6.70512 -0.0745678 
v -2.04107e-07 6.70505 -0.0745681 
v 0.52496 6.99926 -0.0745679 
v -0.287955 6.99807 -0.0745682 
v 0.713501 6.70515 -0.0745677 
v -0.287955 6.70501 -0.0745682 
v 0.713501 6.99954 -0.0745678 
v 0.769601 6.70516 -0.0745677 
v 0.769601 6.99962 -0.0745677 
v -0.52496 6.99772 -0.0745684 
v -0.52496 6.70497 -0.0745683 
v -0.713501 6.99745 -0.0745685 
v -0.713501 6.70494 -0.0745684 
v -0.769601 6.99737 -0.0745685 
v -0.769601 6.70494 -0.0745685 
v 0.7696 7.13507 0.889992 
v 0.713447 7.13507 0.889992 
v 0.713447 6.99954 0.889992 
v 0.7696 6.99962 0.889992 
v 0.713447 6.70515 0.889992 
v 0.7696 6.70516 0.889992 
v 0.524968 6.70512 0.889992 
v 0.524968 6.99926 0.889992 
v 0.524968 7.13507 0.889992 
v 0.28796 6.70509 0.889992 
v 0.28796 6.99891 0.889992 
v 0.28796 7.13507 0.889992 
v -6.64043e-07 6.70505 0.889992 
v -6.29062e-07 6.99849 0.889992 
v -6.1278e-07 7.13507 0.889992 
v -0.287962 6.705 0.889992 
v -0.287962 6.99807 0.889992 
v -0.287962 7.13507 0.889992 
v -0.52497 6.70497 0.889992 
v -0.52497 6.99772 0.889992 
v -0.52497 7.13507 0.889992 
v -0.713449 6.70494 0.889992 
v -0.713449 6.99745 0.889992 
v -0.769602 6.70494 0.889992 
v -0.713449 7.13507 0.889992 
v -0.769602 6.99737 0.889992 
v -0.769602 7.13507 0.889992 
v 0.287944 7.32449 -0.125198 
v 0.287955 7.25098 -0.074568 
v -1.39026e-07 7.25098 -0.0745682 
v 0.524982 7.32139 -0.125198 
v -1.06121e-07 7.32449 -0.125198 
v 0.52496 7.25098 -0.0745679 
v -0.287955 7.25098 -0.0745683 
v 0.713338 7.31673 -0.125198 
v -0.287944 7.32449 -0.125198 
v 0.713501 7.2379 -0.0745678 
v -0.52496 7.25098 -0.0745684 
v 0.769601 7.22186 -0.0745678 
v -0.524982 7.32139 -0.125198 
v 0.881072 7.29978 -0.125198 
v 0.919537 7.26003 -0.0931086 
v 0.807546 7.11996 -0.0424787 
v -0.713338 7.31673 -0.125199 
v -0.713501 7.2379 -0.0745685 
v -0.769601 7.22186 -0.0745685 
v -0.881072 7.29978 -0.125199 
v -0.919537 7.26003 -0.0931094 
v -0.807546 7.11996 -0.0424795 

vn 0.645669 -0.125984 0.755906 
vn 0.653543 -0.133858 0.740157 
vn 0.637795 -0.307087 0.708661 
vn 0.637795 -0.291339 0.708661 
vn 0.669291 -0.614173 0.425197 
vn 0.669291 -0.645669 0.370079 
vn 0.622047 -0.771654 0.133858 
vn 0.629921 -0.771654 0.11811 
vn 0.661417 -0.755906 -0.00787402 
vn 0.661417 -0.755906 -0.00787402 
vn 0.622047 -0.771654 -0.11811 
vn 0.622047 -0.771654 -0.11811 
vn 0.590551 -0.700787 -0.401575 
vn 0.590551 -0.708661 -0.385827 
vn 0.606299 -0.433071 -0.669291 
vn 0.606299 -0.440945 -0.661417 
vn 0.606299 -0.275591 -0.748031 
vn 0.606299 -0.283465 -0.740157 
vn -0.645669 -0.125984 0.755906 
vn -0.645669 -0.291339 0.708661 
vn -0.645669 -0.307087 0.700787 
vn -0.653543 -0.133858 0.740157 
vn -0.677165 -0.606299 0.417323 
vn -0.685039 -0.637795 0.362205 
vn -0.645669 -0.755906 0.125984 
vn -0.645669 -0.755906 0.110236 
vn -0.677165 -0.732283 -0.00787402 
vn -0.677165 -0.732283 -0.00787402 
vn -0.637795 -0.755906 -0.11811 
vn -0.645669 -0.755906 -0.110236 
vn -0.606299 -0.692913 -0.393701 
vn -0.606299 -0.700787 -0.377953 
vn -0.606299 -0.433071 -0.661417 
vn -0.614173 -0.440945 -0.653543 
vn -0.606299 -0.283465 -0.748031 
vn -0.606299 -0.283465 -0.740157 
vn 0.614173 -0.0787402 -0.787402 
vn 0.566929 -0.102362 -0.811024 
vn 0.574803 -0.110236 -0.811024 
vn 0.622047 -0.0472441 -0.779528 
vn 0.637795 0.015748 -0.771654 
vn 0.637795 0.015748 -0.76378 
vn 0.637795 0.0866142 -0.76378 
vn 0.637795 0.0866142 -0.76378 
vn 0.622047 0.220472 -0.748031 
vn 0.622047 0.244094 -0.740157 
vn 0.637795 0.393701 -0.661417 
vn 0.637795 0.393701 -0.661417 
vn 0.637795 0.543307 -0.551181 
vn 0.637795 0.543307 -0.543307 
vn 0.480315 0.858268 -0.181102 
vn 0.606299 0.771654 -0.204724 
vn -0.614173 -0.0787402 -0.787402 
vn -0.622047 -0.0472441 -0.779528 
vn -0.574803 -0.110236 -0.811024 
vn -0.566929 -0.102362 -0.811024 
vn -0.637795 0.015748 -0.771654 
vn -0.637795 0.015748 -0.76378 
vn -0.637795 0.0866142 -0.76378 
vn -0.637795 0.0866142 -0.76378 
vn -0.622047 0.220472 -0.748031 
vn -0.622047 0.244094 -0.740157 
vn -0.637795 0.393701 -0.661417 
vn -0.637795 0.393701 -0.661417 
vn -0.637795 0.543307 -0.551181 
vn -0.637795 0.543307 -0.543307 
vn -0.480315 0.858268 -0.181102 
vn -0.606299 0.771654 -0.204724 
vn -0.543307 0.84252 0 
vn -0.338583 0.937008 0 
vn -0.480315 0.858268 -0.181102 
vn -0.606299 0.771654 -0.204724 
vn -0.15748 0.984252 0 
vn -0.15748 0.984252 0 
vn -0.0787402 1 0 
vn -0.0787402 1 0 
vn -0.023622 1 0 
vn -0.023622 1 0 
vn 0 1 0 
vn 0 1 0 
vn 0.023622 1 0 
vn 0.023622 1 0 
vn 0.0787402 1 0 
vn 0.0787402 1 0 
vn 0.15748 0.984252 0 
vn 0.15748 0.984252 0 
vn 0.338583 0.937008 0 
vn 0.480315 0.858268 -0.181102 
vn 0.543307 0.84252 0 
vn 0.606299 0.771654 -0.204724 
vn 0.669291 0 0.740157 
vn 0.669291 0 0.740157 
vn 0.669291 0 0.740157 
vn 0.669291 0 0.740157 
vn 0.669291 0 0.740157 
vn 0.669291 0 0.740157 
vn 0.669291 0 0.740157 
vn 0.669291 0 0.740157 
vn 0.669291 0.0314961 0.740157 
vn 0.669291 0.0314961 0.740157 
vn 0.661417 0.149606 0.732283 
vn 0.669291 0.173228 0.724409 
vn 0.669291 0.370079 0.637795 
vn 0.677165 0.401575 0.614173 
vn 0.661417 0.503937 0.559055 
vn 0.669291 0.503937 0.551181 
vn -0.669291 0 0.740157 
vn -0.669291 0 0.740157 
vn -0.669291 0 0.740157 
vn -0.669291 0 0.740157 
vn -0.669291 0 0.740157 
vn -0.669291 0 0.740157 
vn -0.669291 0 0.740157 
vn -0.669291 0 0.740157 
vn -0.669291 0.0314961 0.740157 
vn -0.669291 0.0314961 0.740157 
vn -0.661417 0.149606 0.732283 
vn -0.669291 0.173228 0.724409 
vn -0.669291 0.370079 0.637795 
vn -0.677165 0.401575 0.614173 
vn -0.661417 0.503937 0.559055 
vn -0.669291 0.503937 0.551181 
vn 1 0 0 
vn 1 0 0 
vn 1 0 0 
vn 1 0 0 
vn 1 0 0 
vn 1 0 0 
vn 1 0 0 
vn 1 0 0 
vn 1 0 0 
vn 1 0 0 
vn 1 0 0 
vn 1 0 0 
vn 1 0 0 
vn 1 0 0 
vn 1 0 0 
vn 1 0 0 
vn -1 0 0 
vn -1 0 0 
vn -1 0 0 
vn -1 0 0 
vn -1 0 0 
vn -1 0 0 
vn -1 0 0 
vn -1 0 0 
vn -1 0 0 
vn -1 0 0 
vn -1 0 0 
vn -1 0 0 
vn -1 0 0 
vn -1 0 0 
vn -1 0 0 
vn -1 0 0 
vn 0.677165 0 0.740157 
vn 0.677165 0 0.740157 
vn 0.677165 0 0.740157 
vn 0.677165 0 0.740157 
vn -0.677165 0 0.740157 
vn -0.677165 0 0.740157 
vn -0.677165 0 0.740157 
vn -0.677165 0 0.740157 
vn 0.677165 0 0.740157 
vn 0.677165 0 0.740157 
vn 0.677165 0 0.740157 
vn 0.677165 0 0.740157 
vn -0.677165 0 0.740157 
vn -0.677165 0 0.740157 
vn -0.677165 0 0.740157 
vn -0.677165 0 0.740157 
vn 0.645669 0 -0.76378 
vn 0.645669 0 -0.76378 
vn 0.645669 0 -0.76378 
vn 0.645669 0 -0.76378 
vn -0.645669 0 -0.76378 
vn -0.645669 0 -0.76378 
vn -0.645669 0 -0.76378 
vn -0.645669 0 -0.76378 
vn 0.346457 0 -0.937008 
vn 0.645669 0 -0.76378 
vn 0.645669 0 -0.76378 
vn 0.645669 0 -0.76378 
vn -0.645669 0 -0.76378 
vn -0.346457 0 -0.937008 
vn -0.645669 0 -0.76378 
vn -0.645669 0 -0.76378 
vn 0 -0.984252 -0.165354 
vn 0 -0.984252 -0.165354 
vn 0 -0.874016 -0.480315 
vn 0 -0.984252 -0.165354 
vn 0 -0.984252 -0.165354 
vn 0 -1 0 
vn 0 -1 0 
vn 0 -0.984252 -0.165354 
vn 0 -1 0 
vn 0 -1 0 
vn 0 -1 0 
vn 0 -1 0 
vn 0 -0.984252 0.165354 
vn 0 -0.984252 0.165354 
vn 0 -0.984252 0.165354 
vn 0 -0.984252 0.165354 
vn 0 -0.984252 0.165354 
vn 0 -0.984252 0.165354 
vn 0 -0.984252 0.165354 
vn 0 -0.834646 0.551181 
vn 0 -0.834646 0.551181 
vn 0 -0.834646 0.551181 
vn 0 -0.834646 0.551181 
vn 0 -0.834646 0.551181 
vn 0 -0.401575 0.913386 
vn 0 -0.401575 0.913386 
vn 0 -0.173228 0.984252 
vn 0 -0.173228 0.984252 
vn 0 -0.401575 0.913386 
vn 0 -0.173228 0.984252 
vn 0 -0.401575 0.913386 
vn 0 -0.173228 0.984252 
vn 0 -0.401575 0.913386 
vn 0 -0.173228 0.984252 
vn 0 -0.401575 0.913386 
vn 0 -0.173228 0.984252 
vn 0 -0.834646 0.551181 
vn 0 -0.401575 0.913386 
vn 0 -0.173228 0.984252 
vn 0 -0.834646 0.551181 
vn 0 -0.834646 0.551181 
vn 0 -0.401575 0.913386 
vn 0 -0.401575 0.913386 
vn 0 -0.173228 0.984252 
vn 0 -0.173228 0.984252 
vn 0 -0.354331 -0.937008 
vn 0 -0.354331 -0.937008 
vn 0 -0.551181 -0.834646 
vn 0 -0.551181 -0.834646 
vn 0 -0.354331 -0.937008 
vn 0 -0.551181 -0.834646 
vn 0 -0.354331 -0.937008 
vn 0 -0.551181 -0.834646 
vn 0 -0.354331 -0.937008 
vn 0 -0.551181 -0.834646 
vn 0 -0.354331 -0.937008 
vn 0 -0.874016 -0.480315 
vn 0 -0.874016 -0.480315 
vn 0 -0.984252 -0.165354 
vn 0 -0.874016 -0.480315 
vn 0 -0.984252 -0.165354 
vn 0 -1 0 
vn 0 -0.874016 -0.480315 
vn 0 -0.984252 -0.165354 
vn 0 -1 0 
vn 0 -0.984252 0.165354 
vn 0 -0.984252 0.165354 
vn 0 -0.834646 0.551181 
vn 0 -1 0 
vn 0 -0.984252 -0.165354 
vn 0 -0.874016 -0.480315 
vn 0 -0.551181 -0.834646 
vn 0 -0.354331 -0.937008 
vn 0 -0.874016 -0.480315 
vn 0 -0.551181 -0.834646 
vn 0 -0.354331 -0.937008 
vn 0 -0.551181 -0.834646 
vn 0 -0.354331 -0.937008 
vn 0 -0.551181 -0.834646 
vn 0 -0.874016 -0.480315 
vn 0 -0.874016 -0.480315 
vn 1 0 0 
vn 1 0 0 
vn 1 0 0 
vn 1 0 0 
vn -1 0 0 
vn -1 0 0 
vn -1 0 0 
vn -1 0 0 
vn 1 0 0 
vn 1 0 0 
vn 1 0 0 
vn 1 0 0 
vn -1 0 0 
vn -1 0 0 
vn -1 0 0 
vn -1 0 0 
vn 0.779528 -0.622047 0 
vn 0.779528 -0.622047 0 
vn 0.779528 -0.622047 0 
vn 0.779528 -0.622047 0 
vn -0.779528 -0.622047 0 
vn -0.779528 -0.622047 0 
vn -0.779528 -0.622047 0 
vn -0.779528 -0.622047 0 
vn 1 0 0 
vn 1 0 0 
vn 1 0 0 
vn 1 0 0 
vn 1 0 0 
vn 1 0 0 
vn 1 0 0 
vn 1 0 0 
vn 1 0 0 
vn -1 0 0 
vn -1 0 0 
vn -1 0 0 
vn -1 0 0 
vn -1 0 0 
vn -1 0 0 
vn -1 0 0 
vn -1 0 0 
vn -1 0 0 
vn -1 0 0 
vn -1 0 0 
vn -1 0 0 
vn 0.015748 0.811024 -0.582677 
vn 0.015748 0.708661 -0.708661 
vn 0 0.708661 -0.708661 
vn 0 0.503937 -0.858268 
vn 0 0.811024 -0.582677 
vn 0 0.0944882 -0.992126 
vn 0 0.015748 -1 
vn 0 0.015748 -1 
vn -0.015748 0.708661 -0.708661 
vn -0.015748 0.811024 -0.582677 
vn -0.0629921 0.811024 -0.582677 
vn -0.00787402 0.503937 -0.858268 
vn -0.0551181 0.708661 -0.700787 
vn -0.125984 0.80315 -0.582677 
vn -0.00787402 0.283465 -0.96063 
vn 0 0.283465 -0.96063 
vn -0.0393701 0.503937 -0.858268 
vn -0.110236 0.700787 -0.700787 
vn -0.15748 0.80315 -0.582677 
vn -0.133858 0.692913 -0.708661 
vn -0.0787402 0.503937 -0.858268 
vn -0.0944882 0.496063 -0.866142 
vn -0.023622 0.283465 -0.96063 
vn -0.0472441 0.291339 -0.952756 
vn -0.0472441 0.275591 -0.96063 
vn 0 0.0944882 -0.992126 
vn -0.00787402 0.0944882 -0.992126 
vn -0.00787402 0.102362 -0.992126 
vn -0.00787402 0.110236 -0.992126 
vn 0 0.015748 -1 
vn 0 0.015748 -1 
vn 0 0.023622 -1 
vn 0 -0.0866142 -1 
vn 0 -0.0866142 -1 
vn 0.00787402 -0.0866142 -1 
vn 0.00787402 -0.149606 -0.992126 
vn 0.015748 -0.141732 -0.992126 
vn 0 -0.149606 -0.992126 
vn 0 -0.149606 -0.992126 
vn 0 -0.0866142 -1 
vn 0 -0.0866142 -1 
vn 0 -0.0866142 -1 
vn 0 -0.149606 -0.992126 
vn 0 -0.149606 -0.992126 
vn 0 -0.0866142 -1 
vn 0 -0.149606 -0.992126 
vn 0 0.015748 -1 
vn 0 0.015748 -1 
vn 0 -0.0866142 -1 
vn -0.00787402 -0.149606 -0.992126 
vn -0.00787402 -0.0866142 -1 
vn -0.015748 -0.141732 -0.992126 
vn 0 0.023622 -1 
vn 0 0.015748 -1 
vn 0.00787402 0.110236 -0.992126 
vn 0.00787402 0.102362 -0.992126 
vn 0.0472441 0.275591 -0.96063 
vn 0.00787402 0.0944882 -0.992126 
vn 0.0472441 0.291339 -0.952756 
vn 0.0944882 0.496063 -0.866142 
vn 0.0787402 0.503937 -0.858268 
vn 0.133858 0.692913 -0.708661 
vn 0.023622 0.283465 -0.96063 
vn 0 0.0944882 -0.992126 
vn 0.110236 0.700787 -0.700787 
vn 0.15748 0.80315 -0.582677 
vn 0.125984 0.80315 -0.582677 
vn 0.0393701 0.503937 -0.858268 
vn 0.0551181 0.708661 -0.700787 
vn 0.0629921 0.811024 -0.582677 
vn 0.00787402 0.283465 -0.96063 
vn 0.00787402 0.503937 -0.858268 
vn 0 -0.787402 -0.614173 
vn 0 -0.787402 -0.614173 
vn 0 -0.787402 -0.614173 
vn 0 -0.795276 -0.614173 
vn 0 -0.787402 -0.614173 
vn 0 -0.795276 -0.606299 
vn 0 -0.787402 -0.614173 
vn 0 -0.795276 -0.606299 
vn 0 -0.787402 -0.614173 
vn 0 -0.795276 -0.606299 
vn 0 -0.787402 -0.622047 
vn 0.102362 -0.850394 -0.519685 
vn 0 -0.787402 -0.622047 
vn 0.19685 -0.88189 -0.425197 
vn 0 -0.787402 -0.622047 
vn 0.393701 -0.905512 -0.15748 
vn 0 -0.779528 -0.622047 
vn 0.377953 -0.905512 -0.188976 
vn -0.204724 -0.88189 -0.433071 
vn 0.401575 -0.905512 0.149606 
vn -0.102362 -0.84252 -0.527559 
vn 0.377953 -0.905512 0.181102 
vn -0.385827 -0.897638 -0.19685 
vn 0.110236 -0.850394 0.511811 
vn -0.409449 -0.897638 -0.165354 
vn 0.204724 -0.889764 0.409449 
vn -0.393701 -0.897638 0.188976 
vn 0 -0.795276 0.606299 
vn -0.409449 -0.897638 0.15748 
vn 0 -0.795276 0.606299 
vn -0.204724 -0.88189 0.425197 
vn 0 -0.795276 0.606299 
vn -0.110236 -0.84252 0.527559 
vn 0 -0.795276 0.606299 
vn 0 -0.787402 0.622047 
vn 0 -0.787402 0.614173 
vn 0 -0.787402 0.622047 
vn 0 -0.787402 0.614173 
vn 0 -0.787402 0.622047 
vn 0 -0.787402 0.614173 
vn 0 -0.787402 0.622047 
vn 0 -0.787402 0.614173 
vn 0 -0.787402 0.614173 
vn 0 -0.787402 0.614173 
vn 0.0472441 0.661417 0.748031 
vn 0.015748 0.661417 0.748031 
vn 0.00787402 0.503937 0.858268 
vn 0 0.661417 0.748031 
vn 0 0.503937 0.866142 
vn 0.00787402 0.212598 0.976378 
vn -0.015748 0.661417 0.748031 
vn 0 0.0472441 1 
vn 0 0.212598 0.976378 
vn -0.00787402 0.503937 0.858268 
vn -0.0472441 0.661417 0.748031 
vn 0 0.0472441 1 
vn 0 0 1 
vn -0.00787402 0.212598 0.976378 
vn -0.0393701 0.511811 0.858268 
vn -0.102362 0.661417 0.740157 
vn 0 0 1 
vn 0 0 1 
vn 0 0 1 
vn 0 0.0472441 1 
vn 0 0 1 
vn -0.015748 0.212598 0.976378 
vn 0 0.0472441 1 
vn 0 0 1 
vn 0 0 1 
vn 0 0 1 
vn 0 0 1 
vn 0 0 1 
vn 0 0 1 
vn 0 0 1 
vn 0 0 1 
vn 0 0 1 
vn 0 0 1 
vn 0 0 1 
vn 0 0 1 
vn 0 0 1 
vn 0 0 1 
vn 0 0 1 
vn 0 0 1 
vn 0 0 1 
vn -0.00787402 0.0393701 1 
vn -0.00787402 0.0472441 1 
vn -0.0393701 0.19685 0.976378 
vn -0.0314961 0.212598 0.976378 
vn -0.0944882 0.488189 0.866142 
vn -0.0787402 0.503937 0.858268 
vn -0.133858 0.661417 0.740157 
vn 0 0 1 
vn 0 0 1 
vn 0 0 1 
vn 0 0 1 
vn 0 0 1 
vn 0 0 1 
vn 0 0 1 
vn 0 0 1 
vn 0 0 1 
vn 0 0 1 
vn 0 0 1 
vn 0.00787402 0.0393701 1 
vn 0 0 1 
vn 0 0 1 
vn 0.00787402 0.0472441 1 
vn 0 0 1 
vn 0.0393701 0.19685 0.976378 
vn 0.0314961 0.212598 0.976378 
vn 0.0944882 0.488189 0.866142 
vn 0 0.0472441 1 
vn 0.0787402 0.503937 0.858268 
vn 0.133858 0.661417 0.740157 
vn 0.102362 0.661417 0.740157 
vn 0.015748 0.212598 0.976378 
vn 0.0393701 0.511811 0.858268 
vn 0 -0.212598 0.976378 
vn 0 -0.212598 0.976378 
vn 0.173228 -0.354331 0.913386 
vn 0 -0.212598 0.976378 
vn 0.393701 -0.480315 0.779528 
vn 0.456693 -0.551181 0.700787 
vn 0.551181 -0.566929 0.614173 
vn 0 -0.212598 0.976378 
vn 0 -0.212598 0.976378 
vn 0 -0.212598 0.976378 
vn 0 -0.212598 0.976378 
vn 0 -0.212598 0.976378 
vn 0 -0.212598 0.976378 
vn 0 -0.212598 0.976378 
vn 0 -0.212598 0.976378 
vn 0 -0.212598 0.976378 
vn 0 -0.212598 0.976378 
vn 0 -0.212598 0.976378 
vn -0.173228 -0.354331 0.913386 
vn -0.393701 -0.480315 0.779528 
vn -0.456693 -0.551181 0.700787 
vn -0.551181 -0.566929 0.614173 
vn 0 0 -1 
vn 0 0 -1 
vn 0 0 -1 
vn 0 0 -1 
vn 0 0 -1 
vn 0 0 -1 
vn 0 0 -1 
vn 0 0 -1 
vn 0 0 -1 
vn 0 0 -1 
vn 0 0 -1 
vn 0 0 -1 
vn 0.346457 0 -0.937008 
vn 0 0 -1 
vn 0 0 -1 
vn 0 0 -1 
vn 0 0 -1 
vn -0.346457 0 -0.937008 
vn 0 0 -1 
vn 0 0 -1 
vn 0 0 -1 
vn 0 0 -1 
vn 0 0 -1 
vn 0 0 -1 
vn 0 0 -1 
vn 0 0 -1 
vn 0 0 -1 
vn 0 0 -1 
vn 0 0 -1 
vn 0 0 -1 
vn 0 0 -1 
vn 0 0 -1 
vn 0 0 -1 
vn 0 0 -1 
vn 0 0 -1 
vn 0 0 -1 
vn 0 0 1 
vn 0 0 1 
vn 0 0 1 
vn 0 0 1 
vn 0 0 1 
vn 0 0 1 
vn 0 0 1 
vn 0 0 1 
vn 0 0 1 
vn 0 0 1 
vn 0 0 1 
vn 0 0 1 
vn 0 0 1 
vn 0 0 1 
vn 0 0 1 
vn 0 0 1 
vn 0 0 1 
vn 0 0 1 
vn 0 0 1 
vn 0 0 1 
vn 0 0 1 
vn 0 0 1 
vn 0 0 1 
vn 0 0 1 
vn 0 0 1 
vn 0 0 1 
vn 0 0 1 
vn 0 -0.566929 -0.826772 
vn 0 -0.566929 -0.818898 
vn 0 -0.566929 -0.826772 
vn -0.00787402 -0.582677 -0.811024 
vn 0 -0.566929 -0.826772 
vn -0.00787402 -0.574803 -0.818898 
vn 0 -0.566929 -0.826772 
vn -0.0551181 -0.527559 -0.84252 
vn 0 -0.566929 -0.818898 
vn -0.102362 -0.535433 -0.834646 
vn 0.015748 -0.574803 -0.818898 
vn -0.0551181 -0.448819 -0.889764 
vn 0.00787402 -0.582677 -0.811024 
vn 0.015748 -0.559055 -0.826772 
vn 0.023622 -0.503937 -0.866142 
vn -0.0393701 -0.314961 -0.952756 
vn 0.0551181 -0.527559 -0.84252 
vn 0.102362 -0.535433 -0.834646 
vn 0.0551181 -0.448819 -0.889764 
vn -0.015748 -0.559055 -0.826772 
vn -0.023622 -0.503937 -0.866142 
vn 0.0393701 -0.314961 -0.952756 

vt 0.151032 0.883388 
vt 0.152451 0.881722 
vt 0.152451 0.882661 
vt 0.151032 0.884033 
vt 0.152451 0.8864 
vt 0.151032 0.887732 
vt 0.152451 0.893309 
vt 0.151032 0.894021 
vt 0.152451 0.904919 
vt 0.151032 0.90498 
vt 0.152451 0.914159 
vt 0.151032 0.913947 
vt 0.151032 0.920703 
vt 0.152451 0.92126 
vt 0.151032 0.924667 
vt 0.152451 0.925846 
vt 0.151032 0.926572 
vt 0.152451 0.928115 
vt 0.211417 0.883388 
vt 0.211417 0.884033 
vt 0.209998 0.882661 
vt 0.209998 0.881722 
vt 0.209998 0.8864 
vt 0.211417 0.887732 
vt 0.209998 0.893309 
vt 0.211417 0.894021 
vt 0.209998 0.904919 
vt 0.211417 0.90498 
vt 0.209998 0.914159 
vt 0.211417 0.913947 
vt 0.211417 0.920703 
vt 0.209998 0.92126 
vt 0.211417 0.924667 
vt 0.209998 0.925846 
vt 0.211417 0.926572 
vt 0.209998 0.928115 
vt 0.00255646 0.782619 
vt 0.00255646 0.761853 
vt 0.00587313 0.766381 
vt 0.00600874 0.782619 
vt 0.00255646 0.802795 
vt 0.00607292 0.802795 
vt 0.00615439 0.817031 
vt 0.00255646 0.817031 
vt 0.00627383 0.830067 
vt 0.00255646 0.830067 
vt 0.0060891 0.842648 
vt 0.00255646 0.842648 
vt 0.00255646 0.855485 
vt 0.00581005 0.855485 
vt 0.00489426 0.869302 
vt 0.00255646 0.869302 
vt 0.142055 0.782619 
vt 0.138717 0.782619 
vt 0.13895 0.766381 
vt 0.142055 0.764118 
vt 0.142055 0.802795 
vt 0.138534 0.802795 
vt 0.138373 0.817032 
vt 0.142055 0.817032 
vt 0.138191 0.830067 
vt 0.142055 0.830067 
vt 0.138206 0.842648 
vt 0.142055 0.842648 
vt 0.142055 0.855485 
vt 0.138286 0.855485 
vt 0.138822 0.869302 
vt 0.142055 0.869302 
vt 0.141302 0.981497 
vt 0.13791 0.981497 
vt 0.13791 0.870631 
vt 0.141306 0.870631 
vt 0.125224 0.981497 
vt 0.12523 0.870631 
vt 0.11117 0.981497 
vt 0.111169 0.870631 
vt 0.0935762 0.981497 
vt 0.0935762 0.870631 
vt 0.0722214 0.981497 
vt 0.0722214 0.870631 
vt 0.0508666 0.981497 
vt 0.0508677 0.870631 
vt 0.0332736 0.981497 
vt 0.0332736 0.870631 
vt 0.0192185 0.981497 
vt 0.0192141 0.870631 
vt 0.00653268 0.981497 
vt 0.00653376 0.870631 
vt 0.00314114 0.981497 
vt 0.00313671 0.870631 
vt 0.349834 0.782619 
vt 0.349754 0.764118 
vt 0.351447 0.764118 
vt 0.351447 0.782619 
vt 0.349714 0.802795 
vt 0.351447 0.802795 
vt 0.349583 0.817032 
vt 0.351447 0.817032 
vt 0.349305 0.830067 
vt 0.351447 0.830067 
vt 0.349084 0.842648 
vt 0.351447 0.842648 
vt 0.34906 0.855485 
vt 0.351447 0.855485 
vt 0.349448 0.869302 
vt 0.351447 0.869302 
vt 0.212104 0.782619 
vt 0.212104 0.764118 
vt 0.214741 0.764118 
vt 0.214562 0.782619 
vt 0.212104 0.802795 
vt 0.214575 0.802795 
vt 0.212104 0.817032 
vt 0.214626 0.817032 
vt 0.212104 0.830067 
vt 0.214779 0.830067 
vt 0.214914 0.842648 
vt 0.212104 0.842648 
vt 0.214889 0.855485 
vt 0.212104 0.855485 
vt 0.214514 0.869302 
vt 0.212104 0.869302 
vt 0.351426 0.782619 
vt 0.351426 0.761853 
vt 0.421048 0.761853 
vt 0.421048 0.782619 
vt 0.351426 0.802795 
vt 0.421048 0.802795 
vt 0.421048 0.817031 
vt 0.351426 0.817031 
vt 0.421048 0.830067 
vt 0.351426 0.830067 
vt 0.421048 0.842648 
vt 0.351426 0.842648 
vt 0.421048 0.855485 
vt 0.351426 0.855485 
vt 0.421048 0.869302 
vt 0.351426 0.869302 
vt 0.212104 0.782619 
vt 0.142055 0.782619 
vt 0.142055 0.764118 
vt 0.212104 0.764118 
vt 0.142055 0.802795 
vt 0.212104 0.802795 
vt 0.142055 0.817032 
vt 0.212104 0.817032 
vt 0.142055 0.830067 
vt 0.212104 0.830067 
vt 0.142055 0.842648 
vt 0.212104 0.842648 
vt 0.142055 0.855485 
vt 0.212104 0.855485 
vt 0.142055 0.869302 
vt 0.212104 0.869302 
vt 0.351447 0.745573 
vt 0.34637 0.745573 
vt 0.346387 0.731841 
vt 0.351447 0.732963 
vt 0.217871 0.731612 
vt 0.217788 0.745573 
vt 0.212104 0.745573 
vt 0.212104 0.732715 
vt 0.351447 0.732963 
vt 0.346387 0.731841 
vt 0.346425 0.702009 
vt 0.351447 0.702111 
vt 0.217871 0.731612 
vt 0.212104 0.732715 
vt 0.212104 0.702089 
vt 0.218048 0.701989 
vt 0.0107962 0.732955 
vt 0.0107903 0.756253 
vt 0.00255646 0.745573 
vt 0.00255646 0.732963 
vt 0.142055 0.745573 
vt 0.13552 0.758161 
vt 0.135693 0.733842 
vt 0.142055 0.732715 
vt 0.0107962 0.732955 
vt 0.00255646 0.732963 
vt 0.00255646 0.702111 
vt 0.0108041 0.70211 
vt 0.142055 0.732715 
vt 0.135693 0.733842 
vt 0.135918 0.702191 
vt 0.142055 0.702088 
vt 0.2079 0.914159 
vt 0.209998 0.914159 
vt 0.209998 0.92126 
vt 0.19199 0.914159 
vt 0.181224 0.914159 
vt 0.181224 0.904919 
vt 0.170458 0.904919 
vt 0.200851 0.914159 
vt 0.19199 0.904919 
vt 0.200851 0.904919 
vt 0.207899 0.904919 
vt 0.209998 0.904919 
vt 0.170458 0.893309 
vt 0.161597 0.893309 
vt 0.181224 0.893309 
vt 0.19199 0.893309 
vt 0.200852 0.893309 
vt 0.207899 0.893309 
vt 0.209998 0.893309 
vt 0.207899 0.8864 
vt 0.209998 0.8864 
vt 0.200852 0.8864 
vt 0.19199 0.8864 
vt 0.181224 0.8864 
vt 0.207899 0.882661 
vt 0.209998 0.882661 
vt 0.209998 0.881722 
vt 0.207898 0.881722 
vt 0.200852 0.882661 
vt 0.200852 0.881722 
vt 0.19199 0.882661 
vt 0.19199 0.881722 
vt 0.181224 0.882661 
vt 0.181224 0.881722 
vt 0.170458 0.882661 
vt 0.170458 0.881722 
vt 0.170458 0.8864 
vt 0.161597 0.882661 
vt 0.161597 0.881722 
vt 0.161597 0.8864 
vt 0.154549 0.8864 
vt 0.15455 0.882661 
vt 0.152451 0.882661 
vt 0.15455 0.881722 
vt 0.152451 0.881722 
vt 0.181224 0.928115 
vt 0.170458 0.928115 
vt 0.170458 0.925846 
vt 0.161597 0.925846 
vt 0.161597 0.928115 
vt 0.181224 0.925846 
vt 0.19199 0.928115 
vt 0.154548 0.925846 
vt 0.154548 0.928115 
vt 0.152451 0.925846 
vt 0.152451 0.928115 
vt 0.152451 0.92126 
vt 0.154549 0.92126 
vt 0.152451 0.914159 
vt 0.161597 0.92126 
vt 0.154549 0.914159 
vt 0.152451 0.904919 
vt 0.170458 0.92126 
vt 0.161597 0.914159 
vt 0.154549 0.904919 
vt 0.152451 0.893309 
vt 0.154549 0.893309 
vt 0.152451 0.8864 
vt 0.161597 0.904919 
vt 0.170458 0.914159 
vt 0.181224 0.92126 
vt 0.19199 0.925846 
vt 0.200851 0.928115 
vt 0.19199 0.92126 
vt 0.200851 0.925846 
vt 0.2079 0.928115 
vt 0.2079 0.925846 
vt 0.209998 0.928115 
vt 0.209998 0.925846 
vt 0.200851 0.92126 
vt 0.2079 0.92126 
vt 0.421048 0.745573 
vt 0.351426 0.745573 
vt 0.351426 0.732963 
vt 0.421048 0.732963 
vt 0.212104 0.745573 
vt 0.142055 0.745573 
vt 0.142055 0.732715 
vt 0.212104 0.732715 
vt 0.421048 0.732963 
vt 0.351426 0.732963 
vt 0.351426 0.702111 
vt 0.421048 0.702111 
vt 0.212104 0.732715 
vt 0.142055 0.732715 
vt 0.142055 0.702088 
vt 0.212104 0.702089 
vt 0.351426 0.761853 
vt 0.351426 0.745573 
vt 0.421048 0.745573 
vt 0.421048 0.761853 
vt 0.212104 0.764118 
vt 0.142055 0.764118 
vt 0.142055 0.745573 
vt 0.212104 0.745573 
vt 0.151032 0.926572 
vt 0.151032 0.883388 
vt 0.151032 0.884033 
vt 0.151032 0.924667 
vt 0.151032 0.887732 
vt 0.151032 0.920703 
vt 0.151032 0.913947 
vt 0.151032 0.894021 
vt 0.151032 0.90498 
vt 0.211417 0.926572 
vt 0.211417 0.924667 
vt 0.211417 0.884033 
vt 0.211417 0.883388 
vt 0.211417 0.887732 
vt 0.211417 0.920703 
vt 0.211417 0.913947 
vt 0.211417 0.894021 
vt 0.211417 0.90498 
vt 0.211417 0.920703 
vt 0.211417 0.913947 
vt 0.211417 0.887732 
vt 0.0496889 0.869302 
vt 0.0500433 0.855485 
vt 0.0715594 0.855485 
vt 0.0716894 0.842648 
vt 0.0714288 0.869302 
vt 0.0719673 0.817032 
vt 0.072132 0.802795 
vt 0.0935253 0.802795 
vt 0.0930995 0.855485 
vt 0.0931882 0.869302 
vt 0.111096 0.869302 
vt 0.093095 0.842648 
vt 0.11075 0.855485 
vt 0.125367 0.869302 
vt 0.0931458 0.830067 
vt 0.0718122 0.830067 
vt 0.11063 0.842648 
vt 0.124687 0.855485 
vt 0.138822 0.869302 
vt 0.138286 0.855485 
vt 0.124454 0.842648 
vt 0.138206 0.842648 
vt 0.110647 0.830067 
vt 0.124477 0.830067 
vt 0.138191 0.830067 
vt 0.0933049 0.817032 
vt 0.110839 0.817032 
vt 0.124737 0.817032 
vt 0.138373 0.817032 
vt 0.111114 0.802795 
vt 0.125057 0.802795 
vt 0.138534 0.802795 
vt 0.111428 0.782619 
vt 0.125458 0.782619 
vt 0.138717 0.782619 
vt 0.125976 0.766381 
vt 0.13895 0.766381 
vt 0.111777 0.766381 
vt 0.0940253 0.766381 
vt 0.0937642 0.782619 
vt 0.0722893 0.782619 
vt 0.0508129 0.782619 
vt 0.0508625 0.766381 
vt 0.0724506 0.766381 
vt 0.0331726 0.782619 
vt 0.0331134 0.766381 
vt 0.0331821 0.802795 
vt 0.0507476 0.802795 
vt 0.019166 0.782619 
vt 0.018945 0.766381 
vt 0.00600874 0.782619 
vt 0.00587313 0.766381 
vt 0.00607292 0.802795 
vt 0.0192625 0.802795 
vt 0.00615439 0.817031 
vt 0.0193373 0.817032 
vt 0.00627383 0.830067 
vt 0.0331631 0.817032 
vt 0.01932 0.830067 
vt 0.0060891 0.842648 
vt 0.0190661 0.842648 
vt 0.00581005 0.855485 
vt 0.0330727 0.830067 
vt 0.0506477 0.817032 
vt 0.0185722 0.855485 
vt 0.00489426 0.869302 
vt 0.0176212 0.869302 
vt 0.0328405 0.842648 
vt 0.0324549 0.855485 
vt 0.0318365 0.869302 
vt 0.0505054 0.830067 
vt 0.05031 0.842648 
vt 0.181224 0.932509 
vt 0.168842 0.932509 
vt 0.170458 0.928115 
vt 0.161597 0.928115 
vt 0.181224 0.928115 
vt 0.15865 0.932509 
vt 0.193607 0.932509 
vt 0.154548 0.928115 
vt 0.19199 0.928115 
vt 0.150542 0.932509 
vt 0.203798 0.932509 
vt 0.152451 0.928115 
vt 0.200851 0.928115 
vt 0.14813 0.932509 
vt 0.211906 0.932509 
vt 0.151032 0.926572 
vt 0.2079 0.928115 
vt 0.146498 0.930673 
vt 0.214318 0.932509 
vt 0.151032 0.883388 
vt 0.209998 0.928115 
vt 0.146498 0.879306 
vt 0.21595 0.930673 
vt 0.152451 0.881722 
vt 0.211417 0.926572 
vt 0.14813 0.877324 
vt 0.21595 0.879306 
vt 0.15455 0.881722 
vt 0.211417 0.883388 
vt 0.150545 0.877324 
vt 0.214318 0.877324 
vt 0.161597 0.881722 
vt 0.209998 0.881722 
vt 0.15865 0.877324 
vt 0.211904 0.877324 
vt 0.170458 0.881722 
vt 0.207898 0.881722 
vt 0.168841 0.877324 
vt 0.203799 0.877324 
vt 0.181224 0.881722 
vt 0.200852 0.881722 
vt 0.181224 0.877324 
vt 0.193607 0.877324 
vt 0.19199 0.881722 
vt 0.32021 0.869302 
vt 0.302624 0.869302 
vt 0.302604 0.855485 
vt 0.28123 0.869302 
vt 0.281276 0.855485 
vt 0.302621 0.842648 
vt 0.259837 0.869302 
vt 0.302665 0.830067 
vt 0.281334 0.842648 
vt 0.259947 0.855485 
vt 0.242244 0.869302 
vt 0.281407 0.830067 
vt 0.302811 0.817032 
vt 0.260039 0.842648 
vt 0.242465 0.855485 
vt 0.228316 0.869302 
vt 0.281524 0.817032 
vt 0.302978 0.802795 
vt 0.281629 0.802795 
vt 0.260131 0.830067 
vt 0.260211 0.817032 
vt 0.242587 0.842648 
vt 0.242678 0.830067 
vt 0.260259 0.802795 
vt 0.281755 0.782619 
vt 0.242695 0.817032 
vt 0.260296 0.782619 
vt 0.281875 0.764118 
vt 0.260301 0.764118 
vt 0.242676 0.802795 
vt 0.242643 0.782619 
vt 0.242536 0.764118 
vt 0.22866 0.782619 
vt 0.22842 0.764118 
vt 0.214562 0.782619 
vt 0.214741 0.764118 
vt 0.214575 0.802795 
vt 0.228712 0.802795 
vt 0.214626 0.817032 
vt 0.2288 0.817032 
vt 0.214779 0.830067 
vt 0.228919 0.830067 
vt 0.214914 0.842648 
vt 0.228895 0.842648 
vt 0.214889 0.855485 
vt 0.228714 0.855485 
vt 0.214514 0.869302 
vt 0.334757 0.782619 
vt 0.335264 0.764118 
vt 0.349754 0.764118 
vt 0.349834 0.782619 
vt 0.320817 0.782619 
vt 0.32122 0.764118 
vt 0.334474 0.802795 
vt 0.349714 0.802795 
vt 0.349583 0.817032 
vt 0.320543 0.802795 
vt 0.334218 0.817032 
vt 0.349305 0.830067 
vt 0.303197 0.782619 
vt 0.303458 0.764118 
vt 0.333887 0.830067 
vt 0.320323 0.817032 
vt 0.349084 0.842648 
vt 0.333773 0.842648 
vt 0.34906 0.855485 
vt 0.320107 0.830067 
vt 0.333848 0.855485 
vt 0.349448 0.869302 
vt 0.334159 0.869302 
vt 0.32005 0.842648 
vt 0.320077 0.855485 
vt 0.335264 0.764118 
vt 0.3359 0.745573 
vt 0.34637 0.745573 
vt 0.32122 0.764118 
vt 0.349754 0.764118 
vt 0.351447 0.745573 
vt 0.351447 0.764118 
vt 0.321489 0.745573 
vt 0.303458 0.764118 
vt 0.303608 0.745573 
vt 0.281875 0.764118 
vt 0.281957 0.745573 
vt 0.260301 0.764118 
vt 0.260318 0.745573 
vt 0.242536 0.764118 
vt 0.242444 0.745573 
vt 0.22842 0.764118 
vt 0.227973 0.745573 
vt 0.217788 0.745573 
vt 0.214741 0.764118 
vt 0.212104 0.745573 
vt 0.212104 0.764118 
vt 0.0725327 0.759168 
vt 0.0508943 0.758891 
vt 0.0510323 0.732648 
vt 0.0727525 0.73276 
vt 0.0331572 0.732632 
vt 0.0941526 0.759589 
vt 0.0331056 0.758798 
vt 0.0944634 0.732952 
vt 0.0188478 0.757685 
vt 0.111936 0.760068 
vt 0.01885 0.732803 
vt 0.0107903 0.756253 
vt 0.0107962 0.732955 
vt 0.112335 0.733183 
vt 0.126259 0.759458 
vt 0.126674 0.733599 
vt 0.13552 0.758161 
vt 0.135693 0.733842 
vt 0.0727525 0.73276 
vt 0.0510323 0.732648 
vt 0.0511931 0.702083 
vt 0.0332174 0.702081 
vt 0.0730078 0.702093 
vt 0.0331572 0.732632 
vt 0.0944634 0.732952 
vt 0.0188526 0.702097 
vt 0.0948232 0.70211 
vt 0.01885 0.732803 
vt 0.0108041 0.70211 
vt 0.0107962 0.732955 
vt 0.112335 0.733183 
vt 0.112796 0.702131 
vt 0.126674 0.733599 
vt 0.127179 0.702169 
vt 0.135693 0.733842 
vt 0.135918 0.702191 
vt 0.34637 0.745573 
vt 0.3359 0.745573 
vt 0.335936 0.731833 
vt 0.346387 0.731841 
vt 0.336013 0.702009 
vt 0.346425 0.702009 
vt 0.321628 0.702006 
vt 0.321533 0.731805 
vt 0.321489 0.745573 
vt 0.303803 0.702003 
vt 0.30367 0.731769 
vt 0.303608 0.745573 
vt 0.282199 0.701999 
vt 0.282034 0.731727 
vt 0.281957 0.745573 
vt 0.260614 0.701995 
vt 0.260413 0.731684 
vt 0.260318 0.745573 
vt 0.242819 0.701992 
vt 0.242564 0.731649 
vt 0.242444 0.745573 
vt 0.228515 0.701989 
vt 0.228147 0.731621 
vt 0.218048 0.701989 
vt 0.227973 0.745573 
vt 0.217871 0.731612 
vt 0.217788 0.745573 
vt 0.0508625 0.766381 
vt 0.0508943 0.758891 
vt 0.0725327 0.759168 
vt 0.0331134 0.766381 
vt 0.0724506 0.766381 
vt 0.0331056 0.758798 
vt 0.0941526 0.759589 
vt 0.018945 0.766381 
vt 0.0940253 0.766381 
vt 0.0188478 0.757685 
vt 0.111936 0.760068 
vt 0.0107903 0.756253 
vt 0.111777 0.766381 
vt 0.00587313 0.766381 
vt 0.00255646 0.761853 
vt 0.00255646 0.745573 
vt 0.125976 0.766381 
vt 0.126259 0.759458 
vt 0.13552 0.758161 
vt 0.13895 0.766381 
vt 0.142055 0.764118 
vt 0.142055 0.745573 

usemtl Rig14Mtl

f 5641/5641/5641 5642/5642/5642 5643/5643/5643 
f 5643/5643/5643 5644/5644/5644 5641/5641/5641 
f 5644/5644/5644 5643/5643/5643 5645/5645/5645 
f 5645/5645/5645 5646/5646/5646 5644/5644/5644 
f 5646/5646/5646 5645/5645/5645 5647/5647/5647 
f 5647/5647/5647 5648/5648/5648 5646/5646/5646 
f 5648/5648/5648 5647/5647/5647 5649/5649/5649 
f 5649/5649/5649 5650/5650/5650 5648/5648/5648 
f 5650/5650/5650 5649/5649/5649 5651/5651/5651 
f 5651/5651/5651 5652/5652/5652 5650/5650/5650 
f 5653/5653/5653 5652/5652/5652 5651/5651/5651 
f 5651/5651/5651 5654/5654/5654 5653/5653/5653 
f 5655/5655/5655 5653/5653/5653 5654/5654/5654 
f 5654/5654/5654 5656/5656/5656 5655/5655/5655 
f 5657/5657/5657 5655/5655/5655 5656/5656/5656 
f 5656/5656/5656 5658/5658/5658 5657/5657/5657 
f 5659/5659/5659 5660/5660/5660 5661/5661/5661 
f 5661/5661/5661 5662/5662/5662 5659/5659/5659 
f 5663/5663/5663 5661/5661/5661 5660/5660/5660 
f 5660/5660/5660 5664/5664/5664 5663/5663/5663 
f 5665/5665/5665 5663/5663/5663 5664/5664/5664 
f 5664/5664/5664 5666/5666/5666 5665/5665/5665 
f 5667/5667/5667 5665/5665/5665 5666/5666/5666 
f 5666/5666/5666 5668/5668/5668 5667/5667/5667 
f 5669/5669/5669 5667/5667/5667 5668/5668/5668 
f 5668/5668/5668 5670/5670/5670 5669/5669/5669 
f 5669/5669/5669 5670/5670/5670 5671/5671/5671 
f 5671/5671/5671 5672/5672/5672 5669/5669/5669 
f 5672/5672/5672 5671/5671/5671 5673/5673/5673 
f 5673/5673/5673 5674/5674/5674 5672/5672/5672 
f 5674/5674/5674 5673/5673/5673 5675/5675/5675 
f 5675/5675/5675 5676/5676/5676 5674/5674/5674 
f 5677/5677/5677 5678/5678/5678 5679/5679/5679 
f 5679/5679/5679 5680/5680/5680 5677/5677/5677 
f 5681/5681/5681 5677/5677/5677 5680/5680/5680 
f 5680/5680/5680 5682/5682/5682 5681/5681/5681 
f 5681/5681/5681 5682/5682/5682 5683/5683/5683 
f 5683/5683/5683 5684/5684/5684 5681/5681/5681 
f 5684/5684/5684 5683/5683/5683 5685/5685/5685 
f 5685/5685/5685 5686/5686/5686 5684/5684/5684 
f 5686/5686/5686 5685/5685/5685 5687/5687/5687 
f 5687/5687/5687 5688/5688/5688 5686/5686/5686 
f 5689/5689/5689 5688/5688/5688 5687/5687/5687 
f 5687/5687/5687 5690/5690/5690 5689/5689/5689 
f 5689/5689/5689 5690/5690/5690 5691/5691/5691 
f 5691/5691/5691 5692/5692/5692 5689/5689/5689 
f 5693/5693/5693 5694/5694/5694 5695/5695/5695 
f 5695/5695/5695 5696/5696/5696 5693/5693/5693 
f 5694/5694/5694 5693/5693/5693 5697/5697/5697 
f 5697/5697/5697 5698/5698/5698 5694/5694/5694 
f 5699/5699/5699 5698/5698/5698 5697/5697/5697 
f 5697/5697/5697 5700/5700/5700 5699/5699/5699 
f 5701/5701/5701 5699/5699/5699 5700/5700/5700 
f 5700/5700/5700 5702/5702/5702 5701/5701/5701 
f 5703/5703/5703 5701/5701/5701 5702/5702/5702 
f 5702/5702/5702 5704/5704/5704 5703/5703/5703 
f 5703/5703/5703 5704/5704/5704 5705/5705/5705 
f 5705/5705/5705 5706/5706/5706 5703/5703/5703 
f 5707/5707/5707 5706/5706/5706 5705/5705/5705 
f 5705/5705/5705 5708/5708/5708 5707/5707/5707 
f 5709/5709/5709 5710/5710/5710 5711/5711/5711 
f 5711/5711/5711 5712/5712/5712 5709/5709/5709 
f 5711/5711/5711 5710/5710/5710 5713/5713/5713 
f 5713/5713/5713 5714/5714/5714 5711/5711/5711 
f 5714/5714/5714 5713/5713/5713 5715/5715/5715 
f 5715/5715/5715 5716/5716/5716 5714/5714/5714 
f 5716/5716/5716 5715/5715/5715 5717/5717/5717 
f 5717/5717/5717 5718/5718/5718 5716/5716/5716 
f 5718/5718/5718 5717/5717/5717 5719/5719/5719 
f 5719/5719/5719 5720/5720/5720 5718/5718/5718 
f 5720/5720/5720 5719/5719/5719 5721/5721/5721 
f 5721/5721/5721 5722/5722/5722 5720/5720/5720 
f 5722/5722/5722 5721/5721/5721 5723/5723/5723 
f 5723/5723/5723 5724/5724/5724 5722/5722/5722 
f 5724/5724/5724 5723/5723/5723 5725/5725/5725 
f 5725/5725/5725 5726/5726/5726 5724/5724/5724 
f 5726/5726/5726 5725/5725/5725 5727/5727/5727 
f 5727/5727/5727 5728/5728/5728 5726/5726/5726 
f 5728/5728/5728 5727/5727/5727 5729/5729/5729 
f 5729/5729/5729 5730/5730/5730 5728/5728/5728 
f 5731/5731/5731 5732/5732/5732 5733/5733/5733 
f 5733/5733/5733 5734/5734/5734 5731/5731/5731 
f 5735/5735/5735 5731/5731/5731 5734/5734/5734 
f 5734/5734/5734 5736/5736/5736 5735/5735/5735 
f 5737/5737/5737 5735/5735/5735 5736/5736/5736 
f 5736/5736/5736 5738/5738/5738 5737/5737/5737 
f 5739/5739/5739 5737/5737/5737 5738/5738/5738 
f 5738/5738/5738 5740/5740/5740 5739/5739/5739 
f 5741/5741/5741 5739/5739/5739 5740/5740/5740 
f 5740/5740/5740 5742/5742/5742 5741/5741/5741 
f 5743/5743/5743 5741/5741/5741 5742/5742/5742 
f 5742/5742/5742 5744/5744/5744 5743/5743/5743 
f 5745/5745/5745 5743/5743/5743 5744/5744/5744 
f 5744/5744/5744 5746/5746/5746 5745/5745/5745 
f 5747/5747/5747 5748/5748/5748 5749/5749/5749 
f 5749/5749/5749 5750/5750/5750 5747/5747/5747 
f 5751/5751/5751 5747/5747/5747 5750/5750/5750 
f 5750/5750/5750 5752/5752/5752 5751/5751/5751 
f 5753/5753/5753 5751/5751/5751 5752/5752/5752 
f 5752/5752/5752 5754/5754/5754 5753/5753/5753 
f 5755/5755/5755 5753/5753/5753 5754/5754/5754 
f 5754/5754/5754 5756/5756/5756 5755/5755/5755 
f 5755/5755/5755 5756/5756/5756 5757/5757/5757 
f 5757/5757/5757 5758/5758/5758 5755/5755/5755 
f 5758/5758/5758 5757/5757/5757 5759/5759/5759 
f 5759/5759/5759 5760/5760/5760 5758/5758/5758 
f 5760/5760/5760 5759/5759/5759 5761/5761/5761 
f 5761/5761/5761 5762/5762/5762 5760/5760/5760 
f 5763/5763/5763 5764/5764/5764 5765/5765/5765 
f 5765/5765/5765 5766/5766/5766 5763/5763/5763 
f 5767/5767/5767 5763/5763/5763 5766/5766/5766 
f 5766/5766/5766 5768/5768/5768 5767/5767/5767 
f 5767/5767/5767 5768/5768/5768 5769/5769/5769 
f 5769/5769/5769 5770/5770/5770 5767/5767/5767 
f 5770/5770/5770 5769/5769/5769 5771/5771/5771 
f 5771/5771/5771 5772/5772/5772 5770/5770/5770 
f 5772/5772/5772 5771/5771/5771 5773/5773/5773 
f 5773/5773/5773 5774/5774/5774 5772/5772/5772 
f 5774/5774/5774 5773/5773/5773 5775/5775/5775 
f 5775/5775/5775 5776/5776/5776 5774/5774/5774 
f 5776/5776/5776 5775/5775/5775 5777/5777/5777 
f 5777/5777/5777 5778/5778/5778 5776/5776/5776 
f 5779/5779/5779 5780/5780/5780 5781/5781/5781 
f 5781/5781/5781 5782/5782/5782 5779/5779/5779 
f 5783/5783/5783 5780/5780/5780 5779/5779/5779 
f 5779/5779/5779 5784/5784/5784 5783/5783/5783 
f 5785/5785/5785 5783/5783/5783 5784/5784/5784 
f 5784/5784/5784 5786/5786/5786 5785/5785/5785 
f 5787/5787/5787 5785/5785/5785 5786/5786/5786 
f 5786/5786/5786 5788/5788/5788 5787/5787/5787 
f 5789/5789/5789 5787/5787/5787 5788/5788/5788 
f 5788/5788/5788 5790/5790/5790 5789/5789/5789 
f 5791/5791/5791 5789/5789/5789 5790/5790/5790 
f 5790/5790/5790 5792/5792/5792 5791/5791/5791 
f 5793/5793/5793 5791/5791/5791 5792/5792/5792 
f 5792/5792/5792 5794/5794/5794 5793/5793/5793 
f 5795/5795/5795 5796/5796/5796 5797/5797/5797 
f 5797/5797/5797 5798/5798/5798 5795/5795/5795 
f 5799/5799/5799 5800/5800/5800 5801/5801/5801 
f 5801/5801/5801 5802/5802/5802 5799/5799/5799 
f 5803/5803/5803 5804/5804/5804 5805/5805/5805 
f 5805/5805/5805 5806/5806/5806 5803/5803/5803 
f 5807/5807/5807 5808/5808/5808 5809/5809/5809 
f 5809/5809/5809 5810/5810/5810 5807/5807/5807 
f 5811/5811/5811 5812/5812/5812 5813/5813/5813 
f 5813/5813/5813 5814/5814/5814 5811/5811/5811 
f 5815/5815/5815 5816/5816/5816 5817/5817/5817 
f 5817/5817/5817 5818/5818/5818 5815/5815/5815 
f 5819/5819/5819 5820/5820/5820 5821/5821/5821 
f 5821/5821/5821 5822/5822/5822 5819/5819/5819 
f 5823/5823/5823 5824/5824/5824 5825/5825/5825 
f 5825/5825/5825 5826/5826/5826 5823/5823/5823 
f 5827/5827/5827 5828/5828/5828 5829/5829/5829 
f 5830/5830/5830 5831/5831/5831 5832/5832/5832 
f 5833/5833/5833 5832/5832/5832 5831/5831/5831 
f 5834/5834/5834 5830/5830/5830 5835/5835/5835 
f 5832/5832/5832 5835/5835/5835 5830/5830/5830 
f 5827/5827/5827 5834/5834/5834 5836/5836/5836 
f 5835/5835/5835 5836/5836/5836 5834/5834/5834 
f 5828/5828/5828 5827/5827/5827 5837/5837/5837 
f 5836/5836/5836 5837/5837/5837 5827/5827/5827 
f 5837/5837/5837 5838/5838/5838 5828/5828/5828 
f 5832/5832/5832 5833/5833/5833 5839/5839/5839 
f 5840/5840/5840 5839/5839/5839 5833/5833/5833 
f 5835/5835/5835 5832/5832/5832 5841/5841/5841 
f 5839/5839/5839 5841/5841/5841 5832/5832/5832 
f 5836/5836/5836 5835/5835/5835 5842/5842/5842 
f 5841/5841/5841 5842/5842/5842 5835/5835/5835 
f 5837/5837/5837 5836/5836/5836 5843/5843/5843 
f 5842/5842/5842 5843/5843/5843 5836/5836/5836 
f 5838/5838/5838 5837/5837/5837 5844/5844/5844 
f 5843/5843/5843 5844/5844/5844 5837/5837/5837 
f 5844/5844/5844 5845/5845/5845 5838/5838/5838 
f 5845/5845/5845 5844/5844/5844 5846/5846/5846 
f 5846/5846/5846 5847/5847/5847 5845/5845/5845 
f 5844/5844/5844 5843/5843/5843 5848/5848/5848 
f 5848/5848/5848 5846/5846/5846 5844/5844/5844 
f 5843/5843/5843 5842/5842/5842 5849/5849/5849 
f 5849/5849/5849 5848/5848/5848 5843/5843/5843 
f 5850/5850/5850 5849/5849/5849 5842/5842/5842 
f 5842/5842/5842 5841/5841/5841 5850/5850/5850 
f 5847/5847/5847 5846/5846/5846 5851/5851/5851 
f 5851/5851/5851 5852/5852/5852 5847/5847/5847 
f 5853/5853/5853 5852/5852/5852 5851/5851/5851 
f 5851/5851/5851 5854/5854/5854 5853/5853/5853 
f 5855/5855/5855 5851/5851/5851 5846/5846/5846 
f 5854/5854/5854 5851/5851/5851 5855/5855/5855 
f 5846/5846/5846 5848/5848/5848 5855/5855/5855 
f 5855/5855/5855 5856/5856/5856 5854/5854/5854 
f 5857/5857/5857 5855/5855/5855 5848/5848/5848 
f 5856/5856/5856 5855/5855/5855 5857/5857/5857 
f 5848/5848/5848 5849/5849/5849 5857/5857/5857 
f 5857/5857/5857 5858/5858/5858 5856/5856/5856 
f 5859/5859/5859 5857/5857/5857 5849/5849/5849 
f 5858/5858/5858 5857/5857/5857 5859/5859/5859 
f 5849/5849/5849 5850/5850/5850 5859/5859/5859 
f 5859/5859/5859 5860/5860/5860 5858/5858/5858 
f 5860/5860/5860 5859/5859/5859 5861/5861/5861 
f 5861/5861/5861 5859/5859/5859 5850/5850/5850 
f 5861/5861/5861 5862/5862/5862 5860/5860/5860 
f 5850/5850/5850 5863/5863/5863 5861/5861/5861 
f 5863/5863/5863 5850/5850/5850 5841/5841/5841 
f 5841/5841/5841 5839/5839/5839 5863/5863/5863 
f 5862/5862/5862 5861/5861/5861 5864/5864/5864 
f 5864/5864/5864 5861/5861/5861 5863/5863/5863 
f 5864/5864/5864 5865/5865/5865 5862/5862/5862 
f 5866/5866/5866 5863/5863/5863 5839/5839/5839 
f 5863/5863/5863 5866/5866/5866 5864/5864/5864 
f 5839/5839/5839 5840/5840/5840 5866/5866/5866 
f 5867/5867/5867 5866/5866/5866 5840/5840/5840 
f 5868/5868/5868 5864/5864/5864 5866/5866/5866 
f 5866/5866/5866 5867/5867/5867 5868/5868/5868 
f 5865/5865/5865 5864/5864/5864 5868/5868/5868 
f 5869/5869/5869 5868/5868/5868 5867/5867/5867 
f 5868/5868/5868 5870/5870/5870 5865/5865/5865 
f 5870/5870/5870 5868/5868/5868 5869/5869/5869 
f 5869/5869/5869 5871/5871/5871 5870/5870/5870 
f 5872/5872/5872 5873/5873/5873 5874/5874/5874 
f 5875/5875/5875 5874/5874/5874 5873/5873/5873 
f 5873/5873/5873 5876/5876/5876 5875/5875/5875 
f 5874/5874/5874 5877/5877/5877 5872/5872/5872 
f 5878/5878/5878 5872/5872/5872 5877/5877/5877 
f 5879/5879/5879 5875/5875/5875 5876/5876/5876 
f 5876/5876/5876 5880/5880/5880 5879/5879/5879 
f 5881/5881/5881 5879/5879/5879 5880/5880/5880 
f 5880/5880/5880 5882/5882/5882 5881/5881/5881 
f 5879/5879/5879 5881/5881/5881 5883/5883/5883 
f 5883/5883/5883 5884/5884/5884 5879/5879/5879 
f 5875/5875/5875 5879/5879/5879 5884/5884/5884 
f 5884/5884/5884 5883/5883/5883 5885/5885/5885 
f 5884/5884/5884 5886/5886/5886 5875/5875/5875 
f 5874/5874/5874 5875/5875/5875 5886/5886/5886 
f 5885/5885/5885 5887/5887/5887 5884/5884/5884 
f 5886/5886/5886 5884/5884/5884 5887/5887/5887 
f 5887/5887/5887 5885/5885/5885 5888/5888/5888 
f 5886/5886/5886 5889/5889/5889 5874/5874/5874 
f 5877/5877/5877 5874/5874/5874 5889/5889/5889 
f 5887/5887/5887 5890/5890/5890 5886/5886/5886 
f 5889/5889/5889 5886/5886/5886 5890/5890/5890 
f 5888/5888/5888 5891/5891/5891 5887/5887/5887 
f 5890/5890/5890 5887/5887/5887 5891/5891/5891 
f 5891/5891/5891 5888/5888/5888 5892/5892/5892 
f 5892/5892/5892 5893/5893/5893 5891/5891/5891 
f 5893/5893/5893 5892/5892/5892 5894/5894/5894 
f 5891/5891/5891 5895/5895/5895 5890/5890/5890 
f 5895/5895/5895 5891/5891/5891 5893/5893/5893 
f 5890/5890/5890 5896/5896/5896 5889/5889/5889 
f 5896/5896/5896 5890/5890/5890 5895/5895/5895 
f 5897/5897/5897 5889/5889/5889 5896/5896/5896 
f 5889/5889/5889 5897/5897/5897 5877/5877/5877 
f 5894/5894/5894 5867/5867/5867 5893/5893/5893 
f 5867/5867/5867 5894/5894/5894 5869/5869/5869 
f 5893/5893/5893 5840/5840/5840 5895/5895/5895 
f 5840/5840/5840 5893/5893/5893 5867/5867/5867 
f 5895/5895/5895 5833/5833/5833 5896/5896/5896 
f 5833/5833/5833 5895/5895/5895 5840/5840/5840 
f 5896/5896/5896 5831/5831/5831 5897/5897/5897 
f 5831/5831/5831 5896/5896/5896 5833/5833/5833 
f 5898/5898/5898 5877/5877/5877 5897/5897/5897 
f 5877/5877/5877 5898/5898/5898 5878/5878/5878 
f 5899/5899/5899 5878/5878/5878 5898/5898/5898 
f 5897/5897/5897 5900/5900/5900 5898/5898/5898 
f 5900/5900/5900 5897/5897/5897 5831/5831/5831 
f 5898/5898/5898 5901/5901/5901 5899/5899/5899 
f 5901/5901/5901 5898/5898/5898 5900/5900/5900 
f 5902/5902/5902 5899/5899/5899 5901/5901/5901 
f 5901/5901/5901 5903/5903/5903 5902/5902/5902 
f 5904/5904/5904 5902/5902/5902 5903/5903/5903 
f 5903/5903/5903 5905/5905/5905 5904/5904/5904 
f 5903/5903/5903 5901/5901/5901 5906/5906/5906 
f 5900/5900/5900 5906/5906/5906 5901/5901/5901 
f 5905/5905/5905 5903/5903/5903 5907/5907/5907 
f 5906/5906/5906 5907/5907/5907 5903/5903/5903 
f 5907/5907/5907 5829/5829/5829 5905/5905/5905 
f 5906/5906/5906 5900/5900/5900 5830/5830/5830 
f 5831/5831/5831 5830/5830/5830 5900/5900/5900 
f 5907/5907/5907 5906/5906/5906 5834/5834/5834 
f 5830/5830/5830 5834/5834/5834 5906/5906/5906 
f 5829/5829/5829 5907/5907/5907 5827/5827/5827 
f 5834/5834/5834 5827/5827/5827 5907/5907/5907 
f 5908/5908/5908 5909/5909/5909 5910/5910/5910 
f 5910/5910/5910 5911/5911/5911 5908/5908/5908 
f 5912/5912/5912 5913/5913/5913 5914/5914/5914 
f 5914/5914/5914 5915/5915/5915 5912/5912/5912 
f 5916/5916/5916 5917/5917/5917 5918/5918/5918 
f 5918/5918/5918 5919/5919/5919 5916/5916/5916 
f 5920/5920/5920 5921/5921/5921 5922/5922/5922 
f 5922/5922/5922 5923/5923/5923 5920/5920/5920 
f 5924/5924/5924 5925/5925/5925 5926/5926/5926 
f 5926/5926/5926 5927/5927/5927 5924/5924/5924 
f 5928/5928/5928 5929/5929/5929 5930/5930/5930 
f 5930/5930/5930 5931/5931/5931 5928/5928/5928 
f 5932/5932/5932 5933/5933/5933 5934/5934/5934 
f 5934/5934/5934 5935/5935/5935 5932/5932/5932 
f 5934/5934/5934 5936/5936/5936 5935/5935/5935 
f 5936/5936/5936 5937/5937/5937 5935/5935/5935 
f 5936/5936/5936 5938/5938/5938 5937/5937/5937 
f 5936/5936/5936 5939/5939/5939 5938/5938/5938 
f 5939/5939/5939 5940/5940/5940 5938/5938/5938 
f 5941/5941/5941 5942/5942/5942 5943/5943/5943 
f 5943/5943/5943 5944/5944/5944 5941/5941/5941 
f 5942/5942/5942 5945/5945/5945 5943/5943/5943 
f 5942/5942/5942 5946/5946/5946 5945/5945/5945 
f 5947/5947/5947 5948/5948/5948 5945/5945/5945 
f 5947/5947/5947 5949/5949/5949 5948/5948/5948 
f 5950/5950/5950 5951/5951/5951 5952/5952/5952 
f 5953/5953/5953 5954/5954/5954 5955/5955/5955 
f 5956/5956/5956 5955/5955/5955 5954/5954/5954 
f 5955/5955/5955 5957/5957/5957 5953/5953/5953 
f 5958/5958/5958 5959/5959/5959 5960/5960/5960 
f 5957/5957/5957 5955/5955/5955 5961/5961/5961 
f 5961/5961/5961 5962/5962/5962 5957/5957/5957 
f 5963/5963/5963 5962/5962/5962 5961/5961/5961 
f 5964/5964/5964 5961/5961/5961 5955/5955/5955 
f 5955/5955/5955 5956/5956/5956 5964/5964/5964 
f 5961/5961/5961 5965/5965/5965 5963/5963/5963 
f 5965/5965/5965 5961/5961/5961 5964/5964/5964 
f 5966/5966/5966 5963/5963/5963 5965/5965/5965 
f 5967/5967/5967 5964/5964/5964 5956/5956/5956 
f 5956/5956/5956 5968/5968/5968 5967/5967/5967 
f 5964/5964/5964 5969/5969/5969 5965/5965/5965 
f 5969/5969/5969 5964/5964/5964 5967/5967/5967 
f 5965/5965/5965 5970/5970/5970 5966/5966/5966 
f 5970/5970/5970 5965/5965/5965 5969/5969/5969 
f 5971/5971/5971 5966/5966/5966 5970/5970/5970 
f 5970/5970/5970 5972/5972/5972 5971/5971/5971 
f 5972/5972/5972 5970/5970/5970 5973/5973/5973 
f 5969/5969/5969 5973/5973/5973 5970/5970/5970 
f 5973/5973/5973 5974/5974/5974 5972/5972/5972 
f 5967/5967/5967 5975/5975/5975 5969/5969/5969 
f 5973/5973/5973 5969/5969/5969 5975/5975/5975 
f 5974/5974/5974 5973/5973/5973 5976/5976/5976 
f 5975/5975/5975 5976/5976/5976 5973/5973/5973 
f 5976/5976/5976 5977/5977/5977 5974/5974/5974 
f 5975/5975/5975 5967/5967/5967 5978/5978/5978 
f 5978/5978/5978 5967/5967/5967 5968/5968/5968 
f 5968/5968/5968 5958/5958/5958 5978/5978/5978 
f 5960/5960/5960 5978/5978/5978 5958/5958/5958 
f 5978/5978/5978 5979/5979/5979 5975/5975/5975 
f 5976/5976/5976 5975/5975/5975 5979/5979/5979 
f 5979/5979/5979 5978/5978/5978 5960/5960/5960 
f 5977/5977/5977 5976/5976/5976 5980/5980/5980 
f 5979/5979/5979 5980/5980/5980 5976/5976/5976 
f 5980/5980/5980 5981/5981/5981 5977/5977/5977 
f 5960/5960/5960 5982/5982/5982 5979/5979/5979 
f 5980/5980/5980 5979/5979/5979 5982/5982/5982 
f 5981/5981/5981 5980/5980/5980 5983/5983/5983 
f 5982/5982/5982 5983/5983/5983 5980/5980/5980 
f 5983/5983/5983 5984/5984/5984 5981/5981/5981 
f 5985/5985/5985 5982/5982/5982 5960/5960/5960 
f 5983/5983/5983 5982/5982/5982 5985/5985/5985 
f 5984/5984/5984 5983/5983/5983 5986/5986/5986 
f 5985/5985/5985 5986/5986/5986 5983/5983/5983 
f 5986/5986/5986 5987/5987/5987 5984/5984/5984 
f 5987/5987/5987 5986/5986/5986 5988/5988/5988 
f 5988/5988/5988 5989/5989/5989 5987/5987/5987 
f 5990/5990/5990 5988/5988/5988 5986/5986/5986 
f 5986/5986/5986 5985/5985/5985 5990/5990/5990 
f 5991/5991/5991 5990/5990/5990 5985/5985/5985 
f 5960/5960/5960 5992/5992/5992 5985/5985/5985 
f 5985/5985/5985 5992/5992/5992 5991/5991/5991 
f 5992/5992/5992 5960/5960/5960 5959/5959/5959 
f 5991/5991/5991 5992/5992/5992 5993/5993/5993 
f 5959/5959/5959 5993/5993/5993 5992/5992/5992 
f 5994/5994/5994 5995/5995/5995 5996/5996/5996 
f 5995/5995/5995 5994/5994/5994 5997/5997/5997 
f 5997/5997/5997 5998/5998/5998 5995/5995/5995 
f 5996/5996/5996 5993/5993/5993 5994/5994/5994 
f 5993/5993/5993 5996/5996/5996 5991/5991/5991 
f 5999/5999/5999 5997/5997/5997 5994/5994/5994 
f 6000/6000/6000 5994/5994/5994 5993/5993/5993 
f 5994/5994/5994 6000/6000/6000 5999/5999/5999 
f 5998/5998/5998 5997/5997/5997 6001/6001/6001 
f 6001/6001/6001 6002/6002/6002 5998/5998/5998 
f 6002/6002/6002 6001/6001/6001 6003/6003/6003 
f 6003/6003/6003 6004/6004/6004 6002/6002/6002 
f 6005/6005/6005 6003/6003/6003 6001/6001/6001 
f 6006/6006/6006 6001/6001/6001 5997/5997/5997 
f 6001/6001/6001 6006/6006/6006 6005/6005/6005 
f 5997/5997/5997 5999/5999/5999 6006/6006/6006 
f 6007/6007/6007 6005/6005/6005 6006/6006/6006 
f 6006/6006/6006 6008/6008/6008 6007/6007/6007 
f 6008/6008/6008 6006/6006/6006 5999/5999/5999 
f 6009/6009/6009 6007/6007/6007 6008/6008/6008 
f 5999/5999/5999 6010/6010/6010 6008/6008/6008 
f 6010/6010/6010 5999/5999/5999 6000/6000/6000 
f 6008/6008/6008 6011/6011/6011 6009/6009/6009 
f 6011/6011/6011 6008/6008/6008 6010/6010/6010 
f 6012/6012/6012 6009/6009/6009 6011/6011/6011 
f 6011/6011/6011 6013/6013/6013 6012/6012/6012 
f 6014/6014/6014 6012/6012/6012 6013/6013/6013 
f 6010/6010/6010 6015/6015/6015 6011/6011/6011 
f 6013/6013/6013 6011/6011/6011 6015/6015/6015 
f 6000/6000/6000 6016/6016/6016 6010/6010/6010 
f 6015/6015/6015 6010/6010/6010 6016/6016/6016 
f 6016/6016/6016 6000/6000/6000 5959/5959/5959 
f 5993/5993/5993 5959/5959/5959 6000/6000/6000 
f 6013/6013/6013 6017/6017/6017 6014/6014/6014 
f 6018/6018/6018 6014/6014/6014 6017/6017/6017 
f 6017/6017/6017 6019/6019/6019 6018/6018/6018 
f 6017/6017/6017 6013/6013/6013 6020/6020/6020 
f 6015/6015/6015 6020/6020/6020 6013/6013/6013 
f 6019/6019/6019 6017/6017/6017 6021/6021/6021 
f 6020/6020/6020 6021/6021/6021 6017/6017/6017 
f 6021/6021/6021 6022/6022/6022 6019/6019/6019 
f 6020/6020/6020 6015/6015/6015 6023/6023/6023 
f 6016/6016/6016 6023/6023/6023 6015/6015/6015 
f 6021/6021/6021 6020/6020/6020 6024/6024/6024 
f 6023/6023/6023 6024/6024/6024 6020/6020/6020 
f 6022/6022/6022 6021/6021/6021 5954/5954/5954 
f 6024/6024/6024 5954/5954/5954 6021/6021/6021 
f 5954/5954/5954 5953/5953/5953 6022/6022/6022 
f 6023/6023/6023 6016/6016/6016 5958/5958/5958 
f 5959/5959/5959 5958/5958/5958 6016/6016/6016 
f 6024/6024/6024 6023/6023/6023 5968/5968/5968 
f 5958/5958/5958 5968/5968/5968 6023/6023/6023 
f 5954/5954/5954 6024/6024/6024 5956/5956/5956 
f 5968/5968/5968 5956/5956/5956 6024/6024/6024 
f 6025/6025/6025 6026/6026/6026 6027/6027/6027 
f 6028/6028/6028 6027/6027/6027 6026/6026/6026 
f 6027/6027/6027 6029/6029/6029 6025/6025/6025 
f 6026/6026/6026 6030/6030/6030 6028/6028/6028 
f 6031/6031/6031 6025/6025/6025 6029/6029/6029 
f 6032/6032/6032 6028/6028/6028 6030/6030/6030 
f 6029/6029/6029 6033/6033/6033 6031/6031/6031 
f 6030/6030/6030 6034/6034/6034 6032/6032/6032 
f 6035/6035/6035 6031/6031/6031 6033/6033/6033 
f 6036/6036/6036 6032/6032/6032 6034/6034/6034 
f 6033/6033/6033 6037/6037/6037 6035/6035/6035 
f 6034/6034/6034 6038/6038/6038 6036/6036/6036 
f 6039/6039/6039 6035/6035/6035 6037/6037/6037 
f 6040/6040/6040 6036/6036/6036 6038/6038/6038 
f 6037/6037/6037 6041/6041/6041 6039/6039/6039 
f 6038/6038/6038 6042/6042/6042 6040/6040/6040 
f 6043/6043/6043 6039/6039/6039 6041/6041/6041 
f 6044/6044/6044 6040/6040/6040 6042/6042/6042 
f 6041/6041/6041 6045/6045/6045 6043/6043/6043 
f 6042/6042/6042 6046/6046/6046 6044/6044/6044 
f 6047/6047/6047 6043/6043/6043 6045/6045/6045 
f 6048/6048/6048 6044/6044/6044 6046/6046/6046 
f 6045/6045/6045 6049/6049/6049 6047/6047/6047 
f 6046/6046/6046 6050/6050/6050 6048/6048/6048 
f 6051/6051/6051 6047/6047/6047 6049/6049/6049 
f 6052/6052/6052 6048/6048/6048 6050/6050/6050 
f 6049/6049/6049 6053/6053/6053 6051/6051/6051 
f 6050/6050/6050 6054/6054/6054 6052/6052/6052 
f 6055/6055/6055 6051/6051/6051 6053/6053/6053 
f 6056/6056/6056 6052/6052/6052 6054/6054/6054 
f 6053/6053/6053 6057/6057/6057 6055/6055/6055 
f 6054/6054/6054 6058/6058/6058 6056/6056/6056 
f 6059/6059/6059 6055/6055/6055 6057/6057/6057 
f 6060/6060/6060 6056/6056/6056 6058/6058/6058 
f 6057/6057/6057 6061/6061/6061 6059/6059/6059 
f 6058/6058/6058 6062/6062/6062 6060/6060/6060 
f 6063/6063/6063 6059/6059/6059 6061/6061/6061 
f 6064/6064/6064 6060/6060/6060 6062/6062/6062 
f 6061/6061/6061 6065/6065/6065 6063/6063/6063 
f 6062/6062/6062 6066/6066/6066 6064/6064/6064 
f 6067/6067/6067 6063/6063/6063 6065/6065/6065 
f 6068/6068/6068 6064/6064/6064 6066/6066/6066 
f 6066/6066/6066 6067/6067/6067 6068/6068/6068 
f 6065/6065/6065 6068/6068/6068 6067/6067/6067 
f 6069/6069/6069 6070/6070/6070 6071/6071/6071 
f 6071/6071/6071 6070/6070/6070 6072/6072/6072 
f 6072/6072/6072 6073/6073/6073 6071/6071/6071 
f 6074/6074/6074 6071/6071/6071 6073/6073/6073 
f 6073/6073/6073 6072/6072/6072 6075/6075/6075 
f 6076/6076/6076 6074/6074/6074 6077/6077/6077 
f 6073/6073/6073 6077/6077/6077 6074/6074/6074 
f 6075/6075/6075 6078/6078/6078 6073/6073/6073 
f 6077/6077/6077 6073/6073/6073 6078/6078/6078 
f 6078/6078/6078 6075/6075/6075 6079/6079/6079 
f 6077/6077/6077 6080/6080/6080 6076/6076/6076 
f 6081/6081/6081 6076/6076/6076 6080/6080/6080 
f 6078/6078/6078 6082/6082/6082 6077/6077/6077 
f 6080/6080/6080 6077/6077/6077 6082/6082/6082 
f 6079/6079/6079 6083/6083/6083 6078/6078/6078 
f 6082/6082/6082 6078/6078/6078 6083/6083/6083 
f 6083/6083/6083 6079/6079/6079 6084/6084/6084 
f 6080/6080/6080 6085/6085/6085 6081/6081/6081 
f 6086/6086/6086 6081/6081/6081 6085/6085/6085 
f 6085/6085/6085 6087/6087/6087 6086/6086/6086 
f 6085/6085/6085 6080/6080/6080 6088/6088/6088 
f 6082/6082/6082 6088/6088/6088 6080/6080/6080 
f 6087/6087/6087 6085/6085/6085 6089/6089/6089 
f 6088/6088/6088 6089/6089/6089 6085/6085/6085 
f 6088/6088/6088 6082/6082/6082 6090/6090/6090 
f 6083/6083/6083 6090/6090/6090 6082/6082/6082 
f 6089/6089/6089 6088/6088/6088 6091/6091/6091 
f 6090/6090/6090 6091/6091/6091 6088/6088/6088 
f 6089/6089/6089 6092/6092/6092 6087/6087/6087 
f 6093/6093/6093 6087/6087/6087 6092/6092/6092 
f 6091/6091/6091 6094/6094/6094 6089/6089/6089 
f 6092/6092/6092 6089/6089/6089 6094/6094/6094 
f 6092/6092/6092 6095/6095/6095 6093/6093/6093 
f 6096/6096/6096 6093/6093/6093 6095/6095/6095 
f 6095/6095/6095 6097/6097/6097 6096/6096/6096 
f 6095/6095/6095 6092/6092/6092 6098/6098/6098 
f 6094/6094/6094 6098/6098/6098 6092/6092/6092 
f 6097/6097/6097 6095/6095/6095 6099/6099/6099 
f 6098/6098/6098 6099/6099/6099 6095/6095/6095 
f 6099/6099/6099 6100/6100/6100 6097/6097/6097 
f 6100/6100/6100 6099/6099/6099 6101/6101/6101 
f 6101/6101/6101 6102/6102/6102 6100/6100/6100 
f 6102/6102/6102 6101/6101/6101 6103/6103/6103 
f 6103/6103/6103 6104/6104/6104 6102/6102/6102 
f 6105/6105/6105 6103/6103/6103 6101/6101/6101 
f 6106/6106/6106 6101/6101/6101 6099/6099/6099 
f 6101/6101/6101 6106/6106/6106 6105/6105/6105 
f 6099/6099/6099 6098/6098/6098 6106/6106/6106 
f 6107/6107/6107 6105/6105/6105 6106/6106/6106 
f 6108/6108/6108 6106/6106/6106 6098/6098/6098 
f 6106/6106/6106 6108/6108/6108 6107/6107/6107 
f 6098/6098/6098 6094/6094/6094 6108/6108/6108 
f 6109/6109/6109 6107/6107/6107 6108/6108/6108 
f 6110/6110/6110 6108/6108/6108 6094/6094/6094 
f 6108/6108/6108 6110/6110/6110 6109/6109/6109 
f 6094/6094/6094 6091/6091/6091 6110/6110/6110 
f 6111/6111/6111 6109/6109/6109 6110/6110/6110 
f 6112/6112/6112 6110/6110/6110 6091/6091/6091 
f 6110/6110/6110 6112/6112/6112 6111/6111/6111 
f 6091/6091/6091 6090/6090/6090 6112/6112/6112 
f 6113/6113/6113 6111/6111/6111 6112/6112/6112 
f 6114/6114/6114 6112/6112/6112 6090/6090/6090 
f 6112/6112/6112 6114/6114/6114 6113/6113/6113 
f 6090/6090/6090 6083/6083/6083 6114/6114/6114 
f 6115/6115/6115 6113/6113/6113 6114/6114/6114 
f 6084/6084/6084 6114/6114/6114 6083/6083/6083 
f 6114/6114/6114 6084/6084/6084 6115/6115/6115 
f 6116/6116/6116 6117/6117/6117 6118/6118/6118 
f 6118/6118/6118 6119/6119/6119 6116/6116/6116 
f 6117/6117/6117 6116/6116/6116 6120/6120/6120 
f 6120/6120/6120 6121/6121/6121 6117/6117/6117 
f 6122/6122/6122 6116/6116/6116 6119/6119/6119 
f 6119/6119/6119 6123/6123/6123 6122/6122/6122 
f 6122/6122/6122 6123/6123/6123 6124/6124/6124 
f 6116/6116/6116 6122/6122/6122 6125/6125/6125 
f 6125/6125/6125 6120/6120/6120 6116/6116/6116 
f 6124/6124/6124 6126/6126/6126 6122/6122/6122 
f 6125/6125/6125 6122/6122/6122 6126/6126/6126 
f 6126/6126/6126 6124/6124/6124 6127/6127/6127 
f 6120/6120/6120 6125/6125/6125 6086/6086/6086 
f 6121/6121/6121 6120/6120/6120 6128/6128/6128 
f 6086/6086/6086 6128/6128/6128 6120/6120/6120 
f 6128/6128/6128 6129/6129/6129 6121/6121/6121 
f 6127/6127/6127 6130/6130/6130 6126/6126/6126 
f 6126/6126/6126 6131/6131/6131 6125/6125/6125 
f 6086/6086/6086 6125/6125/6125 6131/6131/6131 
f 6131/6131/6131 6126/6126/6126 6130/6130/6130 
f 6130/6130/6130 6127/6127/6127 6132/6132/6132 
f 6129/6129/6129 6128/6128/6128 6093/6093/6093 
f 6093/6093/6093 6096/6096/6096 6129/6129/6129 
f 6128/6128/6128 6086/6086/6086 6087/6087/6087 
f 6087/6087/6087 6093/6093/6093 6128/6128/6128 
f 6132/6132/6132 6133/6133/6133 6130/6130/6130 
f 6133/6133/6133 6132/6132/6132 6134/6134/6134 
f 6135/6135/6135 6130/6130/6130 6133/6133/6133 
f 6130/6130/6130 6135/6135/6135 6131/6131/6131 
f 6134/6134/6134 6136/6136/6136 6133/6133/6133 
f 6136/6136/6136 6134/6134/6134 6137/6137/6137 
f 6137/6137/6137 6138/6138/6138 6136/6136/6136 
f 6139/6139/6139 6133/6133/6133 6136/6136/6136 
f 6133/6133/6133 6139/6139/6139 6135/6135/6135 
f 6140/6140/6140 6136/6136/6136 6138/6138/6138 
f 6136/6136/6136 6140/6140/6140 6139/6139/6139 
f 6138/6138/6138 6069/6069/6069 6140/6140/6140 
f 6081/6081/6081 6131/6131/6131 6135/6135/6135 
f 6131/6131/6131 6081/6081/6081 6086/6086/6086 
f 6076/6076/6076 6135/6135/6135 6139/6139/6139 
f 6135/6135/6135 6076/6076/6076 6081/6081/6081 
f 6074/6074/6074 6139/6139/6139 6140/6140/6140 
f 6139/6139/6139 6074/6074/6074 6076/6076/6076 
f 6071/6071/6071 6140/6140/6140 6069/6069/6069 
f 6140/6140/6140 6071/6071/6071 6074/6074/6074 
f 6141/6141/6141 6142/6142/6142 6143/6143/6143 
f 6142/6142/6142 6141/6141/6141 6144/6144/6144 
f 6143/6143/6143 6145/6145/6145 6141/6141/6141 
f 6145/6145/6145 6143/6143/6143 6146/6146/6146 
f 6146/6146/6146 6147/6147/6147 6145/6145/6145 
f 6144/6144/6144 6148/6148/6148 6142/6142/6142 
f 6148/6148/6148 6144/6144/6144 6149/6149/6149 
f 6149/6149/6149 6150/6150/6150 6148/6148/6148 
f 6150/6150/6150 6149/6149/6149 6151/6151/6151 
f 6151/6151/6151 6152/6152/6152 6150/6150/6150 
f 6152/6152/6152 6151/6151/6151 6153/6153/6153 
f 6153/6153/6153 6154/6154/6154 6152/6152/6152 
f 6154/6154/6154 6153/6153/6153 6155/6155/6155 
f 6155/6155/6155 6156/6156/6156 6154/6154/6154 
f 6156/6156/6156 6155/6155/6155 6157/6157/6157 
f 6157/6157/6157 6158/6158/6158 6156/6156/6156 
f 6159/6159/6159 6158/6158/6158 6157/6157/6157 
f 6157/6157/6157 6160/6160/6160 6159/6159/6159 
f 6161/6161/6161 6159/6159/6159 6160/6160/6160 
f 6160/6160/6160 6162/6162/6162 6161/6161/6161 
f 6163/6163/6163 6164/6164/6164 6165/6165/6165 
f 6165/6165/6165 6166/6166/6166 6163/6163/6163 
f 6167/6167/6167 6165/6165/6165 6164/6164/6164 
f 6168/6168/6168 6163/6163/6163 6166/6166/6166 
f 6164/6164/6164 6169/6169/6169 6167/6167/6167 
f 6166/6166/6166 6170/6170/6170 6168/6168/6168 
f 6167/6167/6167 6169/6169/6169 6171/6171/6171 
f 6172/6172/6172 6168/6168/6168 6170/6170/6170 
f 6171/6171/6171 6173/6173/6173 6167/6167/6167 
f 6173/6173/6173 6171/6171/6171 6174/6174/6174 
f 6174/6174/6174 6175/6175/6175 6173/6173/6173 
f 6170/6170/6170 6176/6176/6176 6172/6172/6172 
f 6177/6177/6177 6172/6172/6172 6176/6176/6176 
f 6176/6176/6176 6178/6178/6178 6177/6177/6177 
f 6179/6179/6179 6177/6177/6177 6178/6178/6178 
f 6178/6178/6178 6180/6180/6180 6179/6179/6179 
f 6181/6181/6181 6182/6182/6182 6183/6183/6183 
f 6184/6184/6184 6183/6183/6183 6182/6182/6182 
f 6183/6183/6183 6185/6185/6185 6181/6181/6181 
f 6182/6182/6182 6186/6186/6186 6184/6184/6184 
f 6187/6187/6187 6181/6181/6181 6185/6185/6185 
f 6188/6188/6188 6184/6184/6184 6186/6186/6186 
f 6185/6185/6185 6189/6189/6189 6187/6187/6187 
f 6186/6186/6186 6190/6190/6190 6188/6188/6188 
f 6191/6191/6191 6188/6188/6188 6190/6190/6190 
f 6190/6190/6190 6192/6192/6192 6191/6191/6191 
f 6193/6193/6193 6187/6187/6187 6189/6189/6189 
f 6189/6189/6189 6194/6194/6194 6193/6193/6193 
f 6195/6195/6195 6193/6193/6193 6194/6194/6194 
f 6194/6194/6194 6196/6196/6196 6195/6195/6195 
f 6197/6197/6197 6195/6195/6195 6196/6196/6196 
f 6196/6196/6196 6198/6198/6198 6197/6197/6197 
f 6199/6199/6199 6200/6200/6200 6201/6201/6201 
f 6201/6201/6201 6202/6202/6202 6199/6199/6199 
f 6202/6202/6202 6201/6201/6201 6203/6203/6203 
f 6203/6203/6203 6204/6204/6204 6202/6202/6202 
f 6205/6205/6205 6203/6203/6203 6201/6201/6201 
f 6206/6206/6206 6201/6201/6201 6200/6200/6200 
f 6201/6201/6201 6206/6206/6206 6205/6205/6205 
f 6200/6200/6200 6207/6207/6207 6206/6206/6206 
f 6208/6208/6208 6205/6205/6205 6206/6206/6206 
f 6209/6209/6209 6206/6206/6206 6207/6207/6207 
f 6206/6206/6206 6209/6209/6209 6208/6208/6208 
f 6207/6207/6207 6210/6210/6210 6209/6209/6209 
f 6211/6211/6211 6208/6208/6208 6209/6209/6209 
f 6212/6212/6212 6209/6209/6209 6210/6210/6210 
f 6209/6209/6209 6212/6212/6212 6211/6211/6211 
f 6210/6210/6210 6213/6213/6213 6212/6212/6212 
f 6214/6214/6214 6211/6211/6211 6212/6212/6212 
f 6215/6215/6215 6212/6212/6212 6213/6213/6213 
f 6212/6212/6212 6215/6215/6215 6214/6214/6214 
f 6213/6213/6213 6216/6216/6216 6215/6215/6215 
f 6217/6217/6217 6214/6214/6214 6215/6215/6215 
f 6218/6218/6218 6215/6215/6215 6216/6216/6216 
f 6215/6215/6215 6218/6218/6218 6217/6217/6217 
f 6216/6216/6216 6219/6219/6219 6218/6218/6218 
f 6220/6220/6220 6217/6217/6217 6218/6218/6218 
f 6221/6221/6221 6218/6218/6218 6219/6219/6219 
f 6218/6218/6218 6221/6221/6221 6220/6220/6220 
f 6222/6222/6222 6220/6220/6220 6221/6221/6221 
f 6219/6219/6219 6223/6223/6223 6221/6221/6221 
f 6221/6221/6221 6224/6224/6224 6222/6222/6222 
f 6224/6224/6224 6221/6221/6221 6223/6223/6223 
f 6223/6223/6223 6225/6225/6225 6224/6224/6224 
f 6226/6226/6226 6227/6227/6227 6228/6228/6228 
f 6227/6227/6227 6226/6226/6226 6229/6229/6229 
f 6228/6228/6228 6230/6230/6230 6226/6226/6226 
f 6229/6229/6229 6231/6231/6231 6227/6227/6227 
f 6230/6230/6230 6228/6228/6228 6232/6232/6232 
f 6231/6231/6231 6229/6229/6229 6233/6233/6233 
f 6232/6232/6232 6234/6234/6234 6230/6230/6230 
f 6233/6233/6233 6235/6235/6235 6231/6231/6231 
f 6234/6234/6234 6232/6232/6232 6236/6236/6236 
f 6237/6237/6237 6235/6235/6235 6233/6233/6233 
f 6236/6236/6236 6238/6238/6238 6234/6234/6234 
f 6233/6233/6233 6239/6239/6239 6237/6237/6237 
f 6237/6237/6237 6239/6239/6239 6240/6240/6240 
f 6240/6240/6240 6241/6241/6241 6237/6237/6237 
f 6242/6242/6242 6238/6238/6238 6236/6236/6236 
f 6236/6236/6236 6243/6243/6243 6242/6242/6242 
f 6242/6242/6242 6243/6243/6243 6244/6244/6244 
f 6244/6244/6244 6245/6245/6245 6242/6242/6242 
f 6246/6246/6246 6245/6245/6245 6244/6244/6244 
f 6244/6244/6244 6247/6247/6247 6246/6246/6246 

